{"type": "FeatureCollection", "name": "pop_vvik_unproc_ext", "crs": {"type": "name", "properties": {"name": "urn:ogc:def:crs:OGC:1.3:CRS84"}}, "features": [{"type": "Feature", "properties": {"T": 0, "v": 0, "p": 0, "B": 9}, "geometry": {"type": "MultiPolygon", "coordinates": [[[[16.641601522395888, 57.75124608328031], [16.641642230544274, 57.75214395209834], [16.64332168480949, 57.75212217797409], [16.643280935060986, 57.75122430990803], [16.641601522395888, 57.75124608328031]]]]}}, {"type": "Feature", "properties": {"T": 0, "v": 0, "p": 0, "B": 24}, "geometry": {"type": "MultiPolygon", "coordinates": [[[[16.59924362632175, 57.781434716205425], [16.60092461400921, 57.781413495505], [16.600884870365206, 57.78051561279251], [16.599203924365614, 57.780536832759736], [16.59924362632175, 57.781434716205425]]]]}}, {"type": "Feature", "properties": {"T": 0, "v": 0, "p": 0, "B": 3}, "geometry": {"type": "MultiPolygon", "coordinates": [[[[16.699237423098378, 57.90501105424114], [16.6992375080621, 57.90501105310445], [16.700923952684917, 57.90498847945127], [16.700923951159584, 57.90498844717444], [16.7008815249016, 57.904090659532756], [16.699195122296025, 57.90411323240439], [16.699195037334423, 57.90411323354106], [16.699237423098378, 57.90501105424114]]]]}}, {"type": "Feature", "properties": {"T": 0, "v": 0, "p": 0, "B": 7}, "geometry": {"type": "MultiPolygon", "coordinates": [[[[16.639910161326743, 57.78810221738278], [16.639910161352333, 57.78810221794702], [16.641591286509925, 57.78808045828351], [16.6415505230701, 57.78718259456869], [16.639869486969296, 57.78720435286764], [16.639869439612017, 57.78720435348029], [16.639910161326743, 57.78810221738278]]]]}}, {"type": "Feature", "properties": {"T": 0, "v": 0, "p": 0, "B": 8}, "geometry": {"type": "MultiPolygon", "coordinates": [[[[16.512622791258078, 57.80136376398882], [16.512622793306498, 57.801363812930035], [16.5143046381321, 57.80134373805611], [16.514304636081402, 57.801343689114944], [16.51426701538468, 57.800445821254556], [16.51258521230549, 57.80046589543457], [16.512622791258078, 57.80136376398882]]]]}}, {"type": "Feature", "properties": {"T": 0, "v": 0, "p": 0, "B": 4}, "geometry": {"type": "MultiPolygon", "coordinates": [[[[16.631504222000174, 57.78821068557275], [16.63150432417528, 57.78821068425769], [16.633185497880348, 57.788189035547155], [16.63318549785486, 57.78818903498291], [16.633144942943478, 57.787291168080436], [16.631463708767246, 57.7873128173579], [16.631504222000174, 57.78821068557275]]]]}}, {"type": "Feature", "properties": {"T": 0, "v": 0, "p": 0, "B": 3}, "geometry": {"type": "MultiPolygon", "coordinates": [[[[16.448368453198576, 57.70958254664343], [16.448368508403455, 57.70958254601189], [16.45004608946497, 57.709563343028435], [16.450046088751836, 57.70956332519117], [16.450010190351737, 57.70866538705958], [16.44833265078706, 57.70868458938029], [16.448332595583548, 57.708684590011806], [16.448368453198576, 57.70958254664343]]]]}}, {"type": "Feature", "properties": {"T": 0, "v": 0, "p": 0, "B": 4}, "geometry": {"type": "MultiPolygon", "coordinates": [[[[16.624658477744184, 57.78560343331134], [16.624658478198725, 57.785603443428215], [16.624658541045925, 57.785603442622694], [16.626339499986216, 57.78558188656279], [16.626299119070744, 57.78468401567025], [16.624618138977116, 57.784705571790795], [16.624658477744184, 57.78560343331134]]]]}}, {"type": "Feature", "properties": {"T": 0, "v": 0, "p": 0, "B": 5}, "geometry": {"type": "MultiPolygon", "coordinates": [[[[16.427659408507523, 57.82301096648423], [16.42765941109621, 57.82301103196091], [16.42765949232338, 57.82301103104669], [16.42934232795728, 57.82299207936889], [16.429342325365543, 57.82299201389226], [16.42930678590588, 57.82209413142398], [16.427623992082736, 57.82211308244646], [16.427623910857584, 57.82211308336065], [16.427659408507523, 57.82301096648423]]]]}}, {"type": "Feature", "properties": {"T": 0, "v": 0, "p": 0, "B": 3}, "geometry": {"type": "MultiPolygon", "coordinates": [[[[16.648932670587044, 57.764626826171394], [16.65061269779395, 57.76460495245949], [16.65057174770645, 57.763707092692464], [16.650571747559084, 57.76370708946123], [16.648891798991052, 57.76372896193603], [16.6488917619861, 57.76372896241757], [16.648932670587044, 57.764626826171394]]]]}}, {"type": "Feature", "properties": {"T": 0, "v": 0, "p": 0, "B": 4}, "geometry": {"type": "MultiPolygon", "coordinates": [[[[16.537508664692314, 57.75345048042762], [16.537508666312988, 57.753450518592864], [16.537508678317852, 57.75345051844717], [16.539188266001094, 57.75343012431816], [16.53915009589879, 57.75253221108153], [16.537470549827376, 57.75255260450619], [16.53747053782281, 57.752552604651875], [16.537508664692314, 57.75345048042762]]]]}}, {"type": "Feature", "properties": {"T": 0, "v": 0, "p": 0, "B": 3}, "geometry": {"type": "MultiPolygon", "coordinates": [[[[16.521617762323785, 57.77520334157499], [16.52161776449053, 57.77520339308923], [16.521617886101687, 57.775203391629184], [16.523298524811334, 57.77518320299896], [16.5232985226422, 57.775183151484775], [16.52326071690619, 57.77428528620569], [16.52158011987034, 57.774305474138394], [16.521579998262197, 57.774305475598396], [16.521617762323785, 57.77520334157499]]]]}}, {"type": "Feature", "properties": {"T": 0, "v": 0, "p": 0, "B": 3}, "geometry": {"type": "MultiPolygon", "coordinates": [[[[16.61129261252821, 57.712105725445795], [16.611292612613276, 57.71210572736035], [16.611292685640397, 57.712105726430906], [16.612970237975745, 57.71208436477276], [16.612970237890586, 57.71208436285819], [16.612930302437682, 57.71118647746524], [16.61125279159303, 57.71120783838619], [16.61125271856772, 57.71120783931557], [16.61129261252821, 57.712105725445795]]]]}}, {"type": "Feature", "properties": {"T": 0, "v": 0, "p": 0, "B": 72}, "geometry": {"type": "MultiPolygon", "coordinates": [[[[16.6332851469438, 57.75315032993407], [16.63328514852174, 57.75315036491335], [16.634964656470405, 57.75312870131059], [16.634924112320288, 57.752230829638535], [16.63324464597521, 57.75225249249315], [16.6332851469438, 57.75315032993407]]]]}}, {"type": "Feature", "properties": {"T": 0, "v": 0, "p": 0, "B": 4}, "geometry": {"type": "MultiPolygon", "coordinates": [[[[16.415258781767477, 57.89322079715374], [16.41525887869277, 57.89322079607361], [16.416945125833692, 57.893201993218156], [16.41690979615426, 57.89230405062027], [16.416909796147383, 57.89230405044552], [16.415223494093734, 57.89232285373011], [16.415258781767477, 57.89322079715374]]]]}}, {"type": "Feature", "properties": {"T": 0, "v": 0, "p": 0, "B": 3}, "geometry": {"type": "MultiPolygon", "coordinates": [[[[16.680770202977182, 57.762411708949266], [16.680770253472627, 57.76241170827944], [16.682450100218286, 57.76238941377206], [16.68240836392235, 57.761491564980886], [16.680728558800556, 57.761513858718196], [16.680728508306366, 57.76151385938804], [16.680770202977182, 57.762411708949266]]]]}}, {"type": "Feature", "properties": {"T": 0, "v": 0, "p": 0, "B": 12}, "geometry": {"type": "MultiPolygon", "coordinates": [[[[16.616569701610757, 57.755161541534555], [16.61824931675416, 57.7551400990008], [16.618209183885824, 57.75424222017337], [16.616529633858967, 57.75426366166665], [16.616529610352927, 57.75426366196659], [16.616569701610757, 57.755161541534555]]]]}}, {"type": "Feature", "properties": {"T": 0, "v": 0, "p": 0, "B": 22}, "geometry": {"type": "MultiPolygon", "coordinates": [[[[16.600011104283634, 57.760762066541965], [16.600050795937676, 57.76165995245498], [16.60173072617058, 57.76163872736206], [16.601690992886766, 57.76074084218217], [16.600011104283634, 57.760762066541965]]]]}}, {"type": "Feature", "properties": {"T": 0, "v": 0, "p": 0, "B": 20}, "geometry": {"type": "MultiPolygon", "coordinates": [[[[16.662661861512184, 57.77073629893815], [16.66434229921942, 57.7707142399639], [16.664300998714335, 57.769816384066075], [16.662620718277125, 57.7698384407614], [16.66262060266016, 57.769838442278306], [16.662661861512184, 57.77073629893815]]]]}}, {"type": "Feature", "properties": {"T": 0, "v": 0, "p": 0, "B": 15}, "geometry": {"type": "MultiPolygon", "coordinates": [[[[16.39983810169045, 57.88710336839017], [16.40152417057958, 57.88708477040949], [16.401489233592027, 57.88618682081736], [16.399803319143054, 57.8862054169147], [16.399803206699495, 57.88620541815423], [16.39983810169045, 57.88710336839017]]]]}}, {"type": "Feature", "properties": {"T": 0, "v": 0, "p": 0, "B": 16}, "geometry": {"type": "MultiPolygon", "coordinates": [[[[16.644552565198413, 57.74222383309327], [16.64623155715349, 57.742202022749424], [16.646190750904044, 57.74130415457783], [16.64451180052152, 57.741325964168595], [16.644552565198413, 57.74222383309327]]]]}}, {"type": "Feature", "properties": {"T": 0, "v": 0, "p": 0, "B": 23}, "geometry": {"type": "MultiPolygon", "coordinates": [[[[16.39650104879419, 57.888038445536196], [16.39653586395393, 57.888936396774966], [16.398221881977527, 57.888917843795156], [16.398187024819293, 57.888019893198674], [16.39650104879419, 57.888038445536196]]]]}}, {"type": "Feature", "properties": {"T": 0, "v": 0, "p": 0, "B": 17}, "geometry": {"type": "MultiPolygon", "coordinates": [[[[16.667149859293794, 57.72216344836509], [16.668827903090143, 57.722141343391684], [16.668827900628393, 57.72214128991913], [16.66878656891337, 57.721243482608855], [16.667108566632507, 57.721265586819285], [16.667149859293794, 57.72216344836509]]]]}}, {"type": "Feature", "properties": {"T": 0, "v": 0, "p": 0, "B": 23}, "geometry": {"type": "MultiPolygon", "coordinates": [[[[16.605409198019284, 57.768779293991344], [16.60540920115241, 57.76877936460906], [16.60708959596904, 57.768758065087454], [16.607049718819816, 57.76786018327662], [16.605369365655594, 57.76788148206245], [16.605409198019284, 57.768779293991344]]]]}}, {"type": "Feature", "properties": {"T": 0, "v": 0, "p": 0, "B": 3}, "geometry": {"type": "MultiPolygon", "coordinates": [[[[16.630856299530514, 57.77384477659951], [16.630896776613266, 57.77474264700635], [16.63257742719452, 57.7747210081987], [16.632536908444987, 57.77382313853943], [16.630856299530514, 57.77384477659951]]]]}}, {"type": "Feature", "properties": {"T": 0, "v": 0, "p": 0, "B": 23}, "geometry": {"type": "MultiPolygon", "coordinates": [[[[16.589118753238065, 57.78066367768237], [16.590799713377855, 57.78064259140234], [16.590760222200572, 57.779744704157125], [16.589079303747337, 57.77976578970859], [16.589118753238065, 57.78066367768237]]]]}}, {"type": "Feature", "properties": {"T": 0, "v": 0, "p": 0, "B": 5}, "geometry": {"type": "MultiPolygon", "coordinates": [[[[16.69756947894574, 57.76218774988825], [16.69756955841373, 57.76218774882355], [16.699249351249176, 57.76216523210208], [16.69920719870306, 57.76126739105396], [16.697527447488703, 57.76128990699774], [16.697527368022683, 57.76128990806241], [16.69756947894574, 57.76218774988825]]]]}}, {"type": "Feature", "properties": {"T": 0, "v": 0, "p": 0, "B": 63}, "geometry": {"type": "MultiPolygon", "coordinates": [[[[16.61857046550712, 57.762323121231084], [16.618570465647412, 57.76232312436826], [16.620250411375462, 57.76230165364635], [16.62021021777596, 57.76140377672762], [16.618530381643865, 57.761425245839746], [16.618530313678, 57.76142524670791], [16.61857046550712, 57.762323121231084]]]]}}, {"type": "Feature", "properties": {"T": 0, "v": 0, "p": 0, "B": 3}, "geometry": {"type": "MultiPolygon", "coordinates": [[[[16.726490470702363, 57.69890762881321], [16.726490472763214, 57.698907672120825], [16.72816752789667, 57.69888478487688], [16.72816752583381, 57.6988847415693], [16.728124762812804, 57.69798694836164], [16.728124761705942, 57.69798694837674], [16.726447841923715, 57.69800983355015], [16.72644774912933, 57.69800983481591], [16.726490470702363, 57.69890762881321]]]]}}, {"type": "Feature", "properties": {"T": 0, "v": 0, "p": 0, "B": 4}, "geometry": {"type": "MultiPolygon", "coordinates": [[[[16.528226723082284, 57.77242875787226], [16.528226745417978, 57.772428757602924], [16.529907210793066, 57.772408482441776], [16.529907208210798, 57.7724084213746], [16.529869242971234, 57.77151056801429], [16.52818881926079, 57.77153084247495], [16.52818879692565, 57.77153084274428], [16.528226723082284, 57.77242875787226]]]]}}, {"type": "Feature", "properties": {"T": 0, "v": 0, "p": 0, "B": 81}, "geometry": {"type": "MultiPolygon", "coordinates": [[[[16.605608411764493, 57.77326872046173], [16.605608414191956, 57.773268775158186], [16.60728901730778, 57.773247471957134], [16.6072491282937, 57.77234959087445], [16.60556856684266, 57.772370893339556], [16.605608411764493, 57.77326872046173]]]]}}, {"type": "Feature", "properties": {"T": 0, "v": 0, "p": 0, "B": 4}, "geometry": {"type": "MultiPolygon", "coordinates": [[[[16.639950885516654, 57.789000082267435], [16.639950932876285, 57.78900008165475], [16.641632052376224, 57.78897832185198], [16.641591286509925, 57.78808045828351], [16.639910161352333, 57.78810221794702], [16.639950885516654, 57.789000082267435]]]]}}, {"type": "Feature", "properties": {"T": 0, "v": 0, "p": 0, "B": 9}, "geometry": {"type": "MultiPolygon", "coordinates": [[[[16.57774436495661, 57.78978957426664], [16.577783548185337, 57.790687463103886], [16.57946484479914, 57.79066652656455], [16.57942561974434, 57.789768635830775], [16.577744429688654, 57.78978957083953], [16.577744364842278, 57.78978957164659], [16.57774436495661, 57.78978957426664]]]]}}, {"type": "Feature", "properties": {"T": 0, "v": 0, "p": 0, "B": 30}, "geometry": {"type": "MultiPolygon", "coordinates": [[[[16.59420092629908, 57.78149824112165], [16.595881921068372, 57.78147708726684], [16.59588191991941, 57.78147706122855], [16.595842302481675, 57.780579202357146], [16.59416134940083, 57.780600355481056], [16.59420092629908, 57.78149824112165]]]]}}, {"type": "Feature", "properties": {"T": 0, "v": 0, "p": 0, "B": 12}, "geometry": {"type": "MultiPolygon", "coordinates": [[[[16.461572728792067, 57.82891322853736], [16.46157273054039, 57.82891327172198], [16.46157273104478, 57.828913271716154], [16.463255897307814, 57.82889386804159], [16.463219503837202, 57.82799593436397], [16.4615363794008, 57.828015337367546], [16.461536378896426, 57.82801533737336], [16.461572728792067, 57.82891322853736]]]]}}, {"type": "Feature", "properties": {"T": 0, "v": 0, "p": 0, "B": 3}, "geometry": {"type": "MultiPolygon", "coordinates": [[[[16.524941292413146, 57.77426502150293], [16.524941294718765, 57.77426507620149], [16.52494136669111, 57.774265075335485], [16.52662187027923, 57.77424484392205], [16.52662186797107, 57.774244789223545], [16.52658398128259, 57.77334692838216], [16.52490351936321, 57.77336715909664], [16.524903447392656, 57.7733671599626], [16.524941292413146, 57.77426502150293]]]]}}, {"type": "Feature", "properties": {"T": 0, "v": 0, "p": 0, "B": 3}, "geometry": {"type": "MultiPolygon", "coordinates": [[[[16.39657068119172, 57.88983434787255], [16.396570704410568, 57.88983434761722], [16.398256741216315, 57.889815794250474], [16.398221881977527, 57.888917843795156], [16.39653586395393, 57.888936396774966], [16.39657068119172, 57.88983434787255]]]]}}, {"type": "Feature", "properties": {"T": 0, "v": 0, "p": 0, "B": 8}, "geometry": {"type": "MultiPolygon", "coordinates": [[[[16.66841466768974, 57.71316263917766], [16.668414728423826, 57.71316263837729], [16.670092293983767, 57.71314051961359], [16.67005094286789, 57.71224265812355], [16.668373418797106, 57.712264776123895], [16.668373358064517, 57.71226477692425], [16.66841466768974, 57.71316263917766]]]]}}, {"type": "Feature", "properties": {"T": 0, "v": 0, "p": 0, "B": 11}, "geometry": {"type": "MultiPolygon", "coordinates": [[[[16.68907578074255, 57.90424821126432], [16.68911791437901, 57.90514603663778], [16.69080459818483, 57.905123594298196], [16.690762422524283, 57.904225769701725], [16.68907578074255, 57.90424821126432]]]]}}, {"type": "Feature", "properties": {"T": 0, "v": 0, "p": 0, "B": 6}, "geometry": {"type": "MultiPolygon", "coordinates": [[[[16.623892443349074, 57.76854385735403], [16.62389250616667, 57.768543856549044], [16.625572673376745, 57.76852231463487], [16.625572670204313, 57.76852224401786], [16.62553233809143, 57.76762444096788], [16.62385214971057, 57.76764598294285], [16.623892443349074, 57.76854385735403]]]]}}, {"type": "Feature", "properties": {"T": 0, "v": 0, "p": 0, "B": 4}, "geometry": {"type": "MultiPolygon", "coordinates": [[[[16.539188266001094, 57.75343012431816], [16.539188322453022, 57.75343012363233], [16.540867863419113, 57.75340970778648], [16.540867861794897, 57.75340966962128], [16.540829651704865, 57.752511795254954], [16.539150152349315, 57.75253221039571], [16.53915009589879, 57.75253221108153], [16.539188266001094, 57.75343012431816]]]]}}, {"type": "Feature", "properties": {"T": 0, "v": 0, "p": 0, "B": 8}, "geometry": {"type": "MultiPolygon", "coordinates": [[[[16.648523694058213, 57.75564818203841], [16.648523731054915, 57.75564818155703], [16.650203305037163, 57.7556263158803], [16.65020330387816, 57.755626290453876], [16.650162379152363, 57.75472845141614], [16.648482846778396, 57.75475031633771], [16.648482809782614, 57.7547503168191], [16.648523694058213, 57.75564818203841]]]]}}, {"type": "Feature", "properties": {"T": 0, "v": 0, "p": 0, "B": 11}, "geometry": {"type": "MultiPolygon", "coordinates": [[[[16.632617948355144, 57.77561887771181], [16.63429849961486, 57.77559721766649], [16.634257936788618, 57.7746993489017], [16.63257742719452, 57.7747210081987], [16.632617948355144, 57.77561887771181]]]]}}, {"type": "Feature", "properties": {"T": 0, "v": 0, "p": 0, "B": 10}, "geometry": {"type": "MultiPolygon", "coordinates": [[[[16.430586783431302, 57.72685365523939], [16.43058678529069, 57.72685370234887], [16.43058690556289, 57.726853700990205], [16.432265372235513, 57.72683472918057], [16.43226537037394, 57.72683468207114], [16.43222988958395, 57.72593676866347], [16.430551464458738, 57.72595573981815], [16.430551344189517, 57.72595574117674], [16.430586783431302, 57.72685365523939]]]]}}, {"type": "Feature", "properties": {"T": 0, "v": 0, "p": 0, "B": 3}, "geometry": {"type": "MultiPolygon", "coordinates": [[[[16.703687452465104, 57.71359129533914], [16.70368747712486, 57.7135912950073], [16.705365068141717, 57.713568708400466], [16.705322843446176, 57.71267086772035], [16.705322843236722, 57.7126708632666], [16.703645269048938, 57.7126934494258], [16.703687452465104, 57.71359129533914]]]]}}, {"type": "Feature", "properties": {"T": 0, "v": 0, "p": 0, "B": 12}, "geometry": {"type": "MultiPolygon", "coordinates": [[[[16.698191941060696, 57.70378258585474], [16.698191970865896, 57.70378258545488], [16.699869107999547, 57.70376007412005], [16.69986910671614, 57.70376004673253], [16.699827035064573, 57.70286222502428], [16.698149939392568, 57.70288473558235], [16.698149909588107, 57.70288473598222], [16.698191941060696, 57.70378258585474]]]]}}, {"type": "Feature", "properties": {"T": 0, "v": 0, "p": 0, "B": 12}, "geometry": {"type": "MultiPolygon", "coordinates": [[[[16.596611574878015, 57.75990655000975], [16.596611575437755, 57.75990656269975], [16.598291427132548, 57.75988538359666], [16.598251781828623, 57.75898749666034], [16.59657197175905, 57.75900867503192], [16.596611574878015, 57.75990655000975]]]]}}, {"type": "Feature", "properties": {"T": 0, "v": 0, "p": 0, "B": 23}, "geometry": {"type": "MultiPolygon", "coordinates": [[[[16.641805087349272, 57.75573542590642], [16.641845807604383, 57.75663329399245], [16.64352546990725, 57.756611516107874], [16.643484708039665, 57.755713648773984], [16.641805087349272, 57.75573542590642]]]]}}, {"type": "Feature", "properties": {"T": 0, "v": 0, "p": 0, "B": 5}, "geometry": {"type": "MultiPolygon", "coordinates": [[[[16.448619516163173, 57.71586823907612], [16.44861957137761, 57.71586823844441], [16.45029744298594, 57.71584903082078], [16.450261528990172, 57.714951077119096], [16.45026152893939, 57.714951075849314], [16.448583698845137, 57.71497028280995], [16.448583643632066, 57.71497028344164], [16.448619516163173, 57.71586823907612]]]]}}, {"type": "Feature", "properties": {"T": 0, "v": 0, "p": 0, "B": 5}, "geometry": {"type": "MultiPolygon", "coordinates": [[[[16.612210500400312, 57.77048979517729], [16.61225050963933, 57.77138767433909], [16.613930881355387, 57.77136628528166], [16.613890830460743, 57.77046840685877], [16.612210500400312, 57.77048979517729]]]]}}, {"type": "Feature", "properties": {"T": 0, "v": 0, "p": 0, "B": 24}, "geometry": {"type": "MultiPolygon", "coordinates": [[[[16.60728901730778, 57.773247471957134], [16.60732890869543, 57.77414535289418], [16.609009412529183, 57.774124028439914], [16.608969479477903, 57.77322614823957], [16.60728901730778, 57.773247471957134]]]]}}, {"type": "Feature", "properties": {"T": 0, "v": 0, "p": 0, "B": 8}, "geometry": {"type": "MultiPolygon", "coordinates": [[[[16.660610689231053, 57.76267752198186], [16.66229061607106, 57.762655493945154], [16.66224937930376, 57.76175763596363], [16.660569565227966, 57.761779662307184], [16.660569494091316, 57.76177966323949], [16.660610689231053, 57.76267752198186]]]]}}, {"type": "Feature", "properties": {"T": 0, "v": 0, "p": 0, "B": 3}, "geometry": {"type": "MultiPolygon", "coordinates": [[[[16.385717342431068, 57.78305047742165], [16.385717343550823, 57.783050506647], [16.385717466002394, 57.7830505053084], [16.387398569806326, 57.783032116865115], [16.38739856868521, 57.78303208763979], [16.38736412377017, 57.782134147052524], [16.38568306167175, 57.78215253486039], [16.38568293922322, 57.78215253619894], [16.385717342431068, 57.78305047742165]]]]}}, {"type": "Feature", "properties": {"T": 0, "v": 0, "p": 0, "B": 3}, "geometry": {"type": "MultiPolygon", "coordinates": [[[[16.502718084605878, 57.805973370226724], [16.502718085979094, 57.80597340324619], [16.502718089658824, 57.80597340320259], [16.504400152969712, 57.80595345872283], [16.504400151594968, 57.8059534257034], [16.504362769580908, 57.80505553848648], [16.50268074802986, 57.80507548227679], [16.50268074435022, 57.80507548232039], [16.502718084605878, 57.805973370226724]]]]}}, {"type": "Feature", "properties": {"T": 0, "v": 0, "p": 0, "B": 24}, "geometry": {"type": "MultiPolygon", "coordinates": [[[[16.620612265410276, 57.77038262911802], [16.62229272209193, 57.77036112767683], [16.622292719211213, 57.770361063428155], [16.622252465310535, 57.769463252814184], [16.620572050284473, 57.769484753512614], [16.620612265410276, 57.77038262911802]]]]}}, {"type": "Feature", "properties": {"T": 0, "v": 0, "p": 0, "B": 3}, "geometry": {"type": "MultiPolygon", "coordinates": [[[[16.717832514250787, 57.90565927580814], [16.71783251563935, 57.90565930490069], [16.717832535249496, 57.905659304635456], [16.719519059243755, 57.90563648310681], [16.71951905785383, 57.90563645401429], [16.719476166686846, 57.90473867198503], [16.71778968471164, 57.90476149272354], [16.717789665101986, 57.904761492988754], [16.717832514250787, 57.90565927580814]]]]}}, {"type": "Feature", "properties": {"T": 0, "v": 0, "p": 0, "B": 62}, "geometry": {"type": "MultiPolygon", "coordinates": [[[[16.606690927225916, 57.75977915065575], [16.60837076473433, 57.75975783798448], [16.60837076417047, 57.759757825294564], [16.608330869676326, 57.758859955453524], [16.60665107379196, 57.758881267388645], [16.606690927225916, 57.75977915065575]]]]}}, {"type": "Feature", "properties": {"T": 0, "v": 0, "p": 0, "B": 17}, "geometry": {"type": "MultiPolygon", "coordinates": [[[[16.39815216974144, 57.88712194246097], [16.398187024819293, 57.888019893198674], [16.399872998764113, 57.888001318484854], [16.39983810169045, 57.88710336839017], [16.39815216974144, 57.88712194246097]]]]}}, {"type": "Feature", "properties": {"T": 0, "v": 0, "p": 0, "B": 8}, "geometry": {"type": "MultiPolygon", "coordinates": [[[[16.7717136297918, 57.9031222785041], [16.771713631537207, 57.903122313963635], [16.77171368859502, 57.90312231316767], [16.77340000792965, 57.903098777567976], [16.77340000618259, 57.903098742108476], [16.77335577610746, 57.90220099184138], [16.771669441722647, 57.90222452742223], [16.7717136297918, 57.9031222785041]]]]}}, {"type": "Feature", "properties": {"T": 0, "v": 0, "p": 0, "B": 4}, "geometry": {"type": "MultiPolygon", "coordinates": [[[[16.675979829424882, 57.76786559001124], [16.675979832695575, 57.767865660626484], [16.677659987180284, 57.76784342762606], [16.677618360908784, 57.7669455774101], [16.675938248064654, 57.76696780964253], [16.675979829424882, 57.76786559001124]]]]}}, {"type": "Feature", "properties": {"T": 0, "v": 0, "p": 0, "B": 28}, "geometry": {"type": "MultiPolygon", "coordinates": [[[[16.652783897928828, 57.738523004062415], [16.652824863166234, 57.73942086965397], [16.65450371825461, 57.73939895035574], [16.65446271145306, 57.738501085521], [16.652783897928828, 57.738523004062415]]]]}}, {"type": "Feature", "properties": {"T": 0, "v": 0, "p": 0, "B": 23}, "geometry": {"type": "MultiPolygon", "coordinates": [[[[16.395267145649214, 57.899730366111235], [16.395267148134366, 57.899730430237604], [16.396953811491418, 57.89971189040679], [16.396918971383492, 57.89881394086193], [16.395232350058638, 57.8988324800508], [16.395267145649214, 57.899730366111235]]]]}}, {"type": "Feature", "properties": {"T": 0, "v": 0, "p": 0, "B": 16}, "geometry": {"type": "MultiPolygon", "coordinates": [[[[16.67394508294638, 57.72387060981971], [16.673945138543267, 57.72387060908474], [16.67562319993996, 57.72384841440622], [16.675623197762423, 57.723848367302196], [16.675581694767434, 57.72295055697752], [16.673903674888972, 57.72297275088992], [16.67390361929346, 57.72297275162489], [16.67394508294638, 57.72387060981971]]]]}}, {"type": "Feature", "properties": {"T": 0, "v": 0, "p": 0, "B": 3}, "geometry": {"type": "MultiPolygon", "coordinates": [[[[16.605641838803905, 57.81189894868374], [16.60564183913922, 57.81189895622775], [16.605641922703498, 57.81189895516971], [16.607324099849635, 57.811877645411], [16.60732409951397, 57.811877637867006], [16.607284150366283, 57.81097976985216], [16.605602014986264, 57.81100107887421], [16.60560193142406, 57.811001079932204], [16.605641838803905, 57.81189894868374]]]]}}, {"type": "Feature", "properties": {"T": 0, "v": 0, "p": 0, "B": 7}, "geometry": {"type": "MultiPolygon", "coordinates": [[[[16.59665118147225, 57.760804450222174], [16.598331074794732, 57.76078327038754], [16.598291427132548, 57.75988538359666], [16.596611575437755, 57.75990656269975], [16.59665118147225, 57.760804450222174]]]]}}, {"type": "Feature", "properties": {"T": 0, "v": 0, "p": 0, "B": 13}, "geometry": {"type": "MultiPolygon", "coordinates": [[[[16.526144123095513, 57.7230430324997], [16.5261441454008, 57.7230430322309], [16.527822322883612, 57.7230227955439], [16.527784479035546, 57.72212487319617], [16.526106320776766, 57.722145109453415], [16.526144123095513, 57.7230430324997]]]]}}, {"type": "Feature", "properties": {"T": 0, "v": 0, "p": 0, "B": 4}, "geometry": {"type": "MultiPolygon", "coordinates": [[[[16.652742935126646, 57.7376251383242], [16.654421707089195, 57.73760322053954], [16.654380705162815, 57.736705355411395], [16.652702006579943, 57.736727272024105], [16.652701974759484, 57.73672727243934], [16.652742935126646, 57.7376251383242]]]]}}, {"type": "Feature", "properties": {"T": 0, "v": 0, "p": 0, "B": 4}, "geometry": {"type": "MultiPolygon", "coordinates": [[[[16.570911103845734, 57.70991804871381], [16.570911104342454, 57.70991806018143], [16.570911218592528, 57.709918058763755], [16.572588799755586, 57.70989723133665], [16.572588799258344, 57.709897219869056], [16.572549867054448, 57.70899932611097], [16.57087232738174, 57.70902015281929], [16.57087221313449, 57.70902015423692], [16.570911103845734, 57.70991804871381]]]]}}, {"type": "Feature", "properties": {"T": 0, "v": 0, "p": 0, "B": 3}, "geometry": {"type": "MultiPolygon", "coordinates": [[[[16.620692702840408, 57.77217837989116], [16.62069281529475, 57.77217837845303], [16.62237324284067, 57.7721568769643], [16.622373240245185, 57.77215681908407], [16.622332981268574, 57.77125900239354], [16.620652482928858, 57.77128050457755], [16.620692702840408, 57.77217837989116]]]]}}, {"type": "Feature", "properties": {"T": 0, "v": 0, "p": 0, "B": 28}, "geometry": {"type": "MultiPolygon", "coordinates": [[[[16.602605460727393, 57.7813922542741], [16.604286305077796, 57.78137099076398], [16.604246478065523, 57.78047310952013], [16.60256567539916, 57.78049437229554], [16.602605460727393, 57.7813922542741]]]]}}, {"type": "Feature", "properties": {"T": 0, "v": 0, "p": 0, "B": 11}, "geometry": {"type": "MultiPolygon", "coordinates": [[[[16.524692394522987, 57.72845078833221], [16.5246925108211, 57.72845078693204], [16.526370984192578, 57.72843056775387], [16.52637098261094, 57.72843053019961], [16.52633316839159, 57.727532645571465], [16.52465462026973, 57.72755286545174], [16.524692394522987, 57.72845078833221]]]]}}, {"type": "Feature", "properties": {"T": 0, "v": 0, "p": 0, "B": 44}, "geometry": {"type": "MultiPolygon", "coordinates": [[[[16.64520512978582, 57.75658971596648], [16.646884787237607, 57.756567893568324], [16.646884786225748, 57.756567871326055], [16.646843942145676, 57.755670027741026], [16.64516432630596, 57.75569184938551], [16.64520512978582, 57.75658971596648]]]]}}, {"type": "Feature", "properties": {"T": 0, "v": 0, "p": 0, "B": 16}, "geometry": {"type": "MultiPolygon", "coordinates": [[[[16.61249061507284, 57.77677494624934], [16.61417123677459, 57.77675355275775], [16.614131171578578, 57.77585567520947], [16.612450591547297, 57.77587706796194], [16.61249061507284, 57.77677494624934]]]]}}, {"type": "Feature", "properties": {"T": 0, "v": 0, "p": 0, "B": 18}, "geometry": {"type": "MultiPolygon", "coordinates": [[[[16.651227725933285, 57.74123859053906], [16.651268656902623, 57.74213645644675], [16.65294777758835, 57.74211455531707], [16.652906805043827, 57.741216690165565], [16.651227725933285, 57.74123859053906]]]]}}, {"type": "Feature", "properties": {"T": 0, "v": 0, "p": 0, "B": 41}, "geometry": {"type": "MultiPolygon", "coordinates": [[[[16.64659892259941, 57.750282829700424], [16.646639753119395, 57.75118069640683], [16.64831929699249, 57.7511588544762], [16.648278424872025, 57.75026098852407], [16.64659892259941, 57.750282829700424]]]]}}, {"type": "Feature", "properties": {"T": 0, "v": 0, "p": 0, "B": 26}, "geometry": {"type": "MultiPolygon", "coordinates": [[[[16.597324848646217, 57.77606860562642], [16.599005450022158, 57.77604741334977], [16.599005448026674, 57.77604736820593], [16.598965762239548, 57.77514952903145], [16.597285246703066, 57.77517072001927], [16.597285202533364, 57.775170720575936], [16.597324848646217, 57.77606860562642]]]]}}, {"type": "Feature", "properties": {"T": 0, "v": 0, "p": 0, "B": 9}, "geometry": {"type": "MultiPolygon", "coordinates": [[[[16.626299119070744, 57.78468401567025], [16.627980235375478, 57.78466243548804], [16.627939815168755, 57.78376456519517], [16.626258847885136, 57.783786143254716], [16.626258740558644, 57.78378614463172], [16.626299119070744, 57.78468401567025]]]]}}, {"type": "Feature", "properties": {"T": 0, "v": 0, "p": 0, "B": 3}, "geometry": {"type": "MultiPolygon", "coordinates": [[[[16.68409745571018, 57.725532766236554], [16.684097457602967, 57.72553280697209], [16.684097502891774, 57.72553280636977], [16.68577564280498, 57.72551047664712], [16.68577564091031, 57.72551043591162], [16.68573388354948, 57.72461262412628], [16.68405578515846, 57.72463495307811], [16.68405573987077, 57.7246349536804], [16.68409745571018, 57.725532766236554]]]]}}, {"type": "Feature", "properties": {"T": 0, "v": 0, "p": 0, "B": 14}, "geometry": {"type": "MultiPolygon", "coordinates": [[[[16.656059433128977, 57.73668341614399], [16.65773829708415, 57.73666145282529], [16.657738296968574, 57.73666145029947], [16.657697214478745, 57.735763589066195], [16.65601851274874, 57.73578555004884], [16.656018392083343, 57.7357855516266], [16.656059433128977, 57.73668341614399]]]]}}, {"type": "Feature", "properties": {"T": 0, "v": 0, "p": 0, "B": 24}, "geometry": {"type": "MultiPolygon", "coordinates": [[[[16.576687291986538, 57.76554636414577], [16.576726412141056, 57.76644425310161], [16.578406583403563, 57.766423336084706], [16.578367421324675, 57.765525441435756], [16.576687291707024, 57.765546357730116], [16.576687291986538, 57.76554636414577]]]]}}, {"type": "Feature", "properties": {"T": 0, "v": 0, "p": 0, "B": 4}, "geometry": {"type": "MultiPolygon", "coordinates": [[[[16.65470879293596, 57.74388836209718], [16.654749814368117, 57.74478622605163], [16.65642891645838, 57.74476427996533], [16.65638785344747, 57.74386641676869], [16.65470879293596, 57.74388836209718]]]]}}, {"type": "Feature", "properties": {"T": 0, "v": 0, "p": 0, "B": 17}, "geometry": {"type": "MultiPolygon", "coordinates": [[[[16.646027546085058, 57.73771259065722], [16.647706466206127, 57.73769076003696], [16.64766563052124, 57.73679289188643], [16.645986751963612, 57.73681472175298], [16.646027546085058, 57.73771259065722]]]]}}, {"type": "Feature", "properties": {"T": 0, "v": 0, "p": 0, "B": 3}, "geometry": {"type": "MultiPolygon", "coordinates": [[[[16.45065670230515, 57.72482860899864], [16.450656704445365, 57.72482866247673], [16.450656804087203, 57.72482866133532], [16.45233518282348, 57.72480942376747], [16.45233518068079, 57.72480937028942], [16.452299205885094, 57.7239114708849], [16.450620868689693, 57.72393070778862], [16.450620769050325, 57.72393070893002], [16.45065670230515, 57.72482860899864]]]]}}, {"type": "Feature", "properties": {"T": 0, "v": 0, "p": 0, "B": 39}, "geometry": {"type": "MultiPolygon", "coordinates": [[[[16.612290521258952, 57.772285553355125], [16.61233053525936, 57.773183432225444], [16.614010990294076, 57.77316204169011], [16.613970934633098, 57.772264163558795], [16.612290521258952, 57.772285553355125]]]]}}, {"type": "Feature", "properties": {"T": 0, "v": 0, "p": 0, "B": 14}, "geometry": {"type": "MultiPolygon", "coordinates": [[[[16.61325033608304, 57.756102242497576], [16.61492999760627, 57.75608084373937], [16.614889945580575, 57.75518296357736], [16.61321032567072, 57.75520436159655], [16.61325033608304, 57.756102242497576]]]]}}, {"type": "Feature", "properties": {"T": 0, "v": 0, "p": 0, "B": 82}, "geometry": {"type": "MultiPolygon", "coordinates": [[[[16.636522550470485, 57.750413400456516], [16.638201928792025, 57.75039169459275], [16.63816130867931, 57.74949382398037], [16.636481971953547, 57.74951552909457], [16.636522550470485, 57.750413400456516]]]]}}, {"type": "Feature", "properties": {"T": 0, "v": 0, "p": 0, "B": 76}, "geometry": {"type": "MultiPolygon", "coordinates": [[[[16.641601522395888, 57.75124608328031], [16.643280935060986, 57.75122430990803], [16.643240187735692, 57.75032644169547], [16.641560816668246, 57.750348214315835], [16.641601522395888, 57.75124608328031]]]]}}, {"type": "Feature", "properties": {"T": 0, "v": 0, "p": 0, "B": 3}, "geometry": {"type": "MultiPolygon", "coordinates": [[[[16.384871367879395, 57.89265746706196], [16.384871495883186, 57.892657465666105], [16.386557707465478, 57.89263906666298], [16.38652313605411, 57.89174111215067], [16.3848369664818, 57.891759510516856], [16.384836838481203, 57.891759511912674], [16.384871367879395, 57.89265746706196]]]]}}, {"type": "Feature", "properties": {"T": 0, "v": 0, "p": 0, "B": 3}, "geometry": {"type": "MultiPolygon", "coordinates": [[[[16.59165083207113, 57.761765741141254], [16.591650832349117, 57.761765747462746], [16.59165088166315, 57.76176574684329], [16.593330774362737, 57.761744633686064], [16.593330774084457, 57.7617446273646], [16.593291249236607, 57.760846744848116], [16.59161139816655, 57.760867857276075], [16.59161134885374, 57.760867857895505], [16.59165083207113, 57.761765741141254]]]]}}, {"type": "Feature", "properties": {"T": 0, "v": 0, "p": 0, "B": 16}, "geometry": {"type": "MultiPolygon", "coordinates": [[[[16.391824667370663, 57.897971536603066], [16.391824695775348, 57.89797153629179], [16.39351111175284, 57.89795304435547], [16.39351110902449, 57.897952973860036], [16.393476359855708, 57.897055093245385], [16.391789957497593, 57.89707358485273], [16.391824667370663, 57.897971536603066]]]]}}, {"type": "Feature", "properties": {"T": 0, "v": 0, "p": 0, "B": 4}, "geometry": {"type": "MultiPolygon", "coordinates": [[[[16.65102310349198, 57.736749169032265], [16.65102322931774, 57.73674916739201], [16.652701974759484, 57.73672727243934], [16.65270197464426, 57.7367272699135], [16.652661016827143, 57.73582940640778], [16.65098218712001, 57.73585130224472], [16.65102310349198, 57.736749169032265]]]]}}, {"type": "Feature", "properties": {"T": 0, "v": 0, "p": 0, "B": 14}, "geometry": {"type": "MultiPolygon", "coordinates": [[[[16.390138081850814, 57.89799000798774], [16.390138204692725, 57.897990006643205], [16.391824667370663, 57.897971536603066], [16.391789957497593, 57.89707358485273], [16.39010341400544, 57.89709205559788], [16.390138081850814, 57.89799000798774]]]]}}, {"type": "Feature", "properties": {"T": 0, "v": 0, "p": 0, "B": 25}, "geometry": {"type": "MultiPolygon", "coordinates": [[[[16.617211487156602, 57.76952761712329], [16.617211490170526, 57.76952768455637], [16.618891771422494, 57.769506230168794], [16.618851600339145, 57.76860835367552], [16.617171360737252, 57.76862980732198], [16.617211487156602, 57.76952761712329]]]]}}, {"type": "Feature", "properties": {"T": 0, "v": 0, "p": 0, "B": 10}, "geometry": {"type": "MultiPolygon", "coordinates": [[[[16.640909849759876, 57.73598219549375], [16.640909850018495, 57.7359822012038], [16.64258855585523, 57.7359604406091], [16.64254784969425, 57.735062569906916], [16.640869185413198, 57.73508432975034], [16.640909849759876, 57.73598219549375]]]]}}, {"type": "Feature", "properties": {"T": 0, "v": 0, "p": 0, "B": 19}, "geometry": {"type": "MultiPolygon", "coordinates": [[[[16.61137085195506, 57.75163420934446], [16.61305030781477, 57.751612836534555], [16.613010309298133, 57.75071495490461], [16.611330923702393, 57.75073632661183], [16.611330895039636, 57.75073632697642], [16.61137085195506, 57.75163420934446]]]]}}, {"type": "Feature", "properties": {"T": 0, "v": 0, "p": 0, "B": 10}, "geometry": {"type": "MultiPolygon", "coordinates": [[[[16.386834356522506, 57.89982278746396], [16.38683439010953, 57.89982278709723], [16.388520891170486, 57.89980436109752], [16.388520888697343, 57.89980429697096], [16.388486261214865, 57.89890640835093], [16.38679976859648, 57.8989248340794], [16.386834356522506, 57.89982278746396]]]]}}, {"type": "Feature", "properties": {"T": 0, "v": 0, "p": 0, "B": 21}, "geometry": {"type": "MultiPolygon", "coordinates": [[[[16.632050867395403, 57.763048601457314], [16.632050875425026, 57.76304860135387], [16.633730835557508, 57.76302695188503], [16.633690306503343, 57.76212908107323], [16.632010379972215, 57.76215072989772], [16.632050867395403, 57.763048601457314]]]]}}, {"type": "Feature", "properties": {"T": 0, "v": 0, "p": 0, "B": 85}, "geometry": {"type": "MultiPolygon", "coordinates": [[[[16.636279115558903, 57.74502617009036], [16.637958244342833, 57.74500446872348], [16.63791763871956, 57.74410659723312], [16.63623855151659, 57.74412829785062], [16.636279115558903, 57.74502617009036]]]]}}, {"type": "Feature", "properties": {"T": 0, "v": 0, "p": 0, "B": 9}, "geometry": {"type": "MultiPolygon", "coordinates": [[[[16.57336592450541, 57.76648603165421], [16.573404964106707, 57.76738393150796], [16.573404967454124, 57.767384008495384], [16.573405081885394, 57.76738400707457], [16.575085323572615, 57.76736313357137], [16.575046238551202, 57.766465147851406], [16.573366038516458, 57.76648602063346], [16.573365924088026, 57.766486022054224], [16.57336592450541, 57.76648603165421]]]]}}, {"type": "Feature", "properties": {"T": 0, "v": 0, "p": 0, "B": 28}, "geometry": {"type": "MultiPolygon", "coordinates": [[[[16.61737203178185, 57.7731191920355], [16.61905247965888, 57.77309773468299], [16.619012299013942, 57.77219985877326], [16.61733189279689, 57.772221315384485], [16.61737203178185, 57.7731191920355]]]]}}, {"type": "Feature", "properties": {"T": 0, "v": 0, "p": 0, "B": 27}, "geometry": {"type": "MultiPolygon", "coordinates": [[[[16.60416683115131, 57.7786773465958], [16.60420665342343, 57.77957522813073], [16.605887412038363, 57.77955394381233], [16.605847548087358, 57.77865606301279], [16.60416683115131, 57.7786773465958]]]]}}, {"type": "Feature", "properties": {"T": 0, "v": 0, "p": 0, "B": 3}, "geometry": {"type": "MultiPolygon", "coordinates": [[[[16.670754248638342, 57.72750633884959], [16.670754250222696, 57.72750637321707], [16.67075435539317, 57.72750637182947], [16.672432676639136, 57.72748421737483], [16.67243267505319, 57.727484183007384], [16.67239124465849, 57.72658635900315], [16.670712964943213, 57.72660851269302], [16.670712859775342, 57.72660851408055], [16.670754248638342, 57.72750633884959]]]]}}, {"type": "Feature", "properties": {"T": 0, "v": 0, "p": 0, "B": 19}, "geometry": {"type": "MultiPolygon", "coordinates": [[[[16.39983810169045, 57.88710336839017], [16.399872998764113, 57.888001318484854], [16.401559109652354, 57.88798271986035], [16.40152417057958, 57.88708477040949], [16.39983810169045, 57.88710336839017]]]]}}, {"type": "Feature", "properties": {"T": 0, "v": 0, "p": 0, "B": 3}, "geometry": {"type": "MultiPolygon", "coordinates": [[[[16.378057685189034, 57.8909349185737], [16.378057685426043, 57.89093492476798], [16.37805777398383, 57.890934923806995], [16.37974394335578, 57.890916615232484], [16.37974394921716, 57.8909166151688], [16.37974394897986, 57.89091660897453], [16.37970954995599, 57.89001865783155], [16.379709544094755, 57.89001865789524], [16.378023416729302, 57.8900369658359], [16.37802332817372, 57.89003696679685], [16.378057685189034, 57.8909349185737]]]]}}, {"type": "Feature", "properties": {"T": 0, "v": 0, "p": 0, "B": 42}, "geometry": {"type": "MultiPolygon", "coordinates": [[[[16.594042632837166, 57.77790669768732], [16.595723460867525, 57.777885546755925], [16.595683851710806, 57.776987661264776], [16.595683851407944, 57.776987661268606], [16.594003159168615, 57.7770088102856], [16.594003065358994, 57.77700881146542], [16.594042632837166, 57.77790669768732]]]]}}, {"type": "Feature", "properties": {"T": 0, "v": 0, "p": 0, "B": 5}, "geometry": {"type": "MultiPolygon", "coordinates": [[[[16.536175513310788, 57.72202335509608], [16.536175525305246, 57.72202335495057], [16.537853658039708, 57.72200298545305], [16.537815567276446, 57.721105067168715], [16.53613746407326, 57.72112543610861], [16.536175513310788, 57.72202335509608]]]]}}, {"type": "Feature", "properties": {"T": 0, "v": 0, "p": 0, "B": 8}, "geometry": {"type": "MultiPolygon", "coordinates": [[[[16.60872993106011, 57.76783886397854], [16.61041014092566, 57.76781752241304], [16.6103701828564, 57.76691964193027], [16.608690092936037, 57.766940981764556], [16.608690014636963, 57.76694098275857], [16.60872993106011, 57.76783886397854]]]]}}, {"type": "Feature", "properties": {"T": 0, "v": 0, "p": 0, "B": 21}, "geometry": {"type": "MultiPolygon", "coordinates": [[[[16.645245935692564, 57.757487582400984], [16.645246022300793, 57.75748758127631], [16.646925634758894, 57.75746575924909], [16.64692563389184, 57.75746574019101], [16.646884787237607, 57.756567893568324], [16.64520512978582, 57.75658971596648], [16.645245935692564, 57.757487582400984]]]]}}, {"type": "Feature", "properties": {"T": 0, "v": 0, "p": 0, "B": 28}, "geometry": {"type": "MultiPolygon", "coordinates": [[[[16.599773003932004, 57.75537474800869], [16.60145264280841, 57.7553535280469], [16.601412926064285, 57.75445564184835], [16.599733328800347, 57.75447686107728], [16.599773003932004, 57.75537474800869]]]]}}, {"type": "Feature", "properties": {"T": 0, "v": 0, "p": 0, "B": 6}, "geometry": {"type": "MultiPolygon", "coordinates": [[[[16.689033649621468, 57.903350385743565], [16.68907578074255, 57.90424821126432], [16.690762422524283, 57.904225769701725], [16.690720249381624, 57.903327944957944], [16.689033649621468, 57.903350385743565]]]]}}, {"type": "Feature", "properties": {"T": 0, "v": 0, "p": 0, "B": 10}, "geometry": {"type": "MultiPolygon", "coordinates": [[[[16.412414676030174, 57.90672757843184], [16.41241468371449, 57.9067275783464], [16.414101515707948, 57.90670881106368], [16.414101514189465, 57.90670877241358], [16.414066238465466, 57.905810869111995], [16.412379440834748, 57.90582963583028], [16.412414676030174, 57.90672757843184]]]]}}, {"type": "Feature", "properties": {"T": 0, "v": 0, "p": 0, "B": 78}, "geometry": {"type": "MultiPolygon", "coordinates": [[[[16.602366782269865, 57.77600491507644], [16.602366784269538, 57.77600496022018], [16.604047378552877, 57.77598370111767], [16.60400756575872, 57.77508581900054], [16.602327013144553, 57.77510707736858], [16.602366782269865, 57.77600491507644]]]]}}, {"type": "Feature", "properties": {"T": 0, "v": 0, "p": 0, "B": 3}, "geometry": {"type": "MultiPolygon", "coordinates": [[[[16.44950782399188, 57.69609392292974], [16.44950782661242, 57.6960939885348], [16.449507926175414, 57.69609398739463], [16.45118497682158, 57.6960747710622], [16.451184974198007, 57.69607470545718], [16.45114906821478, 57.69517681361914], [16.449472059030683, 57.6951960292885], [16.449471959470152, 57.69519603042865], [16.44950782399188, 57.69609392292974]]]]}}, {"type": "Feature", "properties": {"T": 0, "v": 0, "p": 0, "B": 7}, "geometry": {"type": "MultiPolygon", "coordinates": [[[[16.548277705664912, 57.76949018483027], [16.548277708686648, 57.76949025544992], [16.548277710373217, 57.76949025542932], [16.549958044141754, 57.769469714863206], [16.549958041116746, 57.76946964424361], [16.54991958320422, 57.768571808468344], [16.548239291091154, 57.76859234832486], [16.54823928940463, 57.76859234834548], [16.548277705664912, 57.76949018483027]]]]}}, {"type": "Feature", "properties": {"T": 0, "v": 0, "p": 0, "B": 3}, "geometry": {"type": "MultiPolygon", "coordinates": [[[[16.566606188403643, 57.76567139774194], [16.566645058679917, 57.76656929101703], [16.56664513380766, 57.766569290088206], [16.56832524386977, 57.76654850760749], [16.56828633194779, 57.765650615050326], [16.56828633166976, 57.76565060863465], [16.566606263251792, 57.765671390397465], [16.566606188125917, 57.76567139132625], [16.566606188403643, 57.76567139774194]]]]}}, {"type": "Feature", "properties": {"T": 0, "v": 0, "p": 0, "B": 13}, "geometry": {"type": "MultiPolygon", "coordinates": [[[[16.406792508449453, 57.892416528241796], [16.406827586071593, 57.89331447490856], [16.408513801599366, 57.89329578442853], [16.40847868196725, 57.89239783840887], [16.406792508449453, 57.892416528241796]]]]}}, {"type": "Feature", "properties": {"T": 0, "v": 0, "p": 0, "B": 3}, "geometry": {"type": "MultiPolygon", "coordinates": [[[[16.669010575933278, 57.762567155582026], [16.66905198167641, 57.76346501031827], [16.66905199803827, 57.763465010102756], [16.67073193785577, 57.76344287020652], [16.670690490481444, 57.762545016187936], [16.66901059229256, 57.762567155319466], [16.669010575931104, 57.76256715553497], [16.669010575933278, 57.762567155582026]]]]}}, {"type": "Feature", "properties": {"T": 0, "v": 0, "p": 0, "B": 20}, "geometry": {"type": "MultiPolygon", "coordinates": [[[[16.608969479477903, 57.77322614823957], [16.609009412529183, 57.774124028439914], [16.610689913986814, 57.77410268171285], [16.610649939272097, 57.773204802249964], [16.608969479477903, 57.77322614823957]]]]}}, {"type": "Feature", "properties": {"T": 0, "v": 0, "p": 0, "B": 29}, "geometry": {"type": "MultiPolygon", "coordinates": [[[[16.60665107379196, 57.758881267388645], [16.608330869676326, 57.758859955453524], [16.608290976991217, 57.7579620727769], [16.606611222728425, 57.75798338397593], [16.60665107379196, 57.758881267388645]]]]}}, {"type": "Feature", "properties": {"T": 0, "v": 0, "p": 0, "B": 36}, "geometry": {"type": "MultiPolygon", "coordinates": [[[[16.610490064196377, 57.769613282941485], [16.610530029398227, 57.770511162987134], [16.612210500400312, 57.77048979517729], [16.612170493541687, 57.769591915869796], [16.610490064196377, 57.769613282941485]]]]}}, {"type": "Feature", "properties": {"T": 0, "v": 0, "p": 0, "B": 17}, "geometry": {"type": "MultiPolygon", "coordinates": [[[[16.408619176587095, 57.895989711415865], [16.41030551606715, 57.895970996611524], [16.41027034461165, 57.89507296188739], [16.408584047153113, 57.895091676043734], [16.408619176587095, 57.895989711415865]]]]}}, {"type": "Feature", "properties": {"T": 0, "v": 0, "p": 0, "B": 6}, "geometry": {"type": "MultiPolygon", "coordinates": [[[[16.694346743210463, 57.908669917315244], [16.694346744130474, 57.90866993685601], [16.69603358849289, 57.908647424242034], [16.6959912766646, 57.90774960257072], [16.69430447433566, 57.90777211440522], [16.694346743210463, 57.908669917315244]]]]}}, {"type": "Feature", "properties": {"T": 0, "v": 0, "p": 0, "B": 7}, "geometry": {"type": "MultiPolygon", "coordinates": [[[[16.683848113251866, 57.9007240856767], [16.683848213746828, 57.90072408434429], [16.68553459449892, 57.900701714367436], [16.685492557454076, 57.89980388670653], [16.683806118219206, 57.8998262572413], [16.683848113251866, 57.9007240856767]]]]}}, {"type": "Feature", "properties": {"T": 0, "v": 0, "p": 0, "B": 4}, "geometry": {"type": "MultiPolygon", "coordinates": [[[[16.694262207064575, 57.90687429180706], [16.695948967362543, 57.90685178075202], [16.695906660586513, 57.90595395878591], [16.694219942317012, 57.90597646906154], [16.694262207064575, 57.90687429180706]]]]}}, {"type": "Feature", "properties": {"T": 0, "v": 0, "p": 0, "B": 39}, "geometry": {"type": "MultiPolygon", "coordinates": [[[[16.628529183107307, 57.7595003425061], [16.630208989573266, 57.75947874044586], [16.63016855340683, 57.75858086755463], [16.62848878856235, 57.758602468868744], [16.628529183107307, 57.7595003425061]]]]}}, {"type": "Feature", "properties": {"T": 0, "v": 0, "p": 0, "B": 6}, "geometry": {"type": "MultiPolygon", "coordinates": [[[[16.3951975513287, 57.8979344592275], [16.39519755406035, 57.897934529722896], [16.396884133355517, 57.8979159911759], [16.396849297407314, 57.897018041348716], [16.39516276013933, 57.89703657925385], [16.3951975513287, 57.8979344592275]]]]}}, {"type": "Feature", "properties": {"T": 0, "v": 0, "p": 0, "B": 93}, "geometry": {"type": "MultiPolygon", "coordinates": [[[[16.64119457070377, 57.74226731385775], [16.641194574020012, 57.74226738704741], [16.642873570819766, 57.742245621192616], [16.642832847715628, 57.741347751515626], [16.641153892488834, 57.74136951661889], [16.64119457070377, 57.74226731385775]]]]}}, {"type": "Feature", "properties": {"T": 0, "v": 0, "p": 0, "B": 9}, "geometry": {"type": "MultiPolygon", "coordinates": [[[[16.614889945580575, 57.75518296357736], [16.61492999760627, 57.75608084373937], [16.61660979525306, 57.756059420956674], [16.616569701610757, 57.755161541534555], [16.614889945580575, 57.75518296357736]]]]}}, {"type": "Feature", "properties": {"T": 0, "v": 0, "p": 0, "B": 3}, "geometry": {"type": "MultiPolygon", "coordinates": [[[[16.420927581173146, 57.82308655521037], [16.420927583749638, 57.82308662068725], [16.420927625611803, 57.823086620218305], [16.422610509056756, 57.823067757375696], [16.42261050647722, 57.82306769189886], [16.42257513426095, 57.82216980681393], [16.420892292628423, 57.82218866900428], [16.4208922507673, 57.822188669473206], [16.420927581173146, 57.82308655521037]]]]}}, {"type": "Feature", "properties": {"T": 0, "v": 0, "p": 0, "B": 3}, "geometry": {"type": "MultiPolygon", "coordinates": [[[[16.518053651483186, 57.7303272941696], [16.518053728524766, 57.73032729324614], [16.519732194810057, 57.73030716281565], [16.519732193502264, 57.73030713163007], [16.519694540718394, 57.72940923813341], [16.51801603894149, 57.72942936879233], [16.518053651483186, 57.7303272941696]]]]}}, {"type": "Feature", "properties": {"T": 0, "v": 0, "p": 0, "B": 8}, "geometry": {"type": "MultiPolygon", "coordinates": [[[[16.591076217439657, 57.78692779805185], [16.59107622230087, 57.786927797990806], [16.592757328477358, 57.7869066861247], [16.59271777914324, 57.78600880062579], [16.59103670980581, 57.786029911823405], [16.591076217439657, 57.78692779805185]]]]}}, {"type": "Feature", "properties": {"T": 0, "v": 0, "p": 0, "B": 4}, "geometry": {"type": "MultiPolygon", "coordinates": [[[[16.670565339625064, 57.905391410186766], [16.6705653612323, 57.90539140990256], [16.672251911890466, 57.905369215923514], [16.672251910390816, 57.905369183646215], [16.672210198482023, 57.904471382823004], [16.670523689846213, 57.904493576033644], [16.67052366823952, 57.90449357631783], [16.670565339625064, 57.905391410186766]]]]}}, {"type": "Feature", "properties": {"T": 0, "v": 0, "p": 0, "B": 26}, "geometry": {"type": "MultiPolygon", "coordinates": [[[[16.61509022953299, 57.75967236292924], [16.615090347109003, 57.759672361430496], [16.616770193670927, 57.759650937186656], [16.61673009048877, 57.758753058347935], [16.615050167977323, 57.75877448335049], [16.61509022953299, 57.75967236292924]]]]}}, {"type": "Feature", "properties": {"T": 0, "v": 0, "p": 0, "B": 3}, "geometry": {"type": "MultiPolygon", "coordinates": [[[[16.5036149544934, 57.827523505859126], [16.503614956424528, 57.82752355222731], [16.503614960106454, 57.82752355218366], [16.50529802640349, 57.827503591147185], [16.505298024470203, 57.82750354477905], [16.50526058952875, 57.82660567435255], [16.50357756505123, 57.826625634698786], [16.5035775613694, 57.82662563474241], [16.5036149544934, 57.827523505859126]]]]}}, {"type": "Feature", "properties": {"T": 0, "v": 0, "p": 0, "B": 42}, "geometry": {"type": "MultiPolygon", "coordinates": [[[[16.5924409997055, 57.779723598065175], [16.592480532565705, 57.78062148458111], [16.59416134940083, 57.780600355481056], [16.594121774857893, 57.77970246969517], [16.5924409997055, 57.779723598065175]]]]}}, {"type": "Feature", "properties": {"T": 0, "v": 0, "p": 0, "B": 16}, "geometry": {"type": "MultiPolygon", "coordinates": [[[[16.636969073467487, 57.760289975782506], [16.636969076336232, 57.76028997574543], [16.63864890950565, 57.76026826167095], [16.638608262810315, 57.7593703926682], [16.636928468395112, 57.75939210602978], [16.636969073467487, 57.760289975782506]]]]}}, {"type": "Feature", "properties": {"T": 0, "v": 0, "p": 0, "B": 12}, "geometry": {"type": "MultiPolygon", "coordinates": [[[[16.64754313803028, 57.73409928655549], [16.64922175106589, 57.73407743851131], [16.649180883539525, 57.7331795705288], [16.64750234902767, 57.73320141733775], [16.647502312053863, 57.73320141781874], [16.64754313803028, 57.73409928655549]]]]}}, {"type": "Feature", "properties": {"T": 0, "v": 0, "p": 0, "B": 13}, "geometry": {"type": "MultiPolygon", "coordinates": [[[[16.52263671481998, 57.719491742753085], [16.522636786683655, 57.719491741888916], [16.524314752994783, 57.719471553049786], [16.524314750076957, 57.719471483651475], [16.524277001183556, 57.718573628729814], [16.522599076390474, 57.718593816872065], [16.522599004528576, 57.7185938177362], [16.52263671481998, 57.719491742753085]]]]}}, {"type": "Feature", "properties": {"T": 0, "v": 0, "p": 0, "B": 102}, "geometry": {"type": "MultiPolygon", "coordinates": [[[[16.644960345302977, 57.751202514283506], [16.646639753119395, 57.75118069640683], [16.64659892259941, 57.750282829700424], [16.644919556380238, 57.75030464682364], [16.644960345302977, 57.751202514283506]]]]}}, {"type": "Feature", "properties": {"T": 0, "v": 0, "p": 0, "B": 5}, "geometry": {"type": "MultiPolygon", "coordinates": [[[[16.711128721282034, 57.90664816100282], [16.711128722513852, 57.90664818691142], [16.71112884175118, 57.90664818530506], [16.71281545743725, 57.90662545199041], [16.712815456204225, 57.906625426081824], [16.712772730412382, 57.905727637860466], [16.711086037515344, 57.905750371994344], [16.711128721282034, 57.90664816100282]]]]}}, {"type": "Feature", "properties": {"T": 0, "v": 0, "p": 0, "B": 6}, "geometry": {"type": "MultiPolygon", "coordinates": [[[[16.646021711181668, 57.774547058267096], [16.64602171338057, 57.77454710659405], [16.646021800029597, 57.774547105468656], [16.647702203597273, 57.77452526911448], [16.64770220139613, 57.77452522078757], [16.647661309879776, 57.77362740621745], [16.64598086132461, 57.773649242942604], [16.646021711181668, 57.774547058267096]]]]}}, {"type": "Feature", "properties": {"T": 0, "v": 0, "p": 0, "B": 7}, "geometry": {"type": "MultiPolygon", "coordinates": [[[[16.688991521015552, 57.90245256007558], [16.689033649621468, 57.903350385743565], [16.690720249381624, 57.903327944957944], [16.69067807875664, 57.902430120066896], [16.688991521015552, 57.90245256007558]]]]}}, {"type": "Feature", "properties": {"T": 0, "v": 0, "p": 0, "B": 3}, "geometry": {"type": "MultiPolygon", "coordinates": [[[[16.620652482928858, 57.77128050457755], [16.622332981268574, 57.77125900239354], [16.62233297853047, 57.77125894132908], [16.62229272209193, 57.77036112767683], [16.620612265410276, 57.77038262911802], [16.620652482928858, 57.77128050457755]]]]}}, {"type": "Feature", "properties": {"T": 0, "v": 0, "p": 0, "B": 7}, "geometry": {"type": "MultiPolygon", "coordinates": [[[[16.399524121728795, 57.879021811182646], [16.40120981273864, 57.87900321899498], [16.40120981088787, 57.879003171402374], [16.401174894510255, 57.8781052681315], [16.399489245474484, 57.878123859675654], [16.399524121728795, 57.879021811182646]]]]}}, {"type": "Feature", "properties": {"T": 0, "v": 0, "p": 0, "B": 3}, "geometry": {"type": "MultiPolygon", "coordinates": [[[[16.569176625691096, 57.82493272973919], [16.56917670094012, 57.82493272880829], [16.570859523201307, 57.824911899587], [16.570859520906964, 57.824911846851734], [16.57082046012165, 57.82401401002498], [16.569137679665875, 57.82403483852605], [16.56913760441872, 57.8240348394569], [16.569176625691096, 57.82493272973919]]]]}}, {"type": "Feature", "properties": {"T": 0, "v": 0, "p": 0, "B": 3}, "geometry": {"type": "MultiPolygon", "coordinates": [[[[16.568948156677497, 57.780914932029525], [16.568948157945176, 57.78091496125247], [16.56894827758284, 57.78091495977156], [16.570629146097748, 57.78089414235373], [16.57062914482871, 57.780894113130834], [16.570590155144394, 57.77999624641698], [16.56890932831539, 57.78001706311551], [16.568909208680694, 57.780017064596365], [16.568948156677497, 57.780914932029525]]]]}}, {"type": "Feature", "properties": {"T": 0, "v": 0, "p": 0, "B": 24}, "geometry": {"type": "MultiPolygon", "coordinates": [[[[16.39698865367946, 57.90060983981053], [16.396988676905252, 57.90060983955508], [16.398675217915617, 57.900591278478394], [16.39864033369651, 57.89969332971734], [16.396953811491418, 57.89971189040679], [16.39698865367946, 57.90060983981053]]]]}}, {"type": "Feature", "properties": {"T": 0, "v": 0, "p": 0, "B": 3}, "geometry": {"type": "MultiPolygon", "coordinates": [[[[16.77381608515868, 57.80875961346341], [16.7738161814104, 57.808759612116944], [16.775498192574364, 57.808736071268314], [16.77549819204715, 57.808736060541], [16.77545406981375, 57.807838273121206], [16.773772100395856, 57.80786181315614], [16.773772004146522, 57.80786181450256], [16.77381608515868, 57.80875961346341]]]]}}, {"type": "Feature", "properties": {"T": 0, "v": 0, "p": 0, "B": 8}, "geometry": {"type": "MultiPolygon", "coordinates": [[[[16.63484302924246, 57.750435041323776], [16.634843031253034, 57.75043508585568], [16.636522550470485, 57.750413400456516], [16.636481971953547, 57.74951552909457], [16.634802591242607, 57.74953721249428], [16.634802494335506, 57.74953721374487], [16.63484302924246, 57.750435041323776]]]]}}, {"type": "Feature", "properties": {"T": 0, "v": 0, "p": 0, "B": 106}, "geometry": {"type": "MultiPolygon", "coordinates": [[[[16.653070709838865, 57.74480814989151], [16.653111692128697, 57.74570601445633], [16.654790838239375, 57.74568408985939], [16.654749814368117, 57.74478622605163], [16.653070709838865, 57.74480814989151]]]]}}, {"type": "Feature", "properties": {"T": 0, "v": 0, "p": 0, "B": 15}, "geometry": {"type": "MultiPolygon", "coordinates": [[[[16.654626757388133, 57.74209263374813], [16.6546677739427, 57.742990497996026], [16.656346792877923, 57.74296855342529], [16.656305734749537, 57.74207068993512], [16.654626757388133, 57.74209263374813]]]]}}, {"type": "Feature", "properties": {"T": 0, "v": 0, "p": 0, "B": 3}, "geometry": {"type": "MultiPolygon", "coordinates": [[[[16.57969025854519, 57.71879273473317], [16.579690261568917, 57.7187928041297], [16.579690321133743, 57.718792803386556], [16.581368222088216, 57.71877185867792], [16.581368219061282, 57.71877178928145], [16.581329058676594, 57.71787395850916], [16.57965119923407, 57.717894902494834], [16.57965113967072, 57.717894903237955], [16.57969025854519, 57.71879273473317]]]]}}, {"type": "Feature", "properties": {"T": 0, "v": 0, "p": 0, "B": 13}, "geometry": {"type": "MultiPolygon", "coordinates": [[[[16.646109141603603, 57.73950832802615], [16.646109272596515, 57.73950832632371], [16.64778814485896, 57.73948649589833], [16.647747304318635, 57.738588628040915], [16.646068342631654, 57.73861045941495], [16.646109141603603, 57.73950832802615]]]]}}, {"type": "Feature", "properties": {"T": 0, "v": 0, "p": 0, "B": 12}, "geometry": {"type": "MultiPolygon", "coordinates": [[[[16.69240670755752, 57.90330548364012], [16.692448922718082, 57.9042033076062], [16.694135420391607, 57.904180823128364], [16.694093163213346, 57.90328299994073], [16.69240670755752, 57.90330548364012]]]]}}, {"type": "Feature", "properties": {"T": 0, "v": 0, "p": 0, "B": 4}, "geometry": {"type": "MultiPolygon", "coordinates": [[[[16.497708950293386, 57.80693099764721], [16.49770895153008, 57.80693102748235], [16.497708960377157, 57.806931027377864], [16.499391066947997, 57.806911149182916], [16.49939106570992, 57.80691111934779], [16.499353806623986, 57.806013227023826], [16.497671741815896, 57.80603310453161], [16.497671732969035, 57.80603310463609], [16.497708950293386, 57.80693099764721]]]]}}, {"type": "Feature", "properties": {"T": 0, "v": 0, "p": 0, "B": 8}, "geometry": {"type": "MultiPolygon", "coordinates": [[[[16.394814931054594, 57.88805696127673], [16.394814931664406, 57.88805697702445], [16.39650104879419, 57.888038445536196], [16.396466235712325, 57.88714049415629], [16.39478027820792, 57.88715902371105], [16.39478016058216, 57.88715902500304], [16.394814931054594, 57.88805696127673]]]]}}, {"type": "Feature", "properties": {"T": 0, "v": 0, "p": 0, "B": 14}, "geometry": {"type": "MultiPolygon", "coordinates": [[[[16.40194357787738, 57.89786017377874], [16.401943580622227, 57.8978602442739], [16.403630012518466, 57.89784161771362], [16.40359500847366, 57.89694367046145], [16.401908618600444, 57.89696229637683], [16.40194357787738, 57.89786017377874]]]]}}, {"type": "Feature", "properties": {"T": 0, "v": 0, "p": 0, "B": 3}, "geometry": {"type": "MultiPolygon", "coordinates": [[[[16.51426701538468, 57.800445821254556], [16.51426705323666, 57.8004458208025], [16.51594881622373, 57.800425724776574], [16.515948814037312, 57.80042567265105], [16.515911153972816, 57.79952780852601], [16.514229394877507, 57.79954790430937], [16.51426701538468, 57.800445821254556]]]]}}, {"type": "Feature", "properties": {"T": 0, "v": 0, "p": 0, "B": 16}, "geometry": {"type": "MultiPolygon", "coordinates": [[[[16.408829976162732, 57.90137738202006], [16.408830033659076, 57.90137738138232], [16.410516567799327, 57.90135866332743], [16.410481387260344, 57.90046071922829], [16.408794837656103, 57.90047943727282], [16.408829976162732, 57.90137738202006]]]]}}, {"type": "Feature", "properties": {"T": 0, "v": 0, "p": 0, "B": 21}, "geometry": {"type": "MultiPolygon", "coordinates": [[[[16.51965688886473, 57.728511313307294], [16.52133548526302, 57.728491159444474], [16.521297794098903, 57.727593235170275], [16.519619239248897, 57.72761338833733], [16.51965688886473, 57.728511313307294]]]]}}, {"type": "Feature", "properties": {"T": 0, "v": 0, "p": 0, "B": 26}, "geometry": {"type": "MultiPolygon", "coordinates": [[[[16.631180183644975, 57.78102773576241], [16.63286112596302, 57.78100609172076], [16.632820590331647, 57.7801082230847], [16.63113968969772, 57.78012986637851], [16.631180183644975, 57.78102773576241]]]]}}, {"type": "Feature", "properties": {"T": 0, "v": 0, "p": 0, "B": 3}, "geometry": {"type": "MultiPolygon", "coordinates": [[[[16.416856994792127, 57.80516507548973], [16.41685699633658, 57.80516511487946], [16.416857087858375, 57.805165113856866], [16.4185392260787, 57.805146307696184], [16.41853922875035, 57.8051463076663], [16.418539227204064, 57.805146268276594], [16.41850397960246, 57.80424835296653], [16.418503976930875, 57.804248352996424], [16.416821880475737, 57.804267158506995], [16.41682178895622, 57.804267159529566], [16.416856994792127, 57.80516507548973]]]]}}, {"type": "Feature", "properties": {"T": 0, "v": 0, "p": 0, "B": 4}, "geometry": {"type": "MultiPolygon", "coordinates": [[[[16.511015890985234, 57.80317966053186], [16.51101589276533, 57.80317970310434], [16.511015980295724, 57.803179702061286], [16.512697955368633, 57.80315964756954], [16.51269796202255, 57.80315964749016], [16.512697960240477, 57.8031596049177], [16.51266037654546, 57.80226173028189], [16.51097834904324, 57.80228178520284], [16.511015890985234, 57.80317966053186]]]]}}, {"type": "Feature", "properties": {"T": 0, "v": 0, "p": 0, "B": 4}, "geometry": {"type": "MultiPolygon", "coordinates": [[[[16.591827313484828, 57.80398769856536], [16.591827318348333, 57.803987698504294], [16.59350921730311, 57.80396657277026], [16.593509215706646, 57.803966536567934], [16.593469623205777, 57.80306869003174], [16.591787765998287, 57.80308981503558], [16.5917877611349, 57.803089815096634], [16.591827313484828, 57.80398769856536]]]]}}, {"type": "Feature", "properties": {"T": 0, "v": 0, "p": 0, "B": 8}, "geometry": {"type": "MultiPolygon", "coordinates": [[[[16.423353866947124, 57.84192468642578], [16.423353953389437, 57.841924685456085], [16.425037668801007, 57.841905787073095], [16.42500220783842, 57.841007840142005], [16.42331853429031, 57.84102673787131], [16.423318447850146, 57.841026738840945], [16.423353866947124, 57.84192468642578]]]]}}, {"type": "Feature", "properties": {"T": 0, "v": 0, "p": 0, "B": 5}, "geometry": {"type": "MultiPolygon", "coordinates": [[[[16.632536908444987, 57.77382313853943], [16.634217376375943, 57.773801479990674], [16.63421737404903, 57.773801428479224], [16.63417681837664, 57.7729036109335], [16.632496392106354, 57.77292526873399], [16.632536908444987, 57.77382313853943]]]]}}, {"type": "Feature", "properties": {"T": 0, "v": 0, "p": 0, "B": 5}, "geometry": {"type": "MultiPolygon", "coordinates": [[[[16.543045097591147, 57.765062111146555], [16.543083382651822, 57.76596001772091], [16.543083389499515, 57.765960017637525], [16.544763558343565, 57.76593954677673], [16.544725231636853, 57.76504164090953], [16.544725231498926, 57.76504163767812], [16.543045104300894, 57.76506210783177], [16.543045097453373, 57.765062107915135], [16.543045097591147, 57.765062111146555]]]]}}, {"type": "Feature", "properties": {"T": 0, "v": 0, "p": 0, "B": 3}, "geometry": {"type": "MultiPolygon", "coordinates": [[[[16.578730065921214, 57.85086704244997], [16.578730068116748, 57.85086709261189], [16.578730088506617, 57.85086709235824], [16.580414167434895, 57.8508461298544], [16.58041416523702, 57.850846079692516], [16.58037482737599, 57.849948248108504], [16.57869079032576, 57.84996920988718], [16.578690769936394, 57.849969210140834], [16.578730065921214, 57.85086704244997]]]]}}, {"type": "Feature", "properties": {"T": 0, "v": 0, "p": 0, "B": 3}, "geometry": {"type": "MultiPolygon", "coordinates": [[[[16.469952118792783, 57.82791805112027], [16.469952120680713, 57.82791809748915], [16.46995220509505, 57.827918096510984], [16.47163523475371, 57.8278985828637], [16.471635232863616, 57.82789853649487], [16.471598634330167, 57.82700065241007], [16.469915562080438, 57.827020166360654], [16.469952118792783, 57.82791805112027]]]]}}, {"type": "Feature", "properties": {"T": 0, "v": 0, "p": 0, "B": 3}, "geometry": {"type": "MultiPolygon", "coordinates": [[[[16.400882255834116, 57.78378216992987], [16.400882362794903, 57.78378216874781], [16.40256350525501, 57.783763578909486], [16.402563504245112, 57.7837635528689], [16.402528681797467, 57.78286561499199], [16.400847581044204, 57.78288420418791], [16.40084747408607, 57.7828842053699], [16.400882255834116, 57.78378216992987]]]]}}, {"type": "Feature", "properties": {"T": 0, "v": 0, "p": 0, "B": 3}, "geometry": {"type": "MultiPolygon", "coordinates": [[[[16.413572574640323, 57.89323957715757], [16.413572626943747, 57.893239576575404], [16.415258781767477, 57.89322079715374], [16.415223494093734, 57.89232285373011], [16.41353732897586, 57.8923416330838], [16.413572574640323, 57.89323957715757]]]]}}, {"type": "Feature", "properties": {"T": 0, "v": 0, "p": 0, "B": 8}, "geometry": {"type": "MultiPolygon", "coordinates": [[[[16.4016639393837, 57.89067656736541], [16.40166395742357, 57.890676567166295], [16.403350035161697, 57.890657945963504], [16.403315047829253, 57.88975999758104], [16.40162899405424, 57.88977861833831], [16.4016639393837, 57.89067656736541]]]]}}, {"type": "Feature", "properties": {"T": 0, "v": 0, "p": 0, "B": 3}, "geometry": {"type": "MultiPolygon", "coordinates": [[[[16.383461139496845, 57.89985951042467], [16.383461141960986, 57.899859574551364], [16.383461225359685, 57.89985957364296], [16.385147680736594, 57.89984119296034], [16.385113134843788, 57.898943238938486], [16.383426721494732, 57.89896161898471], [16.38342663809811, 57.898961619893086], [16.383461139496845, 57.89985951042467]]]]}}, {"type": "Feature", "properties": {"T": 0, "v": 0, "p": 0, "B": 13}, "geometry": {"type": "MultiPolygon", "coordinates": [[[[16.627737750215967, 57.779275211539925], [16.62777815839641, 57.78017308256307], [16.629458925250677, 57.78015148560949], [16.629418475391635, 57.779253615332514], [16.627737750215967, 57.779275211539925]]]]}}, {"type": "Feature", "properties": {"T": 0, "v": 0, "p": 0, "B": 3}, "geometry": {"type": "MultiPolygon", "coordinates": [[[[16.64036943357801, 57.76114438708357], [16.640369433864493, 57.7611443934049], [16.64036952564204, 57.76114439221671], [16.64204944292156, 57.76112263225613], [16.642049445213104, 57.76112263222644], [16.642049444926325, 57.7611226259051], [16.64200871284627, 57.76022476487244], [16.640328743126126, 57.76024652529928], [16.64036943357801, 57.76114438708357]]]]}}, {"type": "Feature", "properties": {"T": 0, "v": 0, "p": 0, "B": 30}, "geometry": {"type": "MultiPolygon", "coordinates": [[[[16.654626757388133, 57.74209263374813], [16.656305734749537, 57.74207068993512], [16.65626467906211, 57.74117282629823], [16.65458574327206, 57.741194769353555], [16.654626757388133, 57.74209263374813]]]]}}, {"type": "Feature", "properties": {"T": 0, "v": 0, "p": 0, "B": 17}, "geometry": {"type": "MultiPolygon", "coordinates": [[[[16.62520973814728, 57.76044135660533], [16.62525005424108, 57.76133923144058], [16.62693008728631, 57.76131767063377], [16.62688972956225, 57.76041979654321], [16.62520973814728, 57.76044135660533]]]]}}, {"type": "Feature", "properties": {"T": 0, "v": 0, "p": 0, "B": 6}, "geometry": {"type": "MultiPolygon", "coordinates": [[[[16.523109504942465, 57.77069355015797], [16.523109507781186, 57.770693617594105], [16.52478991892577, 57.77067341038263], [16.524789916083922, 57.77067334294655], [16.524752080606667, 57.76977549356819], [16.5230717386189, 57.769795699751114], [16.523071711122896, 57.76979570008157], [16.523109504942465, 57.77069355015797]]]]}}, {"type": "Feature", "properties": {"T": 0, "v": 0, "p": 0, "B": 16}, "geometry": {"type": "MultiPolygon", "coordinates": [[[[16.519393386029478, 57.72222577565161], [16.519393388537797, 57.72222583549687], [16.52107169414993, 57.722205686503685], [16.52103401866266, 57.72130776122233], [16.519355754581543, 57.72132790951999], [16.519393386029478, 57.72222577565161]]]]}}, {"type": "Feature", "properties": {"T": 0, "v": 0, "p": 0, "B": 66}, "geometry": {"type": "MultiPolygon", "coordinates": [[[[16.621890258008882, 57.76138228271256], [16.621930493241706, 57.762280158888835], [16.623610434185316, 57.762258643640436], [16.6235701573228, 57.761360768207304], [16.621890258008882, 57.76138228271256]]]]}}, {"type": "Feature", "properties": {"T": 0, "v": 0, "p": 0, "B": 13}, "geometry": {"type": "MultiPolygon", "coordinates": [[[[16.61165061606115, 57.757919362781585], [16.611650616909653, 57.757919381840004], [16.613330364047055, 57.75789800386236], [16.61329034887509, 57.75700012325286], [16.611610643356197, 57.75702150049212], [16.61165061606115, 57.757919362781585]]]]}}, {"type": "Feature", "properties": {"T": 0, "v": 0, "p": 0, "B": 5}, "geometry": {"type": "MultiPolygon", "coordinates": [[[[16.6943044732658, 57.90777209168042], [16.69430447433566, 57.90777211440522], [16.6959912766646, 57.90774960257072], [16.695948967362543, 57.90685178075202], [16.694262207064575, 57.90687429180706], [16.6943044732658, 57.90777209168042]]]]}}, {"type": "Feature", "properties": {"T": 0, "v": 0, "p": 0, "B": 22}, "geometry": {"type": "MultiPolygon", "coordinates": [[[[16.62705117486341, 57.76401129202899], [16.628731191877527, 57.76398970850124], [16.628690785316763, 57.76309183559442], [16.62701080993669, 57.763113418376655], [16.62705117486341, 57.76401129202899]]]]}}, {"type": "Feature", "properties": {"T": 0, "v": 0, "p": 0, "B": 33}, "geometry": {"type": "MultiPolygon", "coordinates": [[[[16.407073191575346, 57.899600187394576], [16.40710828595411, 57.900498132930544], [16.408794837656103, 57.90047943727282], [16.408759701247313, 57.89958149238417], [16.407073191575346, 57.899600187394576]]]]}}, {"type": "Feature", "properties": {"T": 0, "v": 0, "p": 0, "B": 7}, "geometry": {"type": "MultiPolygon", "coordinates": [[[[16.39495403674882, 57.89164878369888], [16.394954154389225, 57.89164878240668], [16.39664032190214, 57.89163024964427], [16.396640321785423, 57.891630246634556], [16.396605500507732, 57.89073229882899], [16.394919257364055, 57.89075083224196], [16.39495403674882, 57.89164878369888]]]]}}, {"type": "Feature", "properties": {"T": 0, "v": 0, "p": 0, "B": 4}, "geometry": {"type": "MultiPolygon", "coordinates": [[[[16.506197182340525, 57.84905358125781], [16.506197184833944, 57.84905364097456], [16.506197233083558, 57.849053640401856], [16.507881256999813, 57.84903364097793], [16.50788125450361, 57.84903358126124], [16.507843724653554, 57.848135728316485], [16.50615974261532, 57.8481557270486], [16.50615969436691, 57.84815572762127], [16.506197182340525, 57.84905358125781]]]]}}, {"type": "Feature", "properties": {"T": 0, "v": 0, "p": 0, "B": 3}, "geometry": {"type": "MultiPolygon", "coordinates": [[[[16.719347502381407, 57.90204519590342], [16.719347504379332, 57.902045237731926], [16.71934756861387, 57.90204523686233], [16.721033877360664, 57.90202239671869], [16.72103387536079, 57.90202235489025], [16.72099095303588, 57.90112458579585], [16.719304622063852, 57.90114742601832], [16.719347502381407, 57.90204519590342]]]]}}, {"type": "Feature", "properties": {"T": 0, "v": 0, "p": 0, "B": 8}, "geometry": {"type": "MultiPolygon", "coordinates": [[[[16.600884870365206, 57.78051561279251], [16.60092461400921, 57.781413495505], [16.602605460727393, 57.7813922542741], [16.60256567539916, 57.78049437229554], [16.600884870365206, 57.78051561279251]]]]}}, {"type": "Feature", "properties": {"T": 0, "v": 0, "p": 0, "B": 8}, "geometry": {"type": "MultiPolygon", "coordinates": [[[[16.668878625795642, 57.90541358389339], [16.670565339625064, 57.905391410186766], [16.67052366823952, 57.90449357631783], [16.66883699643667, 57.90451574925675], [16.668878625795642, 57.90541358389339]]]]}}, {"type": "Feature", "properties": {"T": 0, "v": 0, "p": 0, "B": 24}, "geometry": {"type": "MultiPolygon", "coordinates": [[[[16.39172054049775, 57.89527759115166], [16.391755249696605, 57.89617563296136], [16.393441610033165, 57.89615714199423], [16.393406858811062, 57.895259100824795], [16.39172054049775, 57.89527759115166]]]]}}, {"type": "Feature", "properties": {"T": 0, "v": 0, "p": 0, "B": 3}, "geometry": {"type": "MultiPolygon", "coordinates": [[[[16.37716137754915, 57.911606286568954], [16.377161378418922, 57.91160630929711], [16.377161422382148, 57.91160630882054], [16.37884847204574, 57.91158800901932], [16.3788484711749, 57.91158798629115], [16.378814067580812, 57.91069005428661], [16.377127059979344, 57.910708353454076], [16.377127016017216, 57.91070835393065], [16.37716137754915, 57.911606286568954]]]]}}, {"type": "Feature", "properties": {"T": 0, "v": 0, "p": 0, "B": 17}, "geometry": {"type": "MultiPolygon", "coordinates": [[[[16.654380705047476, 57.73670535288558], [16.654380705162815, 57.736705355411395], [16.656059433128977, 57.73668341614399], [16.656018392083343, 57.7357855516266], [16.654339781916327, 57.735807489140655], [16.654339705673728, 57.73580749013656], [16.654380705047476, 57.73670535288558]]]]}}, {"type": "Feature", "properties": {"T": 0, "v": 0, "p": 0, "B": 3}, "geometry": {"type": "MultiPolygon", "coordinates": [[[[16.536781836170338, 57.775918753005925], [16.53678183822345, 57.77591880133543], [16.536781944347993, 57.775918800048615], [16.538462619882033, 57.775898410036355], [16.538424434642366, 57.77500049969951], [16.536743800783302, 57.77502088900731], [16.53674369466139, 57.77502089029407], [16.536781836170338, 57.775918753005925]]]]}}, {"type": "Feature", "properties": {"T": 0, "v": 0, "p": 0, "B": 7}, "geometry": {"type": "MultiPolygon", "coordinates": [[[[16.58263105020806, 57.78613512690173], [16.582631050650853, 57.78613513701882], [16.582631110326457, 57.78613513627376], [16.584312131720946, 57.78611413724313], [16.58431213127768, 57.78611412712607], [16.584272793238608, 57.78521624795904], [16.582591813541402, 57.78523724626404], [16.58259175386728, 57.78523724700908], [16.58263105020806, 57.78613512690173]]]]}}, {"type": "Feature", "properties": {"T": 0, "v": 0, "p": 0, "B": 16}, "geometry": {"type": "MultiPolygon", "coordinates": [[[[16.612090486964842, 57.76779615681756], [16.613770692073274, 57.76777477071553], [16.61377068878195, 57.76777469691386], [16.61373065070894, 57.76687689170959], [16.612050515921776, 57.76689827670806], [16.612050487246233, 57.76689827707284], [16.612090486964842, 57.76779615681756]]]]}}, {"type": "Feature", "properties": {"T": 0, "v": 0, "p": 0, "B": 4}, "geometry": {"type": "MultiPolygon", "coordinates": [[[[16.6308372872085, 57.7361122956003], [16.63083728746553, 57.736112301310385], [16.630837295489187, 57.73611230120707], [16.632516007769098, 57.73609067415585], [16.632516007511803, 57.73609066844577], [16.63247555095205, 57.735192798957335], [16.630796880228818, 57.735214425261894], [16.63079687220536, 57.73521442536521], [16.6308372872085, 57.7361122956003]]]]}}, {"type": "Feature", "properties": {"T": 0, "v": 0, "p": 0, "B": 11}, "geometry": {"type": "MultiPolygon", "coordinates": [[[[16.631888932151693, 57.75945711434188], [16.633568733804733, 57.75943546776056], [16.63352821439249, 57.758537596363915], [16.631848462389165, 57.75855924209419], [16.63184845436054, 57.75855924219759], [16.631888932151693, 57.75945711434188]]]]}}, {"type": "Feature", "properties": {"T": 0, "v": 0, "p": 0, "B": 5}, "geometry": {"type": "MultiPolygon", "coordinates": [[[[16.6622802698577, 57.72582104485722], [16.662280271725994, 57.72582108559319], [16.662280293226186, 57.725821085310976], [16.663958488965182, 57.72579904425873], [16.663958487095, 57.725799003522795], [16.663917269542274, 57.72490118177697], [16.6622391153287, 57.72492322206838], [16.66223909382904, 57.724923222350576], [16.6622802698577, 57.72582104485722]]]]}}, {"type": "Feature", "properties": {"T": 0, "v": 0, "p": 0, "B": 6}, "geometry": {"type": "MultiPolygon", "coordinates": [[[[16.397908240833235, 57.88083624211996], [16.397908242432663, 57.880836283343655], [16.39790831025263, 57.88083628259695], [16.399593880481063, 57.88081771377294], [16.39959387887971, 57.88081767254928], [16.39955900006426, 57.879919762548404], [16.39787347180993, 57.87993833072972], [16.397873403991653, 57.879938331476374], [16.397908240833235, 57.88083624211996]]]]}}, {"type": "Feature", "properties": {"T": 0, "v": 0, "p": 0, "B": 4}, "geometry": {"type": "MultiPolygon", "coordinates": [[[[16.576609057820548, 57.763750566552154], [16.576609122620308, 57.76375056574591], [16.57828910415591, 57.763729651702796], [16.57824994906565, 57.76283175661879], [16.576570009165874, 57.76285266993947], [16.576569944367723, 57.762852670745715], [16.576609057820548, 57.763750566552154]]]]}}, {"type": "Feature", "properties": {"T": 0, "v": 0, "p": 0, "B": 56}, "geometry": {"type": "MultiPolygon", "coordinates": [[[[16.620009285636474, 57.756914389945194], [16.62004946728396, 57.757812267593536], [16.62172934100831, 57.75779077654784], [16.621689117739862, 57.75689289964177], [16.620009285636474, 57.756914389945194]]]]}}, {"type": "Feature", "properties": {"T": 0, "v": 0, "p": 0, "B": 3}, "geometry": {"type": "MultiPolygon", "coordinates": [[[[16.725963974159967, 57.89926026004944], [16.725963976623312, 57.89926031142981], [16.725964080295537, 57.89926031002085], [16.72765035236986, 57.899237381386634], [16.727650349904113, 57.89923733000632], [16.727607267719428, 57.8983395731902], [16.72592103764693, 57.89836250103067], [16.725920933977292, 57.89836250243959], [16.725963974159967, 57.89926026004944]]]]}}, {"type": "Feature", "properties": {"T": 0, "v": 0, "p": 0, "B": 48}, "geometry": {"type": "MultiPolygon", "coordinates": [[[[16.62348961078479, 57.75956501690304], [16.623529882856023, 57.76046289262818], [16.62520973814728, 57.76044135660533], [16.6251694244515, 57.75954348162402], [16.62348961078479, 57.75956501690304]]]]}}, {"type": "Feature", "properties": {"T": 0, "v": 0, "p": 0, "B": 4}, "geometry": {"type": "MultiPolygon", "coordinates": [[[[16.453509452768326, 57.712218722328814], [16.453509453100335, 57.712218730612506], [16.45350950315525, 57.71221873003785], [16.45518720746884, 57.712199458335085], [16.455151177437536, 57.71130150478697], [16.45347351462777, 57.7113207758246], [16.45347346457409, 57.71132077639921], [16.453509452768326, 57.712218722328814]]]]}}, {"type": "Feature", "properties": {"T": 0, "v": 0, "p": 0, "B": 18}, "geometry": {"type": "MultiPolygon", "coordinates": [[[[16.605927278361822, 57.7804518244663], [16.605927406332285, 57.780451822844874], [16.607608214885122, 57.78043051537622], [16.607568306877063, 57.779532635458516], [16.605887412038363, 57.77955394381233], [16.605927278361822, 57.7804518244663]]]]}}, {"type": "Feature", "properties": {"T": 0, "v": 0, "p": 0, "B": 3}, "geometry": {"type": "MultiPolygon", "coordinates": [[[[16.603600866384976, 57.803839310016], [16.603600867991545, 57.803839346218126], [16.603600907029595, 57.80383934572442], [16.605282755252794, 57.80381806432878], [16.60528275364454, 57.80381802812666], [16.605242868922186, 57.80292018672343], [16.603561062444058, 57.8029414673835], [16.60356102340698, 57.8029414678772], [16.603600866384976, 57.803839310016]]]]}}, {"type": "Feature", "properties": {"T": 0, "v": 0, "p": 0, "B": 4}, "geometry": {"type": "MultiPolygon", "coordinates": [[[[16.662496837440532, 57.767144797617775], [16.66249684083112, 57.76714487141767], [16.66249695643949, 57.76714486990092], [16.66417711194097, 57.76712281549127], [16.664177108546955, 57.767122741691445], [16.664135821263134, 57.766224959005896], [16.66245570740195, 57.76624701265372], [16.662455591796448, 57.76624701417043], [16.662496837440532, 57.767144797617775]]]]}}, {"type": "Feature", "properties": {"T": 0, "v": 0, "p": 0, "B": 3}, "geometry": {"type": "MultiPolygon", "coordinates": [[[[16.521523973783278, 57.732980757024876], [16.52152397469161, 57.7329807786572], [16.521524002159705, 57.73298077832721], [16.523202638203255, 57.732960600736206], [16.523202637293917, 57.73296057910389], [16.523164894278846, 57.73206267787806], [16.52148629979162, 57.73208285477243], [16.521486272324207, 57.73208285510242], [16.521523973783278, 57.732980757024876]]]]}}, {"type": "Feature", "properties": {"T": 0, "v": 0, "p": 0, "B": 13}, "geometry": {"type": "MultiPolygon", "coordinates": [[[[16.40700300910313, 57.89780429589864], [16.408689434722564, 57.897785602182786], [16.408689431964522, 57.897785531687795], [16.408654304606255, 57.896887656870014], [16.406967921009326, 57.89690634993864], [16.40700300910313, 57.89780429589864]]]]}}, {"type": "Feature", "properties": {"T": 0, "v": 0, "p": 0, "B": 16}, "geometry": {"type": "MultiPolygon", "coordinates": [[[[16.388417004664607, 57.897110428754694], [16.388417007505687, 57.8971105024348], [16.39010341400544, 57.89709205559788], [16.390068748229645, 57.89619410306701], [16.38838238375179, 57.89621254926525], [16.388417004664607, 57.897110428754694]]]]}}, {"type": "Feature", "properties": {"T": 0, "v": 0, "p": 0, "B": 61}, "geometry": {"type": "MultiPolygon", "coordinates": [[[[16.636157430666987, 57.74233255293226], [16.637836434715442, 57.74231085381335], [16.637836431405976, 57.742310780623555], [16.6377958363342, 57.74141298188397], [16.63611687385929, 57.74143468025362], [16.636157430666987, 57.74233255293226]]]]}}, {"type": "Feature", "properties": {"T": 0, "v": 0, "p": 0, "B": 38}, "geometry": {"type": "MultiPolygon", "coordinates": [[[[16.625290372733097, 57.7622371061298], [16.62533069362353, 57.76313498067299], [16.62701080993669, 57.763113418376655], [16.626970447411058, 57.76221554457825], [16.625290372733097, 57.7622371061298]]]]}}, {"type": "Feature", "properties": {"T": 0, "v": 0, "p": 0, "B": 5}, "geometry": {"type": "MultiPolygon", "coordinates": [[[[16.537739392540107, 57.719309230167354], [16.539417410436236, 57.71928884040578], [16.539417407489527, 57.719288771007946], [16.539379284944633, 57.71839092239255], [16.5377013649641, 57.7184113107654], [16.537701308566657, 57.71841131145032], [16.537739392540107, 57.719309230167354]]]]}}, {"type": "Feature", "properties": {"T": 0, "v": 0, "p": 0, "B": 3}, "geometry": {"type": "MultiPolygon", "coordinates": [[[[16.38356466381326, 57.90255338310773], [16.383564665910672, 57.90255343768089], [16.383564749315607, 57.902553436772386], [16.385251330791117, 57.90253505418031], [16.38525132869115, 57.90253499960721], [16.385216778710088, 57.90163710058126], [16.383530239269952, 57.9016554825368], [16.383530155867096, 57.901655483445296], [16.38356466381326, 57.90255338310773]]]]}}, {"type": "Feature", "properties": {"T": 0, "v": 0, "p": 0, "B": 114}, "geometry": {"type": "MultiPolygon", "coordinates": [[[[16.63992196882444, 57.75126783619301], [16.641601522395888, 57.75124608328031], [16.641560816668246, 57.750348214315835], [16.639881304698072, 57.75036996647733], [16.63992196882444, 57.75126783619301]]]]}}, {"type": "Feature", "properties": {"T": 0, "v": 0, "p": 0, "B": 61}, "geometry": {"type": "MultiPolygon", "coordinates": [[[[16.623529882856023, 57.76046289262818], [16.6235701573228, 57.761360768207304], [16.62525005424108, 57.76133923144058], [16.62520973814728, 57.76044135660533], [16.623529882856023, 57.76046289262818]]]]}}, {"type": "Feature", "properties": {"T": 0, "v": 0, "p": 0, "B": 7}, "geometry": {"type": "MultiPolygon", "coordinates": [[[[16.697354961674616, 57.721762148953346], [16.699033099251434, 57.72173964204547], [16.69903309674518, 57.72173958857375], [16.69899101781016, 57.720841795127846], [16.697312921748576, 57.720864301258864], [16.697354961674616, 57.721762148953346]]]]}}, {"type": "Feature", "properties": {"T": 0, "v": 0, "p": 0, "B": 9}, "geometry": {"type": "MultiPolygon", "coordinates": [[[[16.58919765825908, 57.78245943034019], [16.58919765926335, 57.782459453194306], [16.58919775825085, 57.782459451953216], [16.590878702783684, 57.78243836545705], [16.590839206905493, 57.781540478502315], [16.58915820507667, 57.78156156551095], [16.58919765825908, 57.78245943034019]]]]}}, {"type": "Feature", "properties": {"T": 0, "v": 0, "p": 0, "B": 38}, "geometry": {"type": "MultiPolygon", "coordinates": [[[[16.60876984985812, 57.768736745052884], [16.60880977103118, 57.76963462598154], [16.610490064196377, 57.769613282941485], [16.610450101372255, 57.76871540275012], [16.60876984985812, 57.768736745052884]]]]}}, {"type": "Feature", "properties": {"T": 0, "v": 0, "p": 0, "B": 13}, "geometry": {"type": "MultiPolygon", "coordinates": [[[[16.66710856402694, 57.721265530162476], [16.667108566632507, 57.721265586819285], [16.66878656891337, 57.721243482608855], [16.66878656630518, 57.72124342595211], [16.668745237192635, 57.72034562167898], [16.667067276424802, 57.720367725126444], [16.66710856402694, 57.721265530162476]]]]}}, {"type": "Feature", "properties": {"T": 0, "v": 0, "p": 0, "B": 3}, "geometry": {"type": "MultiPolygon", "coordinates": [[[[16.520767649799556, 57.79497774153161], [16.52076765279626, 57.794977812763236], [16.520767729975443, 57.79497781183746], [16.52244919422898, 57.79495763127784], [16.522449191228965, 57.794957560046264], [16.52241137851356, 57.79405971695074], [16.520729955986212, 57.7940798968129], [16.520729878808947, 57.79407989773865], [16.520767649799556, 57.79497774153161]]]]}}, {"type": "Feature", "properties": {"T": 0, "v": 0, "p": 0, "B": 3}, "geometry": {"type": "MultiPolygon", "coordinates": [[[[16.602973258252828, 57.751740701746826], [16.602973260083346, 57.75174074309521], [16.60465272779956, 57.751719481557], [16.604612937297812, 57.75082159624411], [16.602933594607265, 57.75084285599248], [16.602933511183796, 57.75084285704804], [16.602973258252828, 57.751740701746826]]]]}}, {"type": "Feature", "properties": {"T": 0, "v": 0, "p": 0, "B": 3}, "geometry": {"type": "MultiPolygon", "coordinates": [[[[16.649833279363428, 57.78437986814592], [16.649833279970263, 57.78437988144683], [16.649833316996318, 57.78437988096491], [16.651514223753743, 57.78435799110335], [16.651514223146297, 57.78435797780245], [16.65147321987764, 57.78346013132994], [16.64979235480768, 57.78348202043514], [16.64979231778254, 57.783482020917056], [16.649833279363428, 57.78437986814592]]]]}}, {"type": "Feature", "properties": {"T": 0, "v": 0, "p": 0, "B": 15}, "geometry": {"type": "MultiPolygon", "coordinates": [[[[16.610010663187907, 57.75883862125863], [16.610010785921613, 57.75883861969905], [16.611690592840752, 57.75881726304209], [16.611650616909653, 57.757919381840004], [16.609970851612083, 57.75794073775932], [16.609970728881418, 57.75794073931886], [16.610010663187907, 57.75883862125863]]]]}}, {"type": "Feature", "properties": {"T": 0, "v": 0, "p": 0, "B": 3}, "geometry": {"type": "MultiPolygon", "coordinates": [[[[16.644014802205458, 57.767385928659984], [16.644014805558395, 57.76738600246057], [16.64401484772841, 57.76738600191345], [16.645694964981242, 57.767364193281296], [16.64565413236526, 57.76646632845809], [16.64397405675333, 57.7664881363369], [16.64397401458436, 57.766488136883986], [16.644014802205458, 57.767385928659984]]]]}}, {"type": "Feature", "properties": {"T": 0, "v": 0, "p": 0, "B": 28}, "geometry": {"type": "MultiPolygon", "coordinates": [[[[16.643280935060986, 57.75122430990803], [16.644960345302977, 57.751202514283506], [16.644919556380238, 57.75030464682364], [16.643240229885862, 57.75032644114874], [16.643240187735692, 57.75032644169547], [16.643280935060986, 57.75122430990803]]]]}}, {"type": "Feature", "properties": {"T": 0, "v": 0, "p": 0, "B": 5}, "geometry": {"type": "MultiPolygon", "coordinates": [[[[16.62925669799164, 57.77566208762044], [16.629256700024833, 57.77566213276361], [16.630937256104637, 57.775640517267036], [16.630896776613266, 57.77474264700635], [16.62921626219948, 57.77476426175614], [16.62925669799164, 57.77566208762044]]]]}}, {"type": "Feature", "properties": {"T": 0, "v": 0, "p": 0, "B": 13}, "geometry": {"type": "MultiPolygon", "coordinates": [[[[16.405071160277544, 57.891537249778864], [16.405106193794804, 57.892435197233254], [16.406792508449453, 57.892416528241796], [16.406757432921083, 57.891518581433715], [16.405071160277544, 57.891537249778864]]]]}}, {"type": "Feature", "properties": {"T": 0, "v": 0, "p": 0, "B": 6}, "geometry": {"type": "MultiPolygon", "coordinates": [[[[16.601690992886766, 57.76074084218217], [16.6033708791266, 57.76071959556085], [16.603331106579077, 57.7598217109693], [16.601651300956984, 57.7598429563639], [16.60165126196635, 57.759842956856765], [16.601690992886766, 57.76074084218217]]]]}}, {"type": "Feature", "properties": {"T": 0, "v": 0, "p": 0, "B": 31}, "geometry": {"type": "MultiPolygon", "coordinates": [[[[16.64623155715349, 57.742202022749424], [16.64627236582909, 57.74309989077454], [16.647951535386802, 57.743078055631074], [16.64791068513295, 57.74218018835992], [16.64623155715349, 57.742202022749424]]]]}}, {"type": "Feature", "properties": {"T": 0, "v": 0, "p": 0, "B": 104}, "geometry": {"type": "MultiPolygon", "coordinates": [[[[16.60325156858087, 57.75802594134956], [16.604931327581628, 57.758004674670495], [16.604891520511053, 57.757106790376774], [16.603211886567728, 57.7571280552655], [16.603211803129785, 57.757128056321285], [16.60325156858087, 57.75802594134956]]]]}}, {"type": "Feature", "properties": {"T": 0, "v": 0, "p": 0, "B": 4}, "geometry": {"type": "MultiPolygon", "coordinates": [[[[16.52633316839159, 57.727532645571465], [16.526333190699642, 57.72753264530258], [16.528011575863253, 57.727512405122305], [16.52801157414572, 57.727512364383664], [16.52797372076813, 57.72661448349466], [16.52629537714561, 57.72663472297623], [16.526295354838116, 57.72663472324508], [16.52633316839159, 57.727532645571465]]]]}}, {"type": "Feature", "properties": {"T": 0, "v": 0, "p": 0, "B": 24}, "geometry": {"type": "MultiPolygon", "coordinates": [[[[16.62832723440622, 57.75501097285828], [16.628367619342097, 57.75590884708005], [16.630047259336955, 57.755887248004036], [16.630006832789487, 57.75498937452823], [16.62832723440622, 57.75501097285828]]]]}}, {"type": "Feature", "properties": {"T": 0, "v": 0, "p": 0, "B": 21}, "geometry": {"type": "MultiPolygon", "coordinates": [[[[16.653234653619972, 57.748399607270734], [16.654913924489744, 57.74837768040238], [16.65491392216362, 57.748377629502535], [16.654872893299988, 57.747479817034744], [16.65319366401905, 57.74750174314595], [16.653234653619972, 57.748399607270734]]]]}}, {"type": "Feature", "properties": {"T": 0, "v": 0, "p": 0, "B": 3}, "geometry": {"type": "MultiPolygon", "coordinates": [[[[16.650941273180194, 57.73495343531055], [16.652620061329415, 57.73493154022956], [16.652620060923727, 57.73493153133535], [16.65257910826611, 57.73403367390464], [16.65090048748875, 57.734055566589646], [16.650900361672335, 57.734055568229735], [16.650941273180194, 57.73495343531055]]]]}}, {"type": "Feature", "properties": {"T": 0, "v": 0, "p": 0, "B": 66}, "geometry": {"type": "MultiPolygon", "coordinates": [[[[16.60240655776124, 57.77690284292628], [16.604087193716232, 57.77688158308927], [16.604047378552877, 57.77598370111767], [16.602366784269538, 57.77600496022018], [16.60240655776124, 57.77690284292628]]]]}}, {"type": "Feature", "properties": {"T": 0, "v": 0, "p": 0, "B": 6}, "geometry": {"type": "MultiPolygon", "coordinates": [[[[16.412344205976833, 57.9049316480682], [16.412344207743217, 57.9049316930873], [16.414030963329395, 57.90491292701883], [16.414030961560897, 57.90491288199978], [16.413995690299558, 57.90401498478421], [16.412308984439164, 57.90403375011744], [16.41230897675542, 57.90403375020284], [16.412344205976833, 57.9049316480682]]]]}}, {"type": "Feature", "properties": {"T": 0, "v": 0, "p": 0, "B": 3}, "geometry": {"type": "MultiPolygon", "coordinates": [[[[16.69067807875664, 57.902430120066896], [16.692364494917133, 57.9024076595267], [16.692322284796717, 57.90150983526596], [16.690635910649117, 57.90153229502856], [16.69067807875664, 57.902430120066896]]]]}}, {"type": "Feature", "properties": {"T": 0, "v": 0, "p": 0, "B": 9}, "geometry": {"type": "MultiPolygon", "coordinates": [[[[16.604286305077796, 57.78137099076398], [16.604286388571595, 57.781370989707185], [16.60596714705793, 57.78134970497469], [16.605967145901722, 57.78134967893653], [16.605927278361822, 57.7804518244663], [16.604246478065523, 57.78047310952013], [16.604286305077796, 57.78137099076398]]]]}}, {"type": "Feature", "properties": {"T": 0, "v": 0, "p": 0, "B": 3}, "geometry": {"type": "MultiPolygon", "coordinates": [[[[16.63429849961486, 57.77559721766649], [16.63597904846092, 57.775575535347784], [16.635938443969255, 57.77467766733208], [16.63425798929197, 57.77469934822466], [16.634257936788618, 57.7746993489017], [16.63429849961486, 57.77559721766649]]]]}}, {"type": "Feature", "properties": {"T": 0, "v": 0, "p": 0, "B": 3}, "geometry": {"type": "MultiPolygon", "coordinates": [[[[16.690720249381624, 57.903327944957944], [16.690762422524283, 57.904225769701725], [16.692448922718082, 57.9042033076062], [16.69240670755752, 57.90330548364012], [16.690720249381624, 57.903327944957944]]]]}}, {"type": "Feature", "properties": {"T": 0, "v": 0, "p": 0, "B": 3}, "geometry": {"type": "MultiPolygon", "coordinates": [[[[16.703908684033635, 57.754016960998094], [16.70390868538013, 57.7540169896079], [16.70390880411494, 57.75401698801097], [16.70558831161972, 57.753994387941844], [16.7055883102719, 57.75399435933205], [16.705546015222986, 57.75309654868194], [16.703866430586814, 57.75311914956745], [16.703908684033635, 57.754016960998094]]]]}}, {"type": "Feature", "properties": {"T": 0, "v": 0, "p": 0, "B": 12}, "geometry": {"type": "MultiPolygon", "coordinates": [[[[16.63172703543135, 57.75586562488759], [16.631727043459378, 57.7558656247842], [16.633406670614875, 57.75584398129662], [16.633406669467657, 57.75584395586999], [16.633366160841376, 57.75494610931509], [16.63168656726905, 57.75496775215857], [16.63172703543135, 57.75586562488759]]]]}}, {"type": "Feature", "properties": {"T": 0, "v": 0, "p": 0, "B": 38}, "geometry": {"type": "MultiPolygon", "coordinates": [[[[16.622212210924182, 57.768565377805565], [16.623892443349074, 57.76854385735403], [16.62385214971057, 57.76764598294285], [16.62217195893269, 57.76766750265099], [16.622212210924182, 57.768565377805565]]]]}}, {"type": "Feature", "properties": {"T": 0, "v": 0, "p": 0, "B": 4}, "geometry": {"type": "MultiPolygon", "coordinates": [[[[16.47971983990841, 57.81971924787645], [16.479719842982558, 57.81971932290489], [16.479719917039137, 57.81971932204092], [16.481402567621927, 57.81969968045461], [16.481402564544286, 57.81969960542624], [16.48136573601177, 57.81880175277994], [16.47968312722692, 57.81882139368711], [16.47968305317218, 57.818821394551065], [16.47971983990841, 57.81971924787645]]]]}}, {"type": "Feature", "properties": {"T": 0, "v": 0, "p": 0, "B": 72}, "geometry": {"type": "MultiPolygon", "coordinates": [[[[16.628529183107307, 57.7595003425061], [16.628569580055025, 57.760398215997334], [16.63024942814494, 57.760376613190964], [16.630208989573266, 57.75947874044586], [16.628529183107307, 57.7595003425061]]]]}}, {"type": "Feature", "properties": {"T": 0, "v": 0, "p": 0, "B": 9}, "geometry": {"type": "MultiPolygon", "coordinates": [[[[16.67089775615601, 57.767034374577804], [16.672577876414056, 57.76701220914171], [16.672577873002933, 57.767012135342206], [16.672536377537202, 57.76611435647695], [16.67085629891786, 57.7661365211474], [16.67089775615601, 57.767034374577804]]]]}}, {"type": "Feature", "properties": {"T": 0, "v": 0, "p": 0, "B": 3}, "geometry": {"type": "MultiPolygon", "coordinates": [[[[16.61385078194898, 57.76957052829016], [16.615531067973702, 57.76954911844174], [16.615531064962905, 57.769549051008596], [16.61549098019414, 57.76865124046691], [16.613810735819882, 57.768672649575734], [16.61385078194898, 57.76957052829016]]]]}}, {"type": "Feature", "properties": {"T": 0, "v": 0, "p": 0, "B": 3}, "geometry": {"type": "MultiPolygon", "coordinates": [[[[16.401174894510255, 57.8781052681315], [16.401174912543837, 57.87810526793247], [16.402860402474335, 57.8780866557517], [16.402860400497474, 57.878086604974634], [16.4028254443615, 57.87718870539116], [16.40113999639849, 57.877207316927745], [16.40113997836536, 57.87720731712675], [16.401174894510255, 57.8781052681315]]]]}}, {"type": "Feature", "properties": {"T": 0, "v": 0, "p": 0, "B": 17}, "geometry": {"type": "MultiPolygon", "coordinates": [[[[16.391789957497593, 57.89707358485273], [16.393476359855708, 57.897055093245385], [16.393441610033165, 57.89615714199423], [16.391755249696605, 57.89617563296136], [16.391789957497593, 57.89707358485273]]]]}}, {"type": "Feature", "properties": {"T": 0, "v": 0, "p": 0, "B": 42}, "geometry": {"type": "MultiPolygon", "coordinates": [[[[16.609209113433003, 57.77861342725684], [16.61088982324497, 57.77859207684183], [16.610849836634742, 57.777694198107426], [16.609169168498596, 57.77771554778475], [16.609209113433003, 57.77861342725684]]]]}}, {"type": "Feature", "properties": {"T": 0, "v": 0, "p": 0, "B": 46}, "geometry": {"type": "MultiPolygon", "coordinates": [[[[16.531140927185902, 57.72208433231697], [16.532819078690846, 57.72206402936657], [16.532781112508772, 57.72116610897507], [16.53110300253012, 57.72118641122463], [16.531140927185902, 57.72208433231697]]]]}}, {"type": "Feature", "properties": {"T": 0, "v": 0, "p": 0, "B": 15}, "geometry": {"type": "MultiPolygon", "coordinates": [[[[16.649589672233276, 57.74215833352549], [16.651268656902623, 57.74213645644675], [16.651227725933285, 57.74123859053906], [16.649548782835893, 57.74126046686241], [16.649589672233276, 57.74215833352549]]]]}}, {"type": "Feature", "properties": {"T": 0, "v": 0, "p": 0, "B": 4}, "geometry": {"type": "MultiPolygon", "coordinates": [[[[16.774422686547876, 57.889608344293684], [16.77446692307786, 57.890506124751944], [16.774466930326316, 57.89050612465065], [16.776152706309446, 57.89048255502217], [16.776108427807603, 57.889584775379724], [16.776108427484935, 57.889584768837175], [16.774422693473788, 57.88960833764984], [16.774422686225513, 57.88960833775113], [16.774422686547876, 57.889608344293684]]]]}}, {"type": "Feature", "properties": {"T": 0, "v": 0, "p": 0, "B": 4}, "geometry": {"type": "MultiPolygon", "coordinates": [[[[16.657867663658955, 57.776189447210655], [16.65786766558195, 57.77618948916899], [16.657867786381942, 57.77618948758878], [16.659548360620743, 57.77616749244837], [16.659548358695798, 57.776167450490064], [16.65950717036616, 57.775269635147545], [16.65782651699589, 57.77529163110823], [16.657867663658955, 57.776189447210655]]]]}}, {"type": "Feature", "properties": {"T": 0, "v": 0, "p": 0, "B": 3}, "geometry": {"type": "MultiPolygon", "coordinates": [[[[16.422145714853773, 57.896737301841725], [16.423832079486527, 57.89671840731646], [16.423832076573035, 57.89671833363747], [16.423796573284836, 57.89582046772206], [16.422110250670503, 57.89583936159316], [16.422145714853773, 57.896737301841725]]]]}}, {"type": "Feature", "properties": {"T": 0, "v": 0, "p": 0, "B": 3}, "geometry": {"type": "MultiPolygon", "coordinates": [[[[16.384855079733587, 57.71658170450396], [16.384889376376076, 57.7174796801695], [16.38488940463933, 57.717479679860375], [16.386567423988836, 57.71746131597669], [16.38653308582211, 57.71656334094507], [16.386533085651777, 57.716563336490644], [16.38485510782602, 57.716581699740416], [16.38485507956346, 57.71658170004953], [16.384855079733587, 57.71658170450396]]]]}}, {"type": "Feature", "properties": {"T": 0, "v": 0, "p": 0, "B": 3}, "geometry": {"type": "MultiPolygon", "coordinates": [[[[16.706873630799564, 57.70995472094157], [16.70855121384094, 57.70993209082357], [16.708508916007414, 57.70903424665915], [16.706831374448026, 57.709056875996225], [16.706873630799564, 57.70995472094157]]]]}}, {"type": "Feature", "properties": {"T": 0, "v": 0, "p": 0, "B": 18}, "geometry": {"type": "MultiPolygon", "coordinates": [[[[16.622051213301784, 57.764973786541965], [16.62209145810967, 57.76587166213438], [16.623771565596787, 57.76585014391302], [16.623731279149315, 57.76495226906389], [16.622051213301784, 57.764973786541965]]]]}}, {"type": "Feature", "properties": {"T": 0, "v": 0, "p": 0, "B": 6}, "geometry": {"type": "MultiPolygon", "coordinates": [[[[16.668538611936075, 57.71585623906193], [16.66853861542252, 57.71585631482378], [16.668538676161116, 57.71585631402333], [16.67021636620746, 57.715834192969254], [16.67021636271751, 57.71583411720745], [16.670175007720676, 57.71493633192051], [16.66849729843379, 57.71495845301154], [16.668538611936075, 57.71585623906193]]]]}}, {"type": "Feature", "properties": {"T": 0, "v": 0, "p": 0, "B": 20}, "geometry": {"type": "MultiPolygon", "coordinates": [[[[16.594280087162286, 57.783294011966866], [16.594319671127632, 57.78419189717146], [16.59600079097714, 57.784170741123724], [16.595961165315906, 57.78327285665012], [16.594280087162286, 57.783294011966866]]]]}}, {"type": "Feature", "properties": {"T": 0, "v": 0, "p": 0, "B": 11}, "geometry": {"type": "MultiPolygon", "coordinates": [[[[16.410762889006474, 57.907644232596326], [16.410762890396608, 57.90764426806203], [16.410762992542814, 57.907644266927605], [16.41244991332968, 57.90762552089197], [16.412449911937884, 57.90762548542629], [16.412414676030174, 57.90672757843184], [16.410727695150307, 57.90674632495272], [16.410762889006474, 57.907644232596326]]]]}}, {"type": "Feature", "properties": {"T": 0, "v": 0, "p": 0, "B": 8}, "geometry": {"type": "MultiPolygon", "coordinates": [[[[16.706831374058215, 57.70905686771353], [16.706831374448026, 57.709056875996225], [16.708508916007414, 57.70903424665915], [16.708508915617223, 57.709034238376475], [16.708466620686348, 57.708136402346774], [16.706789120606484, 57.70815903090293], [16.706831374058215, 57.70905686771353]]]]}}, {"type": "Feature", "properties": {"T": 0, "v": 0, "p": 0, "B": 4}, "geometry": {"type": "MultiPolygon", "coordinates": [[[[16.69253336060058, 57.9059989550964], [16.694219942317012, 57.90597646906154], [16.694177680092757, 57.905078646168654], [16.692491140399035, 57.90510113142498], [16.69253336060058, 57.9059989550964]]]]}}, {"type": "Feature", "properties": {"T": 0, "v": 0, "p": 0, "B": 29}, "geometry": {"type": "MultiPolygon", "coordinates": [[[[16.61497005201416, 57.75697872375558], [16.615010108804448, 57.75787660362595], [16.616689989691867, 57.75785517936339], [16.61664989128003, 57.75695730023295], [16.61497005201416, 57.75697872375558]]]]}}, {"type": "Feature", "properties": {"T": 0, "v": 0, "p": 0, "B": 9}, "geometry": {"type": "MultiPolygon", "coordinates": [[[[16.399977702483117, 57.89069516792159], [16.4016639393837, 57.89067656736541], [16.40162899405424, 57.88977861833831], [16.399942799160275, 57.88979721825055], [16.399977702483117, 57.89069516792159]]]]}}, {"type": "Feature", "properties": {"T": 0, "v": 0, "p": 0, "B": 29}, "geometry": {"type": "MultiPolygon", "coordinates": [[[[16.59837072481537, 57.76168115703298], [16.600050795937676, 57.76165995245498], [16.600011104283634, 57.760762066541965], [16.598331074794732, 57.76078327038754], [16.59837072481537, 57.76168115703298]]]]}}, {"type": "Feature", "properties": {"T": 0, "v": 0, "p": 0, "B": 3}, "geometry": {"type": "MultiPolygon", "coordinates": [[[[16.4496702935457, 57.90990119791831], [16.44967029458947, 57.90990122383016], [16.44967031064138, 57.90990122364699], [16.451357255541613, 57.90988196116986], [16.451357254496628, 57.90988193525802], [16.451321044636153, 57.908984034280465], [16.44963414178871, 57.90900329609056], [16.4496341257372, 57.90900329627373], [16.4496702935457, 57.90990119791831]]]]}}, {"type": "Feature", "properties": {"T": 0, "v": 0, "p": 0, "B": 4}, "geometry": {"type": "MultiPolygon", "coordinates": [[[[16.665650600917196, 57.76261136926641], [16.665650666894802, 57.762611368399085], [16.667330520390863, 57.76258927444368], [16.66728915873865, 57.76169141874938], [16.665609346867914, 57.76171351194165], [16.665609280891942, 57.761713512808946], [16.665650600917196, 57.76261136926641]]]]}}, {"type": "Feature", "properties": {"T": 0, "v": 0, "p": 0, "B": 33}, "geometry": {"type": "MultiPolygon", "coordinates": [[[[16.61041014092566, 57.76781752241304], [16.610450101372255, 57.76871540275012], [16.61213048906326, 57.76869403641655], [16.612090486964842, 57.76779615681756], [16.61041014092566, 57.76781752241304]]]]}}, {"type": "Feature", "properties": {"T": 0, "v": 0, "p": 0, "B": 15}, "geometry": {"type": "MultiPolygon", "coordinates": [[[[16.64897358162163, 57.76552468977865], [16.648973618628414, 57.76552468929708], [16.65065365046493, 57.76550281531115], [16.650612698086558, 57.76460495887492], [16.65061269779395, 57.76460495245949], [16.648932670587044, 57.764626826171394], [16.64897358162163, 57.76552468977865]]]]}}, {"type": "Feature", "properties": {"T": 0, "v": 0, "p": 0, "B": 5}, "geometry": {"type": "MultiPolygon", "coordinates": [[[[16.70550371969384, 57.75219867429614], [16.705503721341476, 57.75219870927415], [16.70718312337694, 57.75217608878042], [16.707183121727684, 57.752176053802444], [16.70714079041561, 57.751278250005946], [16.70546145466039, 57.751300869386185], [16.70546142997499, 57.75130086971851], [16.70550371969384, 57.75219867429614]]]]}}, {"type": "Feature", "properties": {"T": 0, "v": 0, "p": 0, "B": 73}, "geometry": {"type": "MultiPolygon", "coordinates": [[[[16.65638785344747, 57.74386641676869], [16.65642891645838, 57.74476427996533], [16.6581081545667, 57.744742309820296], [16.658067049973805, 57.74384444738227], [16.65638785344747, 57.74386641676869]]]]}}, {"type": "Feature", "properties": {"T": 0, "v": 0, "p": 0, "B": 7}, "geometry": {"type": "MultiPolygon", "coordinates": [[[[16.39815216974144, 57.88712194246097], [16.39983810169045, 57.88710336839017], [16.399803206699495, 57.88620541815423], [16.3981173845739, 57.88622399083525], [16.3981173167438, 57.88622399158207], [16.39815216974144, 57.88712194246097]]]]}}, {"type": "Feature", "properties": {"T": 0, "v": 0, "p": 0, "B": 20}, "geometry": {"type": "MultiPolygon", "coordinates": [[[[16.612410570403338, 57.77497918952885], [16.612450591547297, 57.77587706796194], [16.614131171578578, 57.77585567520947], [16.61409110876662, 57.774957797515434], [16.612410570403338, 57.77497918952885]]]]}}, {"type": "Feature", "properties": {"T": 0, "v": 0, "p": 0, "B": 15}, "geometry": {"type": "MultiPolygon", "coordinates": [[[[16.594398845680697, 57.78598765702768], [16.594398846126783, 57.7859876671447], [16.594398939959675, 57.78598766596448], [16.596080049072555, 57.78596650963862], [16.596080049375495, 57.785966509634804], [16.59608004892894, 57.78596649951779], [16.596040418996935, 57.78506862545193], [16.594359257449064, 57.78508978223076], [16.594398845680697, 57.78598765702768]]]]}}, {"type": "Feature", "properties": {"T": 0, "v": 0, "p": 0, "B": 3}, "geometry": {"type": "MultiPolygon", "coordinates": [[[[16.645980858980963, 57.77364919143146], [16.64598086132461, 57.773649242942604], [16.647661309879776, 57.77362740621745], [16.64762041859545, 57.772729543173945], [16.645940098344084, 57.77275137801938], [16.645940011699352, 57.772751379144694], [16.645980858980963, 57.77364919143146]]]]}}, {"type": "Feature", "properties": {"T": 0, "v": 0, "p": 0, "B": 3}, "geometry": {"type": "MultiPolygon", "coordinates": [[[[16.536061372380995, 57.71932959770106], [16.53609941709672, 57.720227516976955], [16.53777747877664, 57.72020714874016], [16.537739392540107, 57.719309230167354], [16.536061372380995, 57.71932959770106]]]]}}, {"type": "Feature", "properties": {"T": 0, "v": 0, "p": 0, "B": 67}, "geometry": {"type": "MultiPolygon", "coordinates": [[[[16.6235701573228, 57.761360768207304], [16.623610434185316, 57.762258643640436], [16.625290372733097, 57.7622371061298], [16.62525005424108, 57.76133923144058], [16.6235701573228, 57.761360768207304]]]]}}, {"type": "Feature", "properties": {"T": 0, "v": 0, "p": 0, "B": 3}, "geometry": {"type": "MultiPolygon", "coordinates": [[[[16.646721421444035, 57.75297642938004], [16.646721552485616, 57.75297642767674], [16.648401048525496, 57.752954585940735], [16.64836017154358, 57.75205672028174], [16.64668058606754, 57.75207856296671], [16.646721421444035, 57.75297642938004]]]]}}, {"type": "Feature", "properties": {"T": 0, "v": 0, "p": 0, "B": 5}, "geometry": {"type": "MultiPolygon", "coordinates": [[[[16.7215873817567, 57.70166971495631], [16.72158747971236, 57.701669713623986], [16.72326456886151, 57.701646891972764], [16.723221920523844, 57.70074905353597], [16.721544872830254, 57.700771874399756], [16.721544774877017, 57.70077187573202], [16.7215873817567, 57.70166971495631]]]]}}, {"type": "Feature", "properties": {"T": 0, "v": 0, "p": 0, "B": 8}, "geometry": {"type": "MultiPolygon", "coordinates": [[[[16.703645269048938, 57.7126934494258], [16.705322843236722, 57.7126708632666], [16.705280620840096, 57.71177301798484], [16.703603088138674, 57.71179560336455], [16.703645269048938, 57.7126934494258]]]]}}, {"type": "Feature", "properties": {"T": 0, "v": 0, "p": 0, "B": 19}, "geometry": {"type": "MultiPolygon", "coordinates": [[[[16.613330364047055, 57.75789800386236], [16.613370381599143, 57.75879588432607], [16.615050167977323, 57.75877448335049], [16.615010108804448, 57.75787660362595], [16.613330364047055, 57.75789800386236]]]]}}, {"type": "Feature", "properties": {"T": 0, "v": 0, "p": 0, "B": 29}, "geometry": {"type": "MultiPolygon", "coordinates": [[[[16.618329589651864, 57.75693585621798], [16.618369729681625, 57.75783373460774], [16.62004946728396, 57.757812267593536], [16.620009285636474, 57.756914389945194], [16.618329589651864, 57.75693585621798]]]]}}, {"type": "Feature", "properties": {"T": 0, "v": 0, "p": 0, "B": 38}, "geometry": {"type": "MultiPolygon", "coordinates": [[[[16.650039616100553, 57.75203485714409], [16.65171905822434, 57.752012971753715], [16.65167810047482, 57.751115107458986], [16.64999869995015, 57.75113699209357], [16.650039616100553, 57.75203485714409]]]]}}, {"type": "Feature", "properties": {"T": 0, "v": 0, "p": 0, "B": 3}, "geometry": {"type": "MultiPolygon", "coordinates": [[[[16.40925138363182, 57.8690324142679], [16.409286490886295, 57.86993036650127], [16.409286493992155, 57.86993044593863], [16.409286596031546, 57.86993044480585], [16.41097175284392, 57.86991172600649], [16.41097174973435, 57.86991164656919], [16.410936600531702, 57.86901369498364], [16.41093660025163, 57.869013687828556], [16.40925148538894, 57.86903240598006], [16.409251383352085, 57.86903240711281], [16.40925138363182, 57.8690324142679]]]]}}, {"type": "Feature", "properties": {"T": 0, "v": 0, "p": 0, "B": 3}, "geometry": {"type": "MultiPolygon", "coordinates": [[[[16.414152139879665, 57.73602186896722], [16.41415223122688, 57.73602186794734], [16.415831160770495, 57.73600311175047], [16.41583116343705, 57.73600311172066], [16.415831162840583, 57.73600309645639], [16.41579607542194, 57.73510514610615], [16.41579607275545, 57.73510514613597], [16.4141171847863, 57.735123901685206], [16.414117093441345, 57.73512390270504], [16.414152139879665, 57.73602186896722]]]]}}, {"type": "Feature", "properties": {"T": 0, "v": 0, "p": 0, "B": 10}, "geometry": {"type": "MultiPolygon", "coordinates": [[[[16.652824863166234, 57.73942086965397], [16.65286583493513, 57.7403188248674], [16.65454473159428, 57.74029690481225], [16.65450371825461, 57.73939895035574], [16.652824863166234, 57.73942086965397]]]]}}, {"type": "Feature", "properties": {"T": 0, "v": 0, "p": 0, "B": 7}, "geometry": {"type": "MultiPolygon", "coordinates": [[[[16.659375896006807, 57.73574160607716], [16.659375967092387, 57.735741605145805], [16.6610545750905, 57.735719600849656], [16.661054574828714, 57.735719595139656], [16.66101341181996, 57.73482173846238], [16.659334845373564, 57.734843741998894], [16.659334774289743, 57.734843742930224], [16.659375896006807, 57.73574160607716]]]]}}, {"type": "Feature", "properties": {"T": 0, "v": 0, "p": 0, "B": 4}, "geometry": {"type": "MultiPolygon", "coordinates": [[[[16.59912452754137, 57.77874106543208], [16.599124616192288, 57.778741064313564], [16.600805384706828, 57.77871984700021], [16.600805390172667, 57.778719846931196], [16.600765653623736, 57.777821963782294], [16.599084832672876, 57.77784318155007], [16.59912452754137, 57.77874106543208]]]]}}, {"type": "Feature", "properties": {"T": 0, "v": 0, "p": 0, "B": 7}, "geometry": {"type": "MultiPolygon", "coordinates": [[[[16.44676245341906, 57.71139764219657], [16.446762464229305, 57.71139764207304], [16.448440174819837, 57.71137845947929], [16.44844017436181, 57.71137844801104], [16.44840431294395, 57.710480503132594], [16.446726633046474, 57.7104996851878], [16.44676245341906, 57.71139764219657]]]]}}, {"type": "Feature", "properties": {"T": 0, "v": 0, "p": 0, "B": 3}, "geometry": {"type": "MultiPolygon", "coordinates": [[[[16.403070193729757, 57.88347432327767], [16.40307019496319, 57.88347435494777], [16.40307025760954, 57.88347435425555], [16.404755952700512, 57.88345571632988], [16.4047559514656, 57.883455684659786], [16.404720940086364, 57.882557767462295], [16.40303522433182, 57.882576405434996], [16.403070193729757, 57.88347432327767]]]]}}, {"type": "Feature", "properties": {"T": 0, "v": 0, "p": 0, "B": 3}, "geometry": {"type": "MultiPolygon", "coordinates": [[[[16.445585720269275, 57.72398822981645], [16.445585722528936, 57.72398828647918], [16.445585827324223, 57.72398828528289], [16.447264165763578, 57.72396911514372], [16.447228315579597, 57.72307116012869], [16.445550018679054, 57.72309032960607], [16.44554991388636, 57.72309033080233], [16.445585720269275, 57.72398822981645]]]]}}, {"type": "Feature", "properties": {"T": 0, "v": 0, "p": 0, "B": 19}, "geometry": {"type": "MultiPolygon", "coordinates": [[[[16.395127968295398, 57.89613862864369], [16.39681446353871, 57.896120091380375], [16.396779628267158, 57.89522205149383], [16.395093292702352, 57.895240586822894], [16.39509317505022, 57.895240588115264], [16.395127968295398, 57.89613862864369]]]]}}, {"type": "Feature", "properties": {"T": 0, "v": 0, "p": 0, "B": 3}, "geometry": {"type": "MultiPolygon", "coordinates": [[[[16.490387627648545, 57.79264341354162], [16.490424646200587, 57.79354134446052], [16.490424649399916, 57.79354142206197], [16.490424757569198, 57.79354142079035], [16.492106286132213, 57.79352164160818], [16.492106282929274, 57.793521564006795], [16.49206922264719, 57.792623633771505], [16.4920692222762, 57.79262362478257], [16.490387627277972, 57.79264340455268], [16.490387627648545, 57.79264341354162]]]]}}, {"type": "Feature", "properties": {"T": 0, "v": 0, "p": 0, "B": 10}, "geometry": {"type": "MultiPolygon", "coordinates": [[[[16.408584047153113, 57.895091676043734], [16.41027034461165, 57.89507296188739], [16.41023517902791, 57.894175023342086], [16.41023517877165, 57.894175016798386], [16.408548923327928, 57.89419373030683], [16.408584047153113, 57.895091676043734]]]]}}, {"type": "Feature", "properties": {"T": 0, "v": 0, "p": 0, "B": 80}, "geometry": {"type": "MultiPolygon", "coordinates": [[[[16.653029729985665, 57.74391028518004], [16.653070709838865, 57.74480814989151], [16.654749814368117, 57.74478622605163], [16.65470879293596, 57.74388836209718], [16.653029729985665, 57.74391028518004]]]]}}, {"type": "Feature", "properties": {"T": 0, "v": 0, "p": 0, "B": 3}, "geometry": {"type": "MultiPolygon", "coordinates": [[[[16.68810739583233, 57.883598078336824], [16.68810739671942, 57.883598097266464], [16.688107491988642, 57.883598095999766], [16.689793072634075, 57.8835756735644], [16.6897930717461, 57.88357565463478], [16.68975095734536, 57.88267784543277], [16.688065418661573, 57.88270026709209], [16.688065323394724, 57.882700268358754], [16.68810739583233, 57.883598078336824]]]]}}, {"type": "Feature", "properties": {"T": 0, "v": 0, "p": 0, "B": 47}, "geometry": {"type": "MultiPolygon", "coordinates": [[[[16.656346792877923, 57.74296855342529], [16.65638785344747, 57.74386641676869], [16.658067049973805, 57.74384444738227], [16.65802594782474, 57.74294658479745], [16.656346792877923, 57.74296855342529]]]]}}, {"type": "Feature", "properties": {"T": 0, "v": 0, "p": 0, "B": 16}, "geometry": {"type": "MultiPolygon", "coordinates": [[[[16.645490822111036, 57.76287477797887], [16.64553164500947, 57.76377264334097], [16.64721163544683, 57.76375081491208], [16.64717077091655, 57.76285295030395], [16.647170770914407, 57.76285295025691], [16.645490908730007, 57.76287477680693], [16.645490822108894, 57.76287477793184], [16.645490822111036, 57.76287477797887]]]]}}, {"type": "Feature", "properties": {"T": 0, "v": 0, "p": 0, "B": 3}, "geometry": {"type": "MultiPolygon", "coordinates": [[[[16.660062119223586, 57.86060979327662], [16.660062119773812, 57.86060980522705], [16.660062196279842, 57.86060980422635], [16.661746606314153, 57.860587761069546], [16.66174660576337, 57.86058774911912], [16.661705226668282, 57.85968991680007], [16.660020858530984, 57.85971195919428], [16.660020782026855, 57.859711960194936], [16.660062119223586, 57.86060979327662]]]]}}, {"type": "Feature", "properties": {"T": 0, "v": 0, "p": 0, "B": 7}, "geometry": {"type": "MultiPolygon", "coordinates": [[[[16.613570505070346, 57.76328528450509], [16.613610536905174, 57.764183164047076], [16.615290573060022, 57.76416175863579], [16.615250499587464, 57.7632638797861], [16.613570578198495, 57.76328528352675], [16.613570505068246, 57.763285284458014], [16.613570505070346, 57.76328528450509]]]]}}, {"type": "Feature", "properties": {"T": 0, "v": 0, "p": 0, "B": 8}, "geometry": {"type": "MultiPolygon", "coordinates": [[[[16.63294220446343, 57.78280182855439], [16.63294221249743, 57.782801828450886], [16.63462308913726, 57.782780162521235], [16.63462308824821, 57.78278014285182], [16.63458250699528, 57.78188229492612], [16.63290166400688, 57.78190396021066], [16.63294220446343, 57.78280182855439]]]]}}, {"type": "Feature", "properties": {"T": 0, "v": 0, "p": 0, "B": 68}, "geometry": {"type": "MultiPolygon", "coordinates": [[[[16.635289096493477, 57.76031166942169], [16.636969073467487, 57.760289975782506], [16.636928468395112, 57.75939210602978], [16.635248533047694, 57.75941379891969], [16.635289096493477, 57.76031166942169]]]]}}, {"type": "Feature", "properties": {"T": 0, "v": 0, "p": 0, "B": 11}, "geometry": {"type": "MultiPolygon", "coordinates": [[[[16.647992388069472, 57.74397592275565], [16.649671458321514, 57.743954066411874], [16.649671455277993, 57.743953999590914], [16.64963056406175, 57.743056200041984], [16.647951535386802, 57.743078055631074], [16.647992388069472, 57.74397592275565]]]]}}, {"type": "Feature", "properties": {"T": 0, "v": 0, "p": 0, "B": 93}, "geometry": {"type": "MultiPolygon", "coordinates": [[[[16.621809794722843, 57.75958652992211], [16.62185002516933, 57.76048440639031], [16.623529882856023, 57.76046289262818], [16.62348961078479, 57.75956501690304], [16.621809794722843, 57.75958652992211]]]]}}, {"type": "Feature", "properties": {"T": 0, "v": 0, "p": 0, "B": 4}, "geometry": {"type": "MultiPolygon", "coordinates": [[[[16.540872886660022, 57.832466650202484], [16.540872898691127, 57.83246665005634], [16.54255615793096, 57.83244619380772], [16.542556156765947, 57.832446166546305], [16.542517787331033, 57.83154829325917], [16.540834569921333, 57.83156874880037], [16.54083455789053, 57.8315687489465], [16.540872886660022, 57.832466650202484]]]]}}, {"type": "Feature", "properties": {"T": 0, "v": 0, "p": 0, "B": 3}, "geometry": {"type": "MultiPolygon", "coordinates": [[[[16.677018926359207, 57.89901762380786], [16.677018928901017, 57.89901767837358], [16.677018989947957, 57.899017677567464], [16.678705197087588, 57.89899539997304], [16.678705194543227, 57.89899534540738], [16.67866333308421, 57.89809756892488], [16.67697710690218, 57.89811984655416], [16.677018926359207, 57.89901762380786]]]]}}, {"type": "Feature", "properties": {"T": 0, "v": 0, "p": 0, "B": 18}, "geometry": {"type": "MultiPolygon", "coordinates": [[[[16.51801603894149, 57.72942936879233], [16.519694540718394, 57.72940923813341], [16.51965688886473, 57.728511313307294], [16.51797842863533, 57.72853144327125], [16.51801603894149, 57.72942936879233]]]]}}, {"type": "Feature", "properties": {"T": 0, "v": 0, "p": 0, "B": 3}, "geometry": {"type": "MultiPolygon", "coordinates": [[[[16.684014022429178, 57.72373705313753], [16.68401402461761, 57.72373710024135], [16.684014069904176, 57.723737099639074], [16.68569212677547, 57.72371477145798], [16.68569212458486, 57.72371472435418], [16.685650372482755, 57.722816918642266], [16.68397231184327, 57.72283924665491], [16.684014022429178, 57.72373705313753]]]]}}, {"type": "Feature", "properties": {"T": 0, "v": 0, "p": 0, "B": 41}, "geometry": {"type": "MultiPolygon", "coordinates": [[[[16.628488787848212, 57.75860245299474], [16.62848878856235, 57.758602468868744], [16.63016855340683, 57.75858086755463], [16.630168552691956, 57.75858085168063], [16.63012811964543, 57.75768299451727], [16.628448396419962, 57.757704595085315], [16.628488787848212, 57.75860245299474]]]]}}, {"type": "Feature", "properties": {"T": 0, "v": 0, "p": 0, "B": 41}, "geometry": {"type": "MultiPolygon", "coordinates": [[[[16.621608677098084, 57.7550971167807], [16.621608678379616, 57.75509714539172], [16.623288286354903, 57.75507563608745], [16.623248028652792, 57.75417775948634], [16.62156848063395, 57.75419926781293], [16.62156846228742, 57.754199268047756], [16.621608677098084, 57.7550971167807]]]]}}, {"type": "Feature", "properties": {"T": 0, "v": 0, "p": 0, "B": 9}, "geometry": {"type": "MultiPolygon", "coordinates": [[[[16.576102249492024, 57.790708383159675], [16.576141393200288, 57.79160626939047], [16.577822733861048, 57.79158535441622], [16.577783548185337, 57.790687463103886], [16.576102269594955, 57.79070837710227], [16.57610224923899, 57.790708377355365], [16.576102249492024, 57.790708383159675]]]]}}, {"type": "Feature", "properties": {"T": 0, "v": 0, "p": 0, "B": 4}, "geometry": {"type": "MultiPolygon", "coordinates": [[[[16.60836691992876, 57.797490237423716], [16.608366922531562, 57.79749029591543], [16.610048510493648, 57.797468952293876], [16.610048507888123, 57.79746889380223], [16.61000851559621, 57.79657107588052], [16.60832700322684, 57.79659241833481], [16.608326969362203, 57.796592418764405], [16.60836691992876, 57.797490237423716]]]]}}, {"type": "Feature", "properties": {"T": 0, "v": 0, "p": 0, "B": 5}, "geometry": {"type": "MultiPolygon", "coordinates": [[[[16.736945036773058, 57.88204093655917], [16.736945037839266, 57.882040958672285], [16.738630458915996, 57.88201788905477], [16.738630457848753, 57.88201786694165], [16.738587129416892, 57.88112008361595], [16.73690175029209, 57.88114315243509], [16.736945036773058, 57.88204093655917]]]]}}, {"type": "Feature", "properties": {"T": 0, "v": 0, "p": 0, "B": 3}, "geometry": {"type": "MultiPolygon", "coordinates": [[[[16.65799112454729, 57.77888303006501], [16.657991126032755, 57.77888306247087], [16.657991246841735, 57.7788830608905], [16.659671946091958, 57.77886106347022], [16.659671944604995, 57.77886103106438], [16.65963074848344, 57.777963206609705], [16.657950090906166, 57.77798520326999], [16.657949970100184, 57.77798520485032], [16.65799112454729, 57.77888303006501]]]]}}, {"type": "Feature", "properties": {"T": 0, "v": 0, "p": 0, "B": 3}, "geometry": {"type": "MultiPolygon", "coordinates": [[[[16.706196471864327, 57.90940968819134], [16.706196472639835, 57.909409704547954], [16.706196597068036, 57.90940970287657], [16.707883341297954, 57.90938703443147], [16.70788334052168, 57.90938701807487], [16.70784073271454, 57.908489218385576], [16.706153906090936, 57.90851188771711], [16.706196471864327, 57.90940968819134]]]]}}, {"type": "Feature", "properties": {"T": 0, "v": 0, "p": 0, "B": 3}, "geometry": {"type": "MultiPolygon", "coordinates": [[[[16.396849297407314, 57.897018041348716], [16.398535693534253, 57.89699948258709], [16.39853569067248, 57.89699940890731], [16.398500817644614, 57.89610153326129], [16.39681446353871, 57.896120091380375], [16.396849297407314, 57.897018041348716]]]]}}, {"type": "Feature", "properties": {"T": 0, "v": 0, "p": 0, "B": 22}, "geometry": {"type": "MultiPolygon", "coordinates": [[[[16.623288286354903, 57.75507563608745], [16.623328546451372, 57.75597351254256], [16.6250081936446, 57.75595198023854], [16.624967891935945, 57.755054104527105], [16.623288286354903, 57.75507563608745]]]]}}, {"type": "Feature", "properties": {"T": 0, "v": 0, "p": 0, "B": 3}, "geometry": {"type": "MultiPolygon", "coordinates": [[[[16.75653630996591, 57.83415572839571], [16.756536310517756, 57.83415573973434], [16.75653633326639, 57.834155739419366], [16.758219477916864, 57.83413242220363], [16.758219477364488, 57.83413241086499], [16.758175741485434, 57.8332346193195], [16.75649263865137, 57.8332579357289], [16.7564926159033, 57.8332579360439], [16.75653630996591, 57.83415572839571]]]]}}, {"type": "Feature", "properties": {"T": 0, "v": 0, "p": 0, "B": 4}, "geometry": {"type": "MultiPolygon", "coordinates": [[[[16.665059269607706, 57.7132068179222], [16.66510049849236, 57.71410467709931], [16.66510060877787, 57.71410467564883], [16.66677830952771, 57.71408259939182], [16.666737039146312, 57.71318474097665], [16.6667370389416, 57.71318473652282], [16.66505937968598, 57.713206812017944], [16.665059269403194, 57.71320681346836], [16.665059269607706, 57.7132068179222]]]]}}, {"type": "Feature", "properties": {"T": 0, "v": 0, "p": 0, "B": 16}, "geometry": {"type": "MultiPolygon", "coordinates": [[[[16.52950052042277, 57.72300253635686], [16.529500631547943, 57.723002535014615], [16.53117885409547, 57.72298225326522], [16.531140927185902, 57.72208433231697], [16.529462635045576, 57.722104614708435], [16.52950052042277, 57.72300253635686]]]]}}, {"type": "Feature", "properties": {"T": 0, "v": 0, "p": 0, "B": 3}, "geometry": {"type": "MultiPolygon", "coordinates": [[[[16.694389015679082, 57.90956774280271], [16.694389016449232, 57.909567759159415], [16.694389106605392, 57.90956775795678], [16.69607589854975, 57.90954524582331], [16.69607590284763, 57.90954524576592], [16.69603358849289, 57.908647424242034], [16.694346744130474, 57.90866993685601], [16.694389015679082, 57.90956774280271]]]]}}, {"type": "Feature", "properties": {"T": 0, "v": 0, "p": 0, "B": 3}, "geometry": {"type": "MultiPolygon", "coordinates": [[[[16.672785405159537, 57.77150141238062], [16.67278540783558, 57.7715014702594], [16.672785513133768, 57.77150146886946], [16.674465872415144, 57.77147927689492], [16.67442431953755, 57.77058142573221], [16.672744001907876, 57.77060361694011], [16.6727438966123, 57.77060361832999], [16.672785405159537, 57.77150141238062]]]]}}, {"type": "Feature", "properties": {"T": 0, "v": 0, "p": 0, "B": 3}, "geometry": {"type": "MultiPolygon", "coordinates": [[[[16.54124825276198, 57.72286003786355], [16.541248255171038, 57.7228600945238], [16.541248262010594, 57.72286009444055], [16.542926434629393, 57.72283965748325], [16.54292643221772, 57.72283960082304], [16.54288821701558, 57.72194174145729], [16.541210079084863, 57.72196217779238], [16.54124825276198, 57.72286003786355]]]]}}, {"type": "Feature", "properties": {"T": 0, "v": 0, "p": 0, "B": 3}, "geometry": {"type": "MultiPolygon", "coordinates": [[[[16.519619237540788, 57.72761334759854], [16.519619239248897, 57.72761338833733], [16.521297794098903, 57.727593235170275], [16.521260105174896, 57.72669531075222], [16.519581591870697, 57.72671546322355], [16.519619237540788, 57.72761334759854]]]]}}, {"type": "Feature", "properties": {"T": 0, "v": 0, "p": 0, "B": 4}, "geometry": {"type": "MultiPolygon", "coordinates": [[[[16.679173616780407, 57.7642296820851], [16.67917362282114, 57.76422968200505], [16.680853599759683, 57.764207407629925], [16.680811900278286, 57.76330956159442], [16.68081190012822, 57.76330955836323], [16.6791319648198, 57.76333183196897], [16.679131958779212, 57.76333183204902], [16.679173616780407, 57.7642296820851]]]]}}, {"type": "Feature", "properties": {"T": 0, "v": 0, "p": 0, "B": 11}, "geometry": {"type": "MultiPolygon", "coordinates": [[[[16.617131233691406, 57.76773192994175], [16.618811431645696, 57.76771047703638], [16.618811428344106, 57.76771040323488], [16.618771265341955, 57.76681260025138], [16.617091109032796, 57.766834052415675], [16.617131233691406, 57.76773192994175]]]]}}, {"type": "Feature", "properties": {"T": 0, "v": 0, "p": 0, "B": 4}, "geometry": {"type": "MultiPolygon", "coordinates": [[[[16.407038099291746, 57.898702241717274], [16.408724566936193, 57.89868354735417], [16.408689434722564, 57.897785602182786], [16.40700300910313, 57.89780429589864], [16.407038099291746, 57.898702241717274]]]]}}, {"type": "Feature", "properties": {"T": 0, "v": 0, "p": 0, "B": 3}, "geometry": {"type": "MultiPolygon", "coordinates": [[[[16.69240670755752, 57.90330548364012], [16.694093163213346, 57.90328299994073], [16.694050908557774, 57.90238517660572], [16.692364494917133, 57.9024076595267], [16.69240670755752, 57.90330548364012]]]]}}, {"type": "Feature", "properties": {"T": 0, "v": 0, "p": 0, "B": 7}, "geometry": {"type": "MultiPolygon", "coordinates": [[[[16.72653319893432, 57.699805509277326], [16.726533291733293, 57.69980550801148], [16.7282102944133, 57.69978262125879], [16.728210295520217, 57.69978262124369], [16.728210293608914, 57.6997825811202], [16.72816752789667, 57.69888478487688], [16.726490472763214, 57.698907672120825], [16.72653319893432, 57.699805509277326]]]]}}, {"type": "Feature", "properties": {"T": 0, "v": 0, "p": 0, "B": 82}, "geometry": {"type": "MultiPolygon", "coordinates": [[[[16.65483186454993, 57.74658195352041], [16.65651104980511, 57.74656000591842], [16.656469981910863, 57.74566214301526], [16.654790838239375, 57.74568408985939], [16.65483186454993, 57.74658195352041]]]]}}, {"type": "Feature", "properties": {"T": 0, "v": 0, "p": 0, "B": 3}, "geometry": {"type": "MultiPolygon", "coordinates": [[[[16.53777747877664, 57.72020714874016], [16.537815567276446, 57.721105067168715], [16.53949366821628, 57.72108467599945], [16.53945553819339, 57.72018675827475], [16.53777747877664, 57.72020714874016]]]]}}, {"type": "Feature", "properties": {"T": 0, "v": 0, "p": 0, "B": 13}, "geometry": {"type": "MultiPolygon", "coordinates": [[[[16.388451633326657, 57.89800845546337], [16.390138081850814, 57.89799000798774], [16.39010341400544, 57.89709205559788], [16.388417007505687, 57.8971105024348], [16.388451633326657, 57.89800845546337]]]]}}, {"type": "Feature", "properties": {"T": 0, "v": 0, "p": 0, "B": 5}, "geometry": {"type": "MultiPolygon", "coordinates": [[[[16.51469641840739, 57.73036746063388], [16.51469641971085, 57.730367491819536], [16.514696546328224, 57.73036749030517], [16.516375105920694, 57.73034740328577], [16.51633753492915, 57.729449477214246], [16.514658890273072, 57.729469565054494], [16.51469641840739, 57.73036746063388]]]]}}, {"type": "Feature", "properties": {"T": 0, "v": 0, "p": 0, "B": 3}, "geometry": {"type": "MultiPolygon", "coordinates": [[[[16.628900054286937, 57.6930139324757], [16.628900057374295, 57.693014001259506], [16.62890006538843, 57.69301400115637], [16.630576785722795, 57.6929924099042], [16.630576782632264, 57.692992341120444], [16.630536444113734, 57.692094527686216], [16.628859765217864, 57.692116118193475], [16.62885975720393, 57.69211611829662], [16.628900054286937, 57.6930139324757]]]]}}, {"type": "Feature", "properties": {"T": 0, "v": 0, "p": 0, "B": 6}, "geometry": {"type": "MultiPolygon", "coordinates": [[[[16.61712649273064, 57.729999318915176], [16.617126493980113, 57.729999346915065], [16.617126561887087, 57.72999934604793], [16.618804942577302, 57.729977902868086], [16.618804941326534, 57.729977874868226], [16.618764834922516, 57.72908002069589], [16.617086427866518, 57.729101464002575], [16.61712649273064, 57.729999318915176]]]]}}, {"type": "Feature", "properties": {"T": 0, "v": 0, "p": 0, "B": 9}, "geometry": {"type": "MultiPolygon", "coordinates": [[[[16.614729761295848, 57.751591441471234], [16.61640935088431, 57.75157002238755], [16.61640934903846, 57.75156998103946], [16.6163692691624, 57.75067214223614], [16.61468983872508, 57.75069355908191], [16.614689721178195, 57.75069356058013], [16.614729761295848, 57.751591441471234]]]]}}, {"type": "Feature", "properties": {"T": 0, "v": 0, "p": 0, "B": 7}, "geometry": {"type": "MultiPolygon", "coordinates": [[[[16.68216176630243, 57.900746384563405], [16.682161768554625, 57.90074643276086], [16.682161824424103, 57.90074643202086], [16.683848113251866, 57.9007240856767], [16.683806118219206, 57.8998262572413], [16.682119815530893, 57.899848603551796], [16.68216176630243, 57.900746384563405]]]]}}, {"type": "Feature", "properties": {"T": 0, "v": 0, "p": 0, "B": 85}, "geometry": {"type": "MultiPolygon", "coordinates": [[[[16.641927255380637, 57.75842902972525], [16.643607000915868, 57.75840725033629], [16.643607000195107, 57.758407234462396], [16.643566234199252, 57.757509383295314], [16.64188653028144, 57.757531161932064], [16.641927255380637, 57.75842902972525]]]]}}, {"type": "Feature", "properties": {"T": 0, "v": 0, "p": 0, "B": 107}, "geometry": {"type": "MultiPolygon", "coordinates": [[[[16.398675217915617, 57.900591278478394], [16.398675285772764, 57.90059127773116], [16.400361780069076, 57.900572694759155], [16.400326853819077, 57.899674746641544], [16.39864033369651, 57.89969332971734], [16.398675217915617, 57.900591278478394]]]]}}, {"type": "Feature", "properties": {"T": 0, "v": 0, "p": 0, "B": 12}, "geometry": {"type": "MultiPolygon", "coordinates": [[[[16.63429849961486, 57.77559721766649], [16.634339064854874, 57.77649508628507], [16.636019655368834, 57.77647340321725], [16.63597904846092, 57.775575535347784], [16.63429849961486, 57.77559721766649]]]]}}, {"type": "Feature", "properties": {"T": 0, "v": 0, "p": 0, "B": 3}, "geometry": {"type": "MultiPolygon", "coordinates": [[[[16.415725904679608, 57.733309189633886], [16.415725905649225, 57.733309214451786], [16.417404663966472, 57.73329043845074], [16.417404662995704, 57.73329041363283], [16.417369540642735, 57.73239247305918], [16.415690823891275, 57.73241124841196], [16.415725904679608, 57.733309189633886]]]]}}, {"type": "Feature", "properties": {"T": 0, "v": 0, "p": 0, "B": 3}, "geometry": {"type": "MultiPolygon", "coordinates": [[[[16.678854805049482, 57.72111033028026], [16.67885480767339, 57.721110386936715], [16.678854858111354, 57.721110386267945], [16.68053279271061, 57.72108812714313], [16.680532790084083, 57.721088070486715], [16.680491170397538, 57.72019027157549], [16.678813277308635, 57.72021252993199], [16.67881322687192, 57.72021253060074], [16.678854805049482, 57.72111033028026]]]]}}, {"type": "Feature", "properties": {"T": 0, "v": 0, "p": 0, "B": 17}, "geometry": {"type": "MultiPolygon", "coordinates": [[[[16.62344934110891, 57.75866714103191], [16.62348961078479, 57.75956501690304], [16.6251694244515, 57.75954348162402], [16.62512911315354, 57.75864560649672], [16.62344934110891, 57.75866714103191]]]]}}, {"type": "Feature", "properties": {"T": 0, "v": 0, "p": 0, "B": 3}, "geometry": {"type": "MultiPolygon", "coordinates": [[[[16.710143979937666, 57.708113753442035], [16.710144043828777, 57.70811375257891], [16.711821336674383, 57.70809108232388], [16.711821336133166, 57.708091070857066], [16.711778960918892, 57.707193239427404], [16.71010164565541, 57.70721590976324], [16.710143979937666, 57.708113753442035]]]]}}, {"type": "Feature", "properties": {"T": 0, "v": 0, "p": 0, "B": 3}, "geometry": {"type": "MultiPolygon", "coordinates": [[[[16.448277455715623, 57.791334736085226], [16.44827756070588, 57.79133473488584], [16.44995902160749, 57.791315515019754], [16.44992301113232, 57.79041757068311], [16.448241591955053, 57.79043678988493], [16.4482414869674, 57.790436791084275], [16.448277455715623, 57.791334736085226]]]]}}, {"type": "Feature", "properties": {"T": 0, "v": 0, "p": 0, "B": 17}, "geometry": {"type": "MultiPolygon", "coordinates": [[[[16.628246471739587, 57.753215223976376], [16.629925986907075, 57.753193627138145], [16.62988556757174, 57.7522957532239], [16.628206151638622, 57.75231734857561], [16.628206094008437, 57.752317349316286], [16.628246471739587, 57.753215223976376]]]]}}, {"type": "Feature", "properties": {"T": 0, "v": 0, "p": 0, "B": 10}, "geometry": {"type": "MultiPolygon", "coordinates": [[[[16.59841037705611, 57.76257904039574], [16.598410377194657, 57.76257904353295], [16.59841046580602, 57.76257904241514], [16.600090484489435, 57.762557838291485], [16.600090489952834, 57.762557838222506], [16.600050795937676, 57.76165995245498], [16.59837072481537, 57.76168115703298], [16.59841037705611, 57.76257904039574]]]]}}, {"type": "Feature", "properties": {"T": 0, "v": 0, "p": 0, "B": 22}, "geometry": {"type": "MultiPolygon", "coordinates": [[[[16.64979415569055, 57.746647664641955], [16.649835059677482, 57.74754553042546], [16.651514293830395, 57.74752364881369], [16.651473348256697, 57.74662578378577], [16.64979415569055, 57.746647664641955]]]]}}, {"type": "Feature", "properties": {"T": 0, "v": 0, "p": 0, "B": 89}, "geometry": {"type": "MultiPolygon", "coordinates": [[[[16.652988752568895, 57.743012420321904], [16.653029729985665, 57.74391028518004], [16.65470879293596, 57.74388836209718], [16.6546677739427, 57.742990497996026], [16.652988752568895, 57.743012420321904]]]]}}, {"type": "Feature", "properties": {"T": 0, "v": 0, "p": 0, "B": 17}, "geometry": {"type": "MultiPolygon", "coordinates": [[[[16.618409872098923, 57.75873161285162], [16.618450016903953, 57.7596294909496], [16.620129837749154, 57.759608022452426], [16.620089651321454, 57.75871014509592], [16.618409872098923, 57.75873161285162]]]]}}, {"type": "Feature", "properties": {"T": 0, "v": 0, "p": 0, "B": 4}, "geometry": {"type": "MultiPolygon", "coordinates": [[[[16.577316801090436, 57.818543067572115], [16.577316804367147, 57.81854314259715], [16.57731682473878, 57.818543142343785], [16.578999397622848, 57.8185222059226], [16.578999394342652, 57.81852213089762], [16.578960141877328, 57.817624318958934], [16.57727761078166, 57.81764525465627], [16.57727759041053, 57.81764525490962], [16.577316801090436, 57.818543067572115]]]]}}, {"type": "Feature", "properties": {"T": 0, "v": 0, "p": 0, "B": 45}, "geometry": {"type": "MultiPolygon", "coordinates": [[[[16.634518803394656, 57.74325210487383], [16.636197989886018, 57.7432304254646], [16.636157430666987, 57.74233255293226], [16.634478285755275, 57.742354231592934], [16.634518803394656, 57.74325210487383]]]]}}, {"type": "Feature", "properties": {"T": 0, "v": 0, "p": 0, "B": 3}, "geometry": {"type": "MultiPolygon", "coordinates": [[[[16.661827445938524, 57.71594450608255], [16.661827449410964, 57.715944581844674], [16.661827470905305, 57.715944581562546], [16.663505210000185, 57.71592254887737], [16.663464017510233, 57.715024684779216], [16.661786319913674, 57.71504671670397], [16.661786298419862, 57.71504671698608], [16.661827445938524, 57.71594450608255]]]]}}, {"type": "Feature", "properties": {"T": 0, "v": 0, "p": 0, "B": 3}, "geometry": {"type": "MultiPolygon", "coordinates": [[[[16.70192541466055, 57.711818169656816], [16.70196755402123, 57.712716015227144], [16.703645269048938, 57.7126934494258], [16.703603088138674, 57.71179560336455], [16.701925533197727, 57.71181816679282], [16.70192541460096, 57.711818168387175], [16.70192541466055, 57.711818169656816]]]]}}, {"type": "Feature", "properties": {"T": 0, "v": 0, "p": 0, "B": 3}, "geometry": {"type": "MultiPolygon", "coordinates": [[[[16.437179838136096, 57.892974617577416], [16.43721567393333, 57.893872548977164], [16.437215794762363, 57.89387254760975], [16.438902032398538, 57.89385345340977], [16.438866154588684, 57.89295552267109], [16.438866154454466, 57.892955519311904], [16.437179958828064, 57.89297461285084], [16.43717983800204, 57.89297461421824], [16.437179838136096, 57.892974617577416]]]]}}, {"type": "Feature", "properties": {"T": 0, "v": 0, "p": 0, "B": 3}, "geometry": {"type": "MultiPolygon", "coordinates": [[[[16.42070327249868, 57.77457798670988], [16.420703274771817, 57.774578044595515], [16.42070336105328, 57.77457804362836], [16.42238394360105, 57.77455919418234], [16.42238394132523, 57.77455913629675], [16.422348640690927, 57.77366123661525], [16.42066809982022, 57.77368008540999], [16.42066801354089, 57.77368008637713], [16.42070327249868, 57.77457798670988]]]]}}, {"type": "Feature", "properties": {"T": 0, "v": 0, "p": 0, "B": 8}, "geometry": {"type": "MultiPolygon", "coordinates": [[[[16.63105870903244, 57.77833412717235], [16.63273952630557, 57.778312485374066], [16.63269899791047, 57.777414616299474], [16.631018222314022, 57.77743625735005], [16.63105870903244, 57.77833412717235]]]]}}, {"type": "Feature", "properties": {"T": 0, "v": 0, "p": 0, "B": 3}, "geometry": {"type": "MultiPolygon", "coordinates": [[[[16.401454297705197, 57.88528884578284], [16.401454298689515, 57.88528887108397], [16.403140142487185, 57.885270253549464], [16.403105167681584, 57.88437230431927], [16.4014193839086, 57.88439092101027], [16.401419365871874, 57.88439092120934], [16.401454297705197, 57.88528884578284]]]]}}, {"type": "Feature", "properties": {"T": 0, "v": 0, "p": 0, "B": 34}, "geometry": {"type": "MultiPolygon", "coordinates": [[[[16.614010990294076, 57.77316204169011], [16.614051048338517, 57.77405991967564], [16.615731542652725, 57.7740385061287], [16.615691442945437, 57.77314062888293], [16.614010990294076, 57.77316204169011]]]]}}, {"type": "Feature", "properties": {"T": 0, "v": 0, "p": 0, "B": 7}, "geometry": {"type": "MultiPolygon", "coordinates": [[[[16.629925986907075, 57.753193627138145], [16.631605638164398, 57.753172006261956], [16.631605636588077, 57.75317197128265], [16.63156517722165, 57.752274133094375], [16.62988556757174, 57.7522957532239], [16.629925986907075, 57.753193627138145]]]]}}, {"type": "Feature", "properties": {"T": 0, "v": 0, "p": 0, "B": 3}, "geometry": {"type": "MultiPolygon", "coordinates": [[[[16.676104601433344, 57.770559212695424], [16.676104657101877, 57.77055921195914], [16.67778488085461, 57.77053697739079], [16.67774324715299, 57.769639127616415], [16.676063009379718, 57.76966136215292], [16.676104601433344, 57.770559212695424]]]]}}, {"type": "Feature", "properties": {"T": 0, "v": 0, "p": 0, "B": 3}, "geometry": {"type": "MultiPolygon", "coordinates": [[[[16.53949366821628, 57.72108467599945], [16.541171905267266, 57.721064260916656], [16.541133733718056, 57.720166343896665], [16.53945553819339, 57.72018675827475], [16.53949366821628, 57.72108467599945]]]]}}, {"type": "Feature", "properties": {"T": 0, "v": 0, "p": 0, "B": 4}, "geometry": {"type": "MultiPolygon", "coordinates": [[[[16.58854230353558, 57.80582562458057], [16.5885423048472, 57.80582565441446], [16.588542359388274, 57.80582565373119], [16.590224296876848, 57.80580457176164], [16.590224295563843, 57.805804541927785], [16.590184781571917, 57.80490668785383], [16.588502885834753, 57.80492776909467], [16.588502831295028, 57.80492776977792], [16.58854230353558, 57.80582562458057]]]]}}, {"type": "Feature", "properties": {"T": 0, "v": 0, "p": 0, "B": 3}, "geometry": {"type": "MultiPolygon", "coordinates": [[[[16.564964871592725, 57.76659006175907], [16.5650037029484, 57.7674879652066], [16.565003706277963, 57.767488042194344], [16.565003736943876, 57.767488041815625], [16.56668393543315, 57.76746728033503], [16.566683932100016, 57.76746720334736], [16.566645059095517, 57.76656930061702], [16.566645058679917, 57.76656929101703], [16.564964901842718, 57.766590051780355], [16.564964871177565, 57.76659005215906], [16.564964871592725, 57.76659006175907]]]]}}, {"type": "Feature", "properties": {"T": 0, "v": 0, "p": 0, "B": 4}, "geometry": {"type": "MultiPolygon", "coordinates": [[[[16.676429485145874, 57.70497106014121], [16.67642948626449, 57.7049710843449], [16.676429492295362, 57.70497108426502], [16.678106726932416, 57.70494886058689], [16.678106725812682, 57.70494883638324], [16.678065190571168, 57.70405100159978], [16.67638799740147, 57.70407322451104], [16.676387991370746, 57.70407322459091], [16.676429485145874, 57.70497106014121]]]]}}, {"type": "Feature", "properties": {"T": 0, "v": 0, "p": 0, "B": 21}, "geometry": {"type": "MultiPolygon", "coordinates": [[[[16.52938687104496, 57.720308770979464], [16.529424751919702, 57.72120669291599], [16.53110300253012, 57.72118641122463], [16.53106508012794, 57.72028848998822], [16.52938687104496, 57.720308770979464]]]]}}, {"type": "Feature", "properties": {"T": 0, "v": 0, "p": 0, "B": 3}, "geometry": {"type": "MultiPolygon", "coordinates": [[[[16.690635910649117, 57.90153229502856], [16.692322284796717, 57.90150983526596], [16.692322282680543, 57.90150979025279], [16.69228007719606, 57.90061201085784], [16.690593745942216, 57.90063446983113], [16.69059374505885, 57.9006344698429], [16.690635910649117, 57.90153229502856]]]]}}, {"type": "Feature", "properties": {"T": 0, "v": 0, "p": 0, "B": 3}, "geometry": {"type": "MultiPolygon", "coordinates": [[[[16.694177680092757, 57.905078646168654], [16.695864356336298, 57.90505613667237], [16.695822054611693, 57.90415831441143], [16.694135420391607, 57.904180823128364], [16.694177680092757, 57.905078646168654]]]]}}, {"type": "Feature", "properties": {"T": 0, "v": 0, "p": 0, "B": 3}, "geometry": {"type": "MultiPolygon", "coordinates": [[[[16.534301524234806, 57.757082876569164], [16.53430152531249, 57.75708290199701], [16.53430158693028, 57.75708290125084], [16.535981296008263, 57.757062549426706], [16.535943200071703, 57.7561646353586], [16.534263532614585, 57.7561849864798], [16.534263470998322, 57.75618498722595], [16.534301524234806, 57.757082876569164]]]]}}, {"type": "Feature", "properties": {"T": 0, "v": 0, "p": 0, "B": 3}, "geometry": {"type": "MultiPolygon", "coordinates": [[[[16.67593824464668, 57.76696773584313], [16.675938248064654, 57.76696780964253], [16.677618360908784, 57.7669455774101], [16.677618357487393, 57.766945503610756], [16.677576737113586, 57.76604772704694], [16.675896721569185, 57.76606995777525], [16.675896665907548, 57.76606995851144], [16.67593824464668, 57.76696773584313]]]]}}, {"type": "Feature", "properties": {"T": 0, "v": 0, "p": 0, "B": 3}, "geometry": {"type": "MultiPolygon", "coordinates": [[[[16.700584731652132, 57.71902351287943], [16.7005847346085, 57.7190235759035], [16.700584808827553, 57.719023574906636], [16.702262604286144, 57.71900102873464], [16.702262601326858, 57.7190009657106], [16.702220447337165, 57.718103182929404], [16.700542693380747, 57.71812572832327], [16.70054261916353, 57.71812572932011], [16.700584731652132, 57.71902351287943]]]]}}, {"type": "Feature", "properties": {"T": 0, "v": 0, "p": 0, "B": 64}, "geometry": {"type": "MultiPolygon", "coordinates": [[[[16.639637370712464, 57.744982745109574], [16.639637462449098, 57.74498274392212], [16.641316630836318, 57.74496099748425], [16.64131663312684, 57.74496099745457], [16.64127594433882, 57.744063127465274], [16.641275942048352, 57.74406312749495], [16.639596815242793, 57.74408487318191], [16.639596723508433, 57.74408487436933], [16.639637370712464, 57.744982745109574]]]]}}, {"type": "Feature", "properties": {"T": 0, "v": 0, "p": 0, "B": 29}, "geometry": {"type": "MultiPolygon", "coordinates": [[[[16.6251694244515, 57.75954348162402], [16.62520973814728, 57.76044135660533], [16.62688972956225, 57.76041979654321], [16.626849374238688, 57.7595219223066], [16.6251694244515, 57.75954348162402]]]]}}, {"type": "Feature", "properties": {"T": 0, "v": 0, "p": 0, "B": 6}, "geometry": {"type": "MultiPolygon", "coordinates": [[[[16.401978544731303, 57.898758192029725], [16.401978562775216, 57.89875819183055], [16.403665018653076, 57.8987395648245], [16.403630012518466, 57.89784161771362], [16.401943580622227, 57.8978602442739], [16.401978544731303, 57.898758192029725]]]]}}, {"type": "Feature", "properties": {"T": 0, "v": 0, "p": 0, "B": 13}, "geometry": {"type": "MultiPolygon", "coordinates": [[[[16.6493443682215, 57.73677104157919], [16.65102310349198, 57.736749169032265], [16.65098218712001, 57.73585130224472], [16.64930357480634, 57.735873172976476], [16.649303493406677, 57.735873174036506], [16.6493443682215, 57.73677104157919]]]]}}, {"type": "Feature", "properties": {"T": 0, "v": 0, "p": 0, "B": 20}, "geometry": {"type": "MultiPolygon", "coordinates": [[[[16.622252465310535, 57.769463252814184], [16.622252483664788, 57.76946325257923], [16.623932739384905, 57.769441731619224], [16.62393273635847, 57.769441664186324], [16.623892443349074, 57.76854385735403], [16.622212210924182, 57.768565377805565], [16.622252465310535, 57.769463252814184]]]]}}, {"type": "Feature", "properties": {"T": 0, "v": 0, "p": 0, "B": 14}, "geometry": {"type": "MultiPolygon", "coordinates": [[[[16.403525003153565, 57.89514768575645], [16.403560006518475, 57.896045723068], [16.405246352281814, 57.8960270754144], [16.405211306894863, 57.895129038748536], [16.403525003153565, 57.89514768575645]]]]}}, {"type": "Feature", "properties": {"T": 0, "v": 0, "p": 0, "B": 17}, "geometry": {"type": "MultiPolygon", "coordinates": [[[[16.584272792655863, 57.785216234657696], [16.584272793238608, 57.78521624795904], [16.584272897397824, 57.7852162466572], [16.585953968887903, 57.78519522489164], [16.58595396830454, 57.785195211590306], [16.585914591047448, 57.784297336188864], [16.584233561254315, 57.78431835722805], [16.58423345709768, 57.78431835852982], [16.584272792655863, 57.785216234657696]]]]}}, {"type": "Feature", "properties": {"T": 0, "v": 0, "p": 0, "B": 7}, "geometry": {"type": "MultiPolygon", "coordinates": [[[[16.685492557454076, 57.89980388670653], [16.687178855126263, 57.899781495636645], [16.68713677858474, 57.89888366860371], [16.685450528981846, 57.89890605881796], [16.685450522918558, 57.898906058898426], [16.685492557454076, 57.89980388670653]]]]}}, {"type": "Feature", "properties": {"T": 0, "v": 0, "p": 0, "B": 4}, "geometry": {"type": "MultiPolygon", "coordinates": [[[[16.608131429975842, 57.754370540613586], [16.60813150824776, 57.75437053962007], [16.609811015405253, 57.75434921010264], [16.609811013991497, 57.75434917830718], [16.609771092972675, 57.753451327434306], [16.608091549152288, 57.7534726572086], [16.608131429975842, 57.754370540613586]]]]}}, {"type": "Feature", "properties": {"T": 0, "v": 0, "p": 0, "B": 25}, "geometry": {"type": "MultiPolygon", "coordinates": [[[[16.649548779357897, 57.74126039048881], [16.649548782835893, 57.74126046686241], [16.651227725933285, 57.74123859053906], [16.6511867973973, 57.7403407244847], [16.64950789586939, 57.74036260005271], [16.649548779357897, 57.74126039048881]]]]}}, {"type": "Feature", "properties": {"T": 0, "v": 0, "p": 0, "B": 4}, "geometry": {"type": "MultiPolygon", "coordinates": [[[[16.643770092032504, 57.76199871703583], [16.64377013419625, 57.76199871648884], [16.645450001636615, 57.761976912376205], [16.645450001493995, 57.761976909239095], [16.645409183592427, 57.76107904667412], [16.64372935777812, 57.76110085003363], [16.643729315615417, 57.76110085058062], [16.643770092032504, 57.76199871703583]]]]}}, {"type": "Feature", "properties": {"T": 0, "v": 0, "p": 0, "B": 3}, "geometry": {"type": "MultiPolygon", "coordinates": [[[[16.444977260485988, 57.70872290981008], [16.44497726132347, 57.70872293083192], [16.44497736607469, 57.70872292963631], [16.446654998685286, 57.708703770742986], [16.44665499784683, 57.708703749721174], [16.446619184696335, 57.70780581330695], [16.444941593582655, 57.70782497153907], [16.44494148883403, 57.707824972734606], [16.444977260485988, 57.70872290981008]]]]}}, {"type": "Feature", "properties": {"T": 0, "v": 0, "p": 0, "B": 3}, "geometry": {"type": "MultiPolygon", "coordinates": [[[[16.670731938004938, 57.763442873437725], [16.670773387695686, 57.76434072407806], [16.67245338304086, 57.764318560938875], [16.672411891569656, 57.76342070783287], [16.67073193785577, 57.76344287020652], [16.670731938004938, 57.763442873437725]]]]}}, {"type": "Feature", "properties": {"T": 0, "v": 0, "p": 0, "B": 3}, "geometry": {"type": "MultiPolygon", "coordinates": [[[[16.692235857544716, 57.75597023711497], [16.692235858584407, 57.7559702593567], [16.69223594319845, 57.75597025822651], [16.693915447081274, 57.755947813779954], [16.693873436902614, 57.755049969367825], [16.692193974624075, 57.75507241303926], [16.692193890012124, 57.75507241416941], [16.692235857544716, 57.75597023711497]]]]}}, {"type": "Feature", "properties": {"T": 0, "v": 0, "p": 0, "B": 10}, "geometry": {"type": "MultiPolygon", "coordinates": [[[[16.68393210888167, 57.902519700276834], [16.683932110838484, 57.902519742106115], [16.68393221133846, 57.90251974077361], [16.68561867611742, 57.90249736924777], [16.68561867415865, 57.90249732741852], [16.685576634053298, 57.90159954188119], [16.683890211289025, 57.90162191263253], [16.683890110791555, 57.901621913964966], [16.68393210888167, 57.902519700276834]]]]}}, {"type": "Feature", "properties": {"T": 0, "v": 0, "p": 0, "B": 8}, "geometry": {"type": "MultiPolygon", "coordinates": [[[[16.446977420658357, 57.71678538889737], [16.44701325605934, 57.71768334809376], [16.447013259210312, 57.71768342704807], [16.448691271207338, 57.7176642396953], [16.448691268052716, 57.71766416074106], [16.44865539113104, 57.71676620220697], [16.44865539082585, 57.71676619456814], [16.44697742035352, 57.71678538125855], [16.446977420658357, 57.71678538889737]]]]}}, {"type": "Feature", "properties": {"T": 0, "v": 0, "p": 0, "B": 14}, "geometry": {"type": "MultiPolygon", "coordinates": [[[[16.61660979525306, 57.756059420956674], [16.61664989128003, 57.75695730023295], [16.618329589651864, 57.75693585621798], [16.618289452009442, 57.75603797768232], [16.61660979525306, 57.756059420956674]]]]}}, {"type": "Feature", "properties": {"T": 0, "v": 0, "p": 0, "B": 5}, "geometry": {"type": "MultiPolygon", "coordinates": [[[[16.433235734389502, 57.87864568959573], [16.433235736282537, 57.878645737187675], [16.43323576785365, 57.87864573683129], [16.43492124615293, 57.878626699163256], [16.434885488528078, 57.877728761331625], [16.433200052195133, 57.87774779834075], [16.433200020624806, 57.877747798697136], [16.433235734389502, 57.87864568959573]]]]}}, {"type": "Feature", "properties": {"T": 0, "v": 0, "p": 0, "B": 21}, "geometry": {"type": "MultiPolygon", "coordinates": [[[[16.53953180050509, 57.72198259357988], [16.539531901316554, 57.72198259235421], [16.541210079084863, 57.72196217779238], [16.541171905267266, 57.721064260916656], [16.53949366821628, 57.72108467599945], [16.53953180050509, 57.72198259357988]]]]}}, {"type": "Feature", "properties": {"T": 0, "v": 0, "p": 0, "B": 3}, "geometry": {"type": "MultiPolygon", "coordinates": [[[[16.521297794098903, 57.727593235170275], [16.52297620830555, 57.72757306142865], [16.52293847783934, 57.72667513770704], [16.521260132638226, 57.72669531042231], [16.521260105174896, 57.72669531075222], [16.521297794098903, 57.727593235170275]]]]}}, {"type": "Feature", "properties": {"T": 0, "v": 0, "p": 0, "B": 83}, "geometry": {"type": "MultiPolygon", "coordinates": [[[[16.643280935060986, 57.75122430990803], [16.64332168480949, 57.75212217797409], [16.645001136651402, 57.75210038159686], [16.644960345302977, 57.751202514283506], [16.643280935060986, 57.75122430990803]]]]}}, {"type": "Feature", "properties": {"T": 0, "v": 0, "p": 0, "B": 21}, "geometry": {"type": "MultiPolygon", "coordinates": [[[[16.576765538814154, 57.767342238099715], [16.578445751728157, 57.767321320360146], [16.578406583403563, 57.766423336084706], [16.576726412141056, 57.76644425310161], [16.576765538814154, 57.767342238099715]]]]}}, {"type": "Feature", "properties": {"T": 0, "v": 0, "p": 0, "B": 43}, "geometry": {"type": "MultiPolygon", "coordinates": [[[[16.604047378552877, 57.77598370111767], [16.604087193716232, 57.77688158308927], [16.60576782730194, 57.77686030097694], [16.605727970467132, 57.77596241974062], [16.604047378552877, 57.77598370111767]]]]}}, {"type": "Feature", "properties": {"T": 0, "v": 0, "p": 0, "B": 49}, "geometry": {"type": "MultiPolygon", "coordinates": [[[[16.639840642989782, 57.749472096615285], [16.641520113361146, 57.749450345204984], [16.64152011119809, 57.74945029748902], [16.641479412474396, 57.748552475947726], [16.641479410183646, 57.748552475977405], [16.639800075445088, 57.74857422541929], [16.63979998369937, 57.74857422660689], [16.639840642989782, 57.749472096615285]]]]}}, {"type": "Feature", "properties": {"T": 0, "v": 0, "p": 0, "B": 3}, "geometry": {"type": "MultiPolygon", "coordinates": [[[[16.71672603613341, 57.70532939071566], [16.716726037128222, 57.70532941173474], [16.716726140246223, 57.70532941033625], [16.71840339767659, 57.70530665224032], [16.71840339668081, 57.70530663122126], [16.718360863603188, 57.70440881203632], [16.716683544523264, 57.7044315707454], [16.71672603613341, 57.70532939071566]]]]}}, {"type": "Feature", "properties": {"T": 0, "v": 0, "p": 0, "B": 36}, "geometry": {"type": "MultiPolygon", "coordinates": [[[[16.611690592840752, 57.75881726304209], [16.613370381599143, 57.75879588432607], [16.613330364047055, 57.75789800386236], [16.611650616909653, 57.757919381840004], [16.611690592840752, 57.75881726304209]]]]}}, {"type": "Feature", "properties": {"T": 0, "v": 0, "p": 0, "B": 3}, "geometry": {"type": "MultiPolygon", "coordinates": [[[[16.447264165763578, 57.72396911514372], [16.447264176577573, 57.72396911502012], [16.44894246847348, 57.72394992315391], [16.448942466208578, 57.723949866491274], [16.448906576751693, 57.72305196880142], [16.447228326393322, 57.72307116000511], [16.447228315579597, 57.72307116012869], [16.447264165763578, 57.72396911514372]]]]}}, {"type": "Feature", "properties": {"T": 0, "v": 0, "p": 0, "B": 33}, "geometry": {"type": "MultiPolygon", "coordinates": [[[[16.595723460867525, 57.777885546755925], [16.597404147949984, 57.77786437529117], [16.597364497118356, 57.7769664905315], [16.595683851710806, 57.776987661264776], [16.595723460867525, 57.777885546755925]]]]}}, {"type": "Feature", "properties": {"T": 0, "v": 0, "p": 0, "B": 5}, "geometry": {"type": "MultiPolygon", "coordinates": [[[[16.677659987180284, 57.76784342762606], [16.679340277734884, 57.76782117052407], [16.679340274457637, 57.76782109990895], [16.679298609819583, 57.76692332107692], [16.677618461032374, 57.76694557608453], [16.677618360908784, 57.7669455774101], [16.677659987180284, 57.76784342762606]]]]}}, {"type": "Feature", "properties": {"T": 0, "v": 0, "p": 0, "B": 8}, "geometry": {"type": "MultiPolygon", "coordinates": [[[[16.52446578267526, 57.72306324889017], [16.526144123095513, 57.7230430324997], [16.526106320776766, 57.722145109453415], [16.524428021889438, 57.72216532514599], [16.52446578267526, 57.72306324889017]]]]}}, {"type": "Feature", "properties": {"T": 0, "v": 0, "p": 0, "B": 26}, "geometry": {"type": "MultiPolygon", "coordinates": [[[[16.60248611184559, 57.778698607901944], [16.602525892438624, 57.7795964901715], [16.60420665342343, 57.77957522813073], [16.60416683115131, 57.7786773465958], [16.60248611184559, 57.778698607901944]]]]}}, {"type": "Feature", "properties": {"T": 0, "v": 0, "p": 0, "B": 4}, "geometry": {"type": "MultiPolygon", "coordinates": [[[[16.374445558950523, 57.88468572771063], [16.37444556003735, 57.884685756196625], [16.376131394901158, 57.88466749729186], [16.376131393812997, 57.8846674688059], [16.37609709398798, 57.88376953770223], [16.37441130111237, 57.88378779597495], [16.374445558950523, 57.88468572771063]]]]}}, {"type": "Feature", "properties": {"T": 0, "v": 0, "p": 0, "B": 14}, "geometry": {"type": "MultiPolygon", "coordinates": [[[[16.664424907601752, 57.772509951318895], [16.664424929129652, 57.772509951036156], [16.666105287599425, 57.77248787036871], [16.6661052850806, 57.772487815673905], [16.666063940525127, 57.77159001552745], [16.664383602181825, 57.77161209571486], [16.664424907601752, 57.772509951318895]]]]}}, {"type": "Feature", "properties": {"T": 0, "v": 0, "p": 0, "B": 3}, "geometry": {"type": "MultiPolygon", "coordinates": [[[[16.670175007720676, 57.71493633192051], [16.670175112854732, 57.7149363305336], [16.671852852895245, 57.714914186782195], [16.67185284925519, 57.71491410783627], [16.6718114515801, 57.71401624422056], [16.671811451227946, 57.71401623658256], [16.670133752687786, 57.71403837956963], [16.67013364755633, 57.71403838095652], [16.670175007720676, 57.71493633192051]]]]}}, {"type": "Feature", "properties": {"T": 0, "v": 0, "p": 0, "B": 3}, "geometry": {"type": "MultiPolygon", "coordinates": [[[[16.39172054049775, 57.89527759115166], [16.393406858811062, 57.895259100824795], [16.393372113137385, 57.89436114929146], [16.391685865242472, 57.89437963866693], [16.391685836840622, 57.894379638978165], [16.39172054049775, 57.89527759115166]]]]}}, {"type": "Feature", "properties": {"T": 0, "v": 0, "p": 0, "B": 15}, "geometry": {"type": "MultiPolygon", "coordinates": [[[[16.66434229921942, 57.7707142399639], [16.666022595910825, 57.770692160539284], [16.66598125375632, 57.769794305404154], [16.664301020240632, 57.76981638378335], [16.664300998714335, 57.769816384066075], [16.66434229921942, 57.7707142399639]]]]}}, {"type": "Feature", "properties": {"T": 0, "v": 0, "p": 0, "B": 34}, "geometry": {"type": "MultiPolygon", "coordinates": [[[[16.626768670792238, 57.75772617339518], [16.626768683980604, 57.75772617322584], [16.628448396419962, 57.757704595085315], [16.628408006679948, 57.75680672115575], [16.626728322668956, 57.756828298720336], [16.626768670792238, 57.75772617339518]]]]}}, {"type": "Feature", "properties": {"T": 0, "v": 0, "p": 0, "B": 13}, "geometry": {"type": "MultiPolygon", "coordinates": [[[[16.647661309879776, 57.77362740621745], [16.647661440996067, 57.77362740451277], [16.649341894572412, 57.773605545417574], [16.64934189222399, 57.773605493906516], [16.649300961625784, 57.772707683129276], [16.647620549708492, 57.77272954146932], [16.64762041859545, 57.772729543173945], [16.647661309879776, 57.77362740621745]]]]}}, {"type": "Feature", "properties": {"T": 0, "v": 0, "p": 0, "B": 10}, "geometry": {"type": "MultiPolygon", "coordinates": [[[[16.61824931675416, 57.7551400990008], [16.61992892951073, 57.75511863421075], [16.619928928230525, 57.7551186055997], [16.619888755032083, 57.75422075612464], [16.618209251838213, 57.75424221930543], [16.618209183885824, 57.75424222017337], [16.61824931675416, 57.7551400990008]]]]}}, {"type": "Feature", "properties": {"T": 0, "v": 0, "p": 0, "B": 11}, "geometry": {"type": "MultiPolygon", "coordinates": [[[[16.6067307830305, 57.760677033777235], [16.606730816861564, 57.760677033348216], [16.608410662165433, 57.76065572036984], [16.608410661743033, 57.760655710864135], [16.60837076473433, 57.75975783798448], [16.606690927225916, 57.75977915065575], [16.6067307830305, 57.760677033777235]]]]}}, {"type": "Feature", "properties": {"T": 0, "v": 0, "p": 0, "B": 8}, "geometry": {"type": "MultiPolygon", "coordinates": [[[[16.62769734283859, 57.77837730478013], [16.627697344440183, 57.77837734037069], [16.629378027939726, 57.77835574490945], [16.629337582894756, 57.77745787434027], [16.627656954264413, 57.77747946888592], [16.627656941068857, 57.77747946905539], [16.62769734283859, 57.77837730478013]]]]}}, {"type": "Feature", "properties": {"T": 0, "v": 0, "p": 0, "B": 3}, "geometry": {"type": "MultiPolygon", "coordinates": [[[[16.552957271018485, 57.72181859338152], [16.552957273582155, 57.72181865322583], [16.55295731451956, 57.72181865272377], [16.554635395564194, 57.72179806127875], [16.554635392997756, 57.721798001434486], [16.554596889543607, 57.72090015006808], [16.552918850021822, 57.72092074080233], [16.552918809085426, 57.72092074130437], [16.552957271018485, 57.72181859338152]]]]}}, {"type": "Feature", "properties": {"T": 0, "v": 0, "p": 0, "B": 15}, "geometry": {"type": "MultiPolygon", "coordinates": [[[[16.602525892438624, 57.7795964901715], [16.60256567539916, 57.78049437229554], [16.604246478065523, 57.78047310952013], [16.60420665342343, 57.77957522813073], [16.602525892438624, 57.7795964901715]]]]}}, {"type": "Feature", "properties": {"T": 0, "v": 0, "p": 0, "B": 3}, "geometry": {"type": "MultiPolygon", "coordinates": [[[[16.40740155930813, 57.735198683554266], [16.407401560024727, 57.73519870200317], [16.40908041188559, 57.73518003593203], [16.409080411168137, 57.735180017483145], [16.409045492247834, 57.73428206758994], [16.407366734032543, 57.734300732437916], [16.407366681958553, 57.734300733016546], [16.40740155930813, 57.735198683554266]]]]}}, {"type": "Feature", "properties": {"T": 0, "v": 0, "p": 0, "B": 22}, "geometry": {"type": "MultiPolygon", "coordinates": [[[[16.403350035161697, 57.890657945963504], [16.405036128851375, 57.89063930218316], [16.405001099516124, 57.88974135444611], [16.403315047829253, 57.88975999758104], [16.403350035161697, 57.890657945963504]]]]}}, {"type": "Feature", "properties": {"T": 0, "v": 0, "p": 0, "B": 4}, "geometry": {"type": "MultiPolygon", "coordinates": [[[[16.443871646071983, 57.72310941781363], [16.443871648455726, 57.72310947766089], [16.443871708836728, 57.723109476972446], [16.44554991388636, 57.72309033080233], [16.445549911499846, 57.72309027095509], [16.44551410737183, 57.72219237498314], [16.443835943856396, 57.722211520492316], [16.44383588347689, 57.72221152118074], [16.443871646071983, 57.72310941781363]]]]}}, {"type": "Feature", "properties": {"T": 0, "v": 0, "p": 0, "B": 3}, "geometry": {"type": "MultiPolygon", "coordinates": [[[[16.62929713836663, 57.77655996166604], [16.629297140256522, 57.776560003625], [16.629297197925286, 57.776560002883635], [16.630977738004823, 57.77653838738162], [16.630977736112982, 57.77653834542271], [16.630937256104637, 57.775640517267036], [16.629256700024833, 57.77566213276361], [16.62929713836663, 57.77655996166604]]]]}}, {"type": "Feature", "properties": {"T": 0, "v": 0, "p": 0, "B": 9}, "geometry": {"type": "MultiPolygon", "coordinates": [[[[16.632496389638284, 57.772925214038274], [16.632496392106354, 57.77292526873399], [16.63417681837664, 57.7729036109335], [16.634176815906034, 57.772903556237814], [16.63413626279051, 57.77200574173009], [16.632455886210025, 57.77202739867894], [16.632455878178412, 57.772027398782406], [16.632496389638284, 57.772925214038274]]]]}}, {"type": "Feature", "properties": {"T": 0, "v": 0, "p": 0, "B": 13}, "geometry": {"type": "MultiPolygon", "coordinates": [[[[16.6889493949246, 57.901554734260344], [16.690635910649117, 57.90153229502856], [16.69059374505885, 57.9006344698429], [16.688907271348395, 57.90065690829784], [16.6889493949246, 57.901554734260344]]]]}}, {"type": "Feature", "properties": {"T": 0, "v": 0, "p": 0, "B": 5}, "geometry": {"type": "MultiPolygon", "coordinates": [[[[16.39523234745023, 57.89883241273991], [16.395232350058638, 57.8988324800508], [16.396918971383492, 57.89881394086193], [16.396884133355517, 57.8979159911759], [16.39519755406035, 57.897934529722896], [16.39523234745023, 57.89883241273991]]]]}}, {"type": "Feature", "properties": {"T": 0, "v": 0, "p": 0, "B": 3}, "geometry": {"type": "MultiPolygon", "coordinates": [[[[16.389826141906546, 57.88990833224591], [16.389826142268454, 57.88990834162464], [16.39151234962503, 57.88988987599468], [16.391512349262687, 57.88988986661595], [16.391477658394724, 57.88899192297481], [16.3897916158546, 57.88901038662145], [16.389791493043294, 57.88901038796553], [16.389826141906546, 57.88990833224591]]]]}}, {"type": "Feature", "properties": {"T": 0, "v": 0, "p": 0, "B": 17}, "geometry": {"type": "MultiPolygon", "coordinates": [[[[16.639299589655433, 57.77463423558288], [16.639299636996277, 57.774634234970534], [16.640980089580644, 57.774612487194055], [16.64093936251395, 57.7737146212839], [16.639258951590758, 57.773736368309045], [16.63925890425109, 57.77373636892136], [16.639299589655433, 57.77463423558288]]]]}}, {"type": "Feature", "properties": {"T": 0, "v": 0, "p": 0, "B": 7}, "geometry": {"type": "MultiPolygon", "coordinates": [[[[16.453401493935672, 57.709524867545], [16.453401543986875, 57.709524866970426], [16.45507912379638, 57.709505597263], [16.455079123080775, 57.70950557942578], [16.455043100186185, 57.708607643287145], [16.45336556187311, 57.7086269123295], [16.453365511823144, 57.70862691290406], [16.453401493935672, 57.709524867545]]]]}}, {"type": "Feature", "properties": {"T": 0, "v": 0, "p": 0, "B": 3}, "geometry": {"type": "MultiPolygon", "coordinates": [[[[16.641550522899927, 57.78718259082028], [16.6415505230701, 57.78718259456869], [16.643231742724915, 57.78716081157698], [16.64319094001111, 57.786262948468526], [16.641509762056558, 57.786284730707536], [16.641550522899927, 57.78718259082028]]]]}}, {"type": "Feature", "properties": {"T": 0, "v": 0, "p": 0, "B": 11}, "geometry": {"type": "MultiPolygon", "coordinates": [[[[16.520958674404376, 57.719511910227965], [16.52263671481998, 57.719491742753085], [16.522599004528576, 57.7185938177362], [16.520921005632985, 57.718613984514974], [16.520958674404376, 57.719511910227965]]]]}}, {"type": "Feature", "properties": {"T": 0, "v": 0, "p": 0, "B": 3}, "geometry": {"type": "MultiPolygon", "coordinates": [[[[16.603291335694134, 57.75892381035798], [16.603291336397234, 57.75892382623218], [16.60329141983931, 57.75892382517631], [16.60497113701996, 57.758902558818605], [16.604931327581628, 57.758004674670495], [16.60325156858087, 57.75802594134956], [16.603291335694134, 57.75892381035798]]]]}}, {"type": "Feature", "properties": {"T": 0, "v": 0, "p": 0, "B": 21}, "geometry": {"type": "MultiPolygon", "coordinates": [[[[16.644593332298992, 57.74312170187147], [16.644634101823453, 57.74401957050319], [16.646313176931045, 57.74399775865307], [16.64627236582909, 57.74309989077454], [16.644593332298992, 57.74312170187147]]]]}}, {"type": "Feature", "properties": {"T": 0, "v": 0, "p": 0, "B": 23}, "geometry": {"type": "MultiPolygon", "coordinates": [[[[16.628246471739587, 57.753215223976376], [16.628286851872115, 57.75411309849041], [16.629966408646258, 57.75409150090627], [16.629925986907075, 57.753193627138145], [16.628246471739587, 57.753215223976376]]]]}}, {"type": "Feature", "properties": {"T": 0, "v": 0, "p": 0, "B": 8}, "geometry": {"type": "MultiPolygon", "coordinates": [[[[16.69068467787873, 57.72274979939679], [16.6906847624153, 57.72274979826803], [16.692362728579344, 57.7227273824759], [16.69236272623149, 57.72272733218813], [16.692320810702665, 57.721829532603245], [16.69064288605163, 57.72185194762164], [16.690642801517146, 57.721851948750356], [16.69068467787873, 57.72274979939679]]]]}}, {"type": "Feature", "properties": {"T": 0, "v": 0, "p": 0, "B": 37}, "geometry": {"type": "MultiPolygon", "coordinates": [[[[16.65458574327206, 57.741194769353555], [16.65626467906211, 57.74117282629823], [16.656264675569975, 57.74117274992491], [16.65622362581545, 57.74027496251458], [16.65454473159428, 57.74029690481225], [16.65458574327206, 57.741194769353555]]]]}}, {"type": "Feature", "properties": {"T": 0, "v": 0, "p": 0, "B": 96}, "geometry": {"type": "MultiPolygon", "coordinates": [[[[16.637958244342833, 57.74500446872348], [16.63795829164498, 57.74500446811184], [16.639637370712464, 57.744982745109574], [16.639596723508433, 57.74408487436933], [16.63791763871956, 57.74410659723312], [16.637958244342833, 57.74500446872348]]]]}}, {"type": "Feature", "properties": {"T": 0, "v": 0, "p": 0, "B": 27}, "geometry": {"type": "MultiPolygon", "coordinates": [[[[16.578406583403563, 57.766423336084706], [16.58008689088393, 57.76640239507315], [16.58004768715695, 57.76550450114759], [16.578367530588658, 57.76552544007479], [16.578367421324675, 57.765525441435756], [16.578406583403563, 57.766423336084706]]]]}}, {"type": "Feature", "properties": {"T": 0, "v": 0, "p": 0, "B": 3}, "geometry": {"type": "MultiPolygon", "coordinates": [[[[16.421079126782228, 57.74133449401293], [16.421114354023565, 57.74223245284389], [16.421114484663686, 57.74223245137831], [16.42279366032327, 57.74221360205155], [16.422758391488717, 57.74131564387151], [16.42275839133778, 57.74131564002853], [16.421079257268353, 57.74133448870437], [16.42107912663147, 57.74133449016994], [16.421079126782228, 57.74133449401293]]]]}}, {"type": "Feature", "properties": {"T": 0, "v": 0, "p": 0, "B": 3}, "geometry": {"type": "MultiPolygon", "coordinates": [[[[16.72489892359456, 57.70072617407456], [16.72489892535088, 57.70072621101402], [16.726575927642855, 57.700703346285444], [16.72657592588483, 57.700703309346], [16.72653319893432, 57.699805509277326], [16.724856238094038, 57.69982837321703], [16.72489892359456, 57.70072617407456]]]]}}, {"type": "Feature", "properties": {"T": 0, "v": 0, "p": 0, "B": 3}, "geometry": {"type": "MultiPolygon", "coordinates": [[[[16.76580103253767, 57.81695722056742], [16.76580103604992, 57.81695729240131], [16.76580104845163, 57.81695729222864], [16.767483393700996, 57.81693385634907], [16.767483390185408, 57.816933784515236], [16.767439456129193, 57.81603605548413], [16.765757152647968, 57.816059490553535], [16.76575714024656, 57.8160594907262], [16.76580103253767, 57.81695722056742]]]]}}, {"type": "Feature", "properties": {"T": 0, "v": 0, "p": 0, "B": 17}, "geometry": {"type": "MultiPolygon", "coordinates": [[[[16.626970447411058, 57.76221554457825], [16.62701080993669, 57.763113418376655], [16.628690785316763, 57.76309183559442], [16.628650381159556, 57.76219396254151], [16.626970447411058, 57.76221554457825]]]]}}, {"type": "Feature", "properties": {"T": 0, "v": 0, "p": 0, "B": 3}, "geometry": {"type": "MultiPolygon", "coordinates": [[[[16.589167942121687, 57.70519821399665], [16.589167943321605, 57.705198241385695], [16.589167992558792, 57.70519824076757], [16.590845267411698, 57.70517717348365], [16.590845266210515, 57.70517714609463], [16.59080589002275, 57.70427927548827], [16.58912865664396, 57.70430034204522], [16.589128607407996, 57.70430034266332], [16.589167942121687, 57.70519821399665]]]]}}, {"type": "Feature", "properties": {"T": 0, "v": 0, "p": 0, "B": 3}, "geometry": {"type": "MultiPolygon", "coordinates": [[[[16.45985311112283, 57.82803467328786], [16.4598531129978, 57.82803471965695], [16.459853207753497, 57.82803471856648], [16.461536378896426, 57.82801533737336], [16.461536377019296, 57.828015291004306], [16.461500029418612, 57.82711740288222], [16.459816900101114, 57.82713678340514], [16.459816805347774, 57.82713678449554], [16.45985311112283, 57.82803467328786]]]]}}, {"type": "Feature", "properties": {"T": 0, "v": 0, "p": 0, "B": 23}, "geometry": {"type": "MultiPolygon", "coordinates": [[[[16.649467007246074, 57.73946464332769], [16.651145867202807, 57.73944276851506], [16.651104943533177, 57.738544902167426], [16.649426125140995, 57.73856677622478], [16.649467007246074, 57.73946464332769]]]]}}, {"type": "Feature", "properties": {"T": 0, "v": 0, "p": 0, "B": 14}, "geometry": {"type": "MultiPolygon", "coordinates": [[[[16.408408448991672, 57.89060194594538], [16.40844356443141, 57.89149989224782], [16.41012969384573, 57.89148118068289], [16.4100945364012, 57.89058323502824], [16.408408448991672, 57.89060194594538]]]]}}, {"type": "Feature", "properties": {"T": 0, "v": 0, "p": 0, "B": 3}, "geometry": {"type": "MultiPolygon", "coordinates": [[[[16.45229920361495, 57.72391141422233], [16.452299205885094, 57.7239114708849], [16.452299211543533, 57.723911470820006], [16.453977502188252, 57.72389221219112], [16.45397749991548, 57.72389215552861], [16.453941485850674, 57.72299425983089], [16.452263236743097, 57.723013517794925], [16.452263231084796, 57.723013517859826], [16.45229920361495, 57.72391141422233]]]]}}, {"type": "Feature", "properties": {"T": 0, "v": 0, "p": 0, "B": 3}, "geometry": {"type": "MultiPolygon", "coordinates": [[[[16.620724472114276, 57.73534371144207], [16.620724472512144, 57.73534372033643], [16.62072449084913, 57.73534372010178], [16.622403165635667, 57.7353222273665], [16.622403165237387, 57.735322218472156], [16.62236296055972, 57.7344243475533], [16.620684327328323, 57.734445839546545], [16.620684308991788, 57.734445839781195], [16.620724472114276, 57.73534371144207]]]]}}, {"type": "Feature", "properties": {"T": 0, "v": 0, "p": 0, "B": 3}, "geometry": {"type": "MultiPolygon", "coordinates": [[[[16.643272547867475, 57.78805867453908], [16.644953668169645, 57.788036870306065], [16.644953668143977, 57.78803686974182], [16.644912821327985, 57.78713900809744], [16.643231742724915, 57.78716081157698], [16.643272547867475, 57.78805867453908]]]]}}, {"type": "Feature", "properties": {"T": 0, "v": 0, "p": 0, "B": 3}, "geometry": {"type": "MultiPolygon", "coordinates": [[[[16.37720392927437, 57.82446714989067], [16.377203931650268, 57.824467212184224], [16.37888695270669, 57.82444892858864], [16.378886950327892, 57.82444886629514], [16.37885266310171, 57.823550961458956], [16.37716968386571, 57.82356924442229], [16.37720392927437, 57.82446714989067]]]]}}, {"type": "Feature", "properties": {"T": 0, "v": 0, "p": 0, "B": 25}, "geometry": {"type": "MultiPolygon", "coordinates": [[[[16.666022595910825, 57.770692160539284], [16.66602266190315, 57.770692159671675], [16.66770289014255, 57.77067005884639], [16.667661506338828, 57.769772204474776], [16.665981319747008, 57.7697943045366], [16.66598125375632, 57.769794305404154], [16.666022595910825, 57.770692160539284]]]]}}, {"type": "Feature", "properties": {"T": 0, "v": 0, "p": 0, "B": 7}, "geometry": {"type": "MultiPolygon", "coordinates": [[[[16.385147680736594, 57.89984119296034], [16.386834356522506, 57.89982278746396], [16.38679976859648, 57.8989248340794], [16.385113134843788, 57.898943238938486], [16.385147680736594, 57.89984119296034]]]]}}, {"type": "Feature", "properties": {"T": 0, "v": 0, "p": 0, "B": 9}, "geometry": {"type": "MultiPolygon", "coordinates": [[[[16.43388513503268, 57.852586304484355], [16.433885137026955, 57.85258635464962], [16.433885213146553, 57.85258635378957], [16.435569428733057, 57.85256731337593], [16.43556942673644, 57.852567263210695], [16.435533691014303, 57.85166937208717], [16.43384951732039, 57.851688411842126], [16.433849441202682, 57.85168841270212], [16.43388513503268, 57.852586304484355]]]]}}, {"type": "Feature", "properties": {"T": 0, "v": 0, "p": 0, "B": 10}, "geometry": {"type": "MultiPolygon", "coordinates": [[[[16.636100876434185, 57.77826913851744], [16.637781686463747, 57.77824742988482], [16.637741033046662, 57.777349563057854], [16.63606026469319, 57.77737127094046], [16.636100876434185, 57.77826913851744]]]]}}, {"type": "Feature", "properties": {"T": 0, "v": 0, "p": 0, "B": 8}, "geometry": {"type": "MultiPolygon", "coordinates": [[[[16.647706466206127, 57.73769076003696], [16.647706503184505, 57.737690759555896], [16.649385245466203, 57.73766890897529], [16.6493443682215, 57.73677104157919], [16.64766563052124, 57.73679289188643], [16.647706466206127, 57.73769076003696]]]]}}, {"type": "Feature", "properties": {"T": 0, "v": 0, "p": 0, "B": 32}, "geometry": {"type": "MultiPolygon", "coordinates": [[[[16.586032731296584, 57.78699099492894], [16.586032731600675, 57.786991001861736], [16.586032741626088, 57.7869910017363], [16.587713849685954, 57.78696995678949], [16.587674425456672, 57.786072069104236], [16.585993349072247, 57.78609311344927], [16.586032731296584, 57.78699099492894]]]]}}, {"type": "Feature", "properties": {"T": 0, "v": 0, "p": 0, "B": 3}, "geometry": {"type": "MultiPolygon", "coordinates": [[[[16.71584622201657, 57.899397362795334], [16.715846224465494, 57.89939741417596], [16.715846338498565, 57.89939741263529], [16.717532615591978, 57.89937461841096], [16.71753261314065, 57.89937456703037], [16.71748978295736, 57.898476805463616], [16.7158035478668, 57.89849959889883], [16.71580343383657, 57.89849960043947], [16.71584622201657, 57.899397362795334]]]]}}, {"type": "Feature", "properties": {"T": 0, "v": 0, "p": 0, "B": 6}, "geometry": {"type": "MultiPolygon", "coordinates": [[[[16.63269899791047, 57.777414616299474], [16.634379632508857, 57.777392954757424], [16.634339064854874, 57.77649508628507], [16.632658471927062, 57.776516747078745], [16.63269899791047, 57.777414616299474]]]]}}, {"type": "Feature", "properties": {"T": 0, "v": 0, "p": 0, "B": 3}, "geometry": {"type": "MultiPolygon", "coordinates": [[[[16.64909633342036, 57.768218369489496], [16.65077652719185, 57.76819649275497], [16.650776523970286, 57.76819642213883], [16.650735567211086, 57.76729863034305], [16.649055452092032, 57.76732050584028], [16.649055415083406, 57.767320506321894], [16.64909633342036, 57.768218369489496]]]]}}, {"type": "Feature", "properties": {"T": 0, "v": 0, "p": 0, "B": 11}, "geometry": {"type": "MultiPolygon", "coordinates": [[[[16.605727970467132, 57.77596241974062], [16.60576782730194, 57.77686030097694], [16.607448597101694, 57.776838994831635], [16.607408698592188, 57.77594111433145], [16.605727970467132, 57.77596241974062]]]]}}, {"type": "Feature", "properties": {"T": 0, "v": 0, "p": 0, "B": 16}, "geometry": {"type": "MultiPolygon", "coordinates": [[[[16.61492999760627, 57.75608084373937], [16.61497005201416, 57.75697872375558], [16.61664989128003, 57.75695730023295], [16.61660979525306, 57.756059420956674], [16.61492999760627, 57.75608084373937]]]]}}, {"type": "Feature", "properties": {"T": 0, "v": 0, "p": 0, "B": 6}, "geometry": {"type": "MultiPolygon", "coordinates": [[[[16.63597904846092, 57.775575535347784], [16.636019655368834, 57.77647340321725], [16.6377003820487, 57.77645169608463], [16.637659733469658, 57.77555382896512], [16.63597904846092, 57.775575535347784]]]]}}, {"type": "Feature", "properties": {"T": 0, "v": 0, "p": 0, "B": 4}, "geometry": {"type": "MultiPolygon", "coordinates": [[[[16.429935839344044, 57.88047958566346], [16.42993584098009, 57.880479626886576], [16.429935922336668, 57.88047962597033], [16.4316214390528, 57.88046063228388], [16.431621437414826, 57.88046059106078], [16.43158576110826, 57.879562693418805], [16.429900286362578, 57.87958168644786], [16.42990020500802, 57.87958168736407], [16.429935839344044, 57.88047958566346]]]]}}, {"type": "Feature", "properties": {"T": 0, "v": 0, "p": 0, "B": 30}, "geometry": {"type": "MultiPolygon", "coordinates": [[[[16.610450101372255, 57.76871540275012], [16.610490064196377, 57.769613282941485], [16.612170493541687, 57.769591915869796], [16.61213048906326, 57.76869403641655], [16.610450101372255, 57.76871540275012]]]]}}, {"type": "Feature", "properties": {"T": 0, "v": 0, "p": 0, "B": 17}, "geometry": {"type": "MultiPolygon", "coordinates": [[[[16.613090308710152, 57.752510718018705], [16.61309038181866, 57.752510717087816], [16.61476980379472, 57.752489322216476], [16.614729761295848, 57.751591441471234], [16.61305030781477, 57.751612836534555], [16.613090308710152, 57.752510718018705]]]]}}, {"type": "Feature", "properties": {"T": 0, "v": 0, "p": 0, "B": 3}, "geometry": {"type": "MultiPolygon", "coordinates": [[[[16.703560909644178, 57.710897755241], [16.703560909734115, 57.71089775715548], [16.70523840095163, 57.71087517255519], [16.705238400861607, 57.71087517064071], [16.705196183571122, 57.70997732697762], [16.70351875849237, 57.709999910466735], [16.70351873383505, 57.70999991079853], [16.703560909644178, 57.710897755241]]]]}}, {"type": "Feature", "properties": {"T": 0, "v": 0, "p": 0, "B": 4}, "geometry": {"type": "MultiPolygon", "coordinates": [[[[16.47915237814115, 57.72360059900154], [16.479152380453236, 57.72360065566344], [16.479152404746266, 57.72360065537968], [16.48083064221233, 57.72358104122472], [16.480830639897622, 57.72358098456287], [16.48079396128533, 57.72268309960633], [16.479115765353093, 57.722702713084225], [16.479115741060664, 57.722702713367966], [16.47915237814115, 57.72360059900154]]]]}}, {"type": "Feature", "properties": {"T": 0, "v": 0, "p": 0, "B": 56}, "geometry": {"type": "MultiPolygon", "coordinates": [[[[16.390068748229645, 57.89619410306701], [16.39010341400544, 57.89709205559788], [16.391789957497593, 57.89707358485273], [16.391755249696605, 57.89617563296136], [16.390068748229645, 57.89619410306701]]]]}}, {"type": "Feature", "properties": {"T": 0, "v": 0, "p": 0, "B": 3}, "geometry": {"type": "MultiPolygon", "coordinates": [[[[16.411284548471972, 57.79175193550204], [16.411284645125306, 57.79175193442614], [16.412966160905313, 57.791733204924014], [16.41293106841195, 57.7908352461518], [16.411249594360342, 57.79085397500663], [16.411249497709402, 57.79085397608251], [16.411284548471972, 57.79175193550204]]]]}}, {"type": "Feature", "properties": {"T": 0, "v": 0, "p": 0, "B": 4}, "geometry": {"type": "MultiPolygon", "coordinates": [[[[16.543849568195515, 57.78391825364245], [16.543849569035245, 57.783918273312715], [16.543849575886338, 57.78391827322928], [16.54553057817486, 57.78389778821821], [16.545530577334215, 57.783897768547945], [16.545492205689293, 57.78299988200559], [16.54381124509632, 57.78302036630883], [16.5438112382454, 57.783020366392265], [16.543849568195515, 57.78391825364245]]]]}}, {"type": "Feature", "properties": {"T": 0, "v": 0, "p": 0, "B": 28}, "geometry": {"type": "MultiPolygon", "coordinates": [[[[16.41030551606715, 57.895970996611524], [16.410305618180264, 57.895970995477605], [16.411991992504174, 57.89595225787833], [16.411956779023868, 57.89505422380301], [16.410270446722222, 57.8950729607535], [16.41027034461165, 57.89507296188739], [16.41030551606715, 57.895970996611524]]]]}}, {"type": "Feature", "properties": {"T": 0, "v": 0, "p": 0, "B": 3}, "geometry": {"type": "MultiPolygon", "coordinates": [[[[16.407467180478054, 57.78011578761566], [16.407467181987002, 57.78011582639438], [16.407467189644425, 57.78011582630934], [16.409148117669503, 57.780097150340225], [16.40914811615875, 57.78009711156155], [16.409113135715547, 57.7791991884337], [16.40743224938573, 57.779217863757474], [16.4074322417285, 57.77921786384251], [16.407467180478054, 57.78011578761566]]]]}}, {"type": "Feature", "properties": {"T": 0, "v": 0, "p": 0, "B": 3}, "geometry": {"type": "MultiPolygon", "coordinates": [[[[16.61952728951203, 57.746139786329486], [16.619527292215412, 57.74613984678294], [16.61952740458898, 57.746139845346256], [16.621206625060044, 57.746118365383715], [16.621206622353856, 57.746118304930285], [16.621166432875864, 57.745220486580095], [16.619487253990858, 57.74524196580091], [16.619487141620077, 57.74524196723754], [16.61952728951203, 57.746139786329486]]]]}}, {"type": "Feature", "properties": {"T": 0, "v": 0, "p": 0, "B": 7}, "geometry": {"type": "MultiPolygon", "coordinates": [[[[16.65802594782474, 57.74294658479745], [16.659704961875192, 57.74292459573539], [16.659704958667376, 57.742924525730565], [16.659663820596343, 57.742026733763026], [16.65798487478677, 57.74204872171676], [16.65798484811931, 57.74204872206584], [16.65802594782474, 57.74294658479745]]]]}}, {"type": "Feature", "properties": {"T": 0, "v": 0, "p": 0, "B": 3}, "geometry": {"type": "MultiPolygon", "coordinates": [[[[16.713244362161408, 57.70268130164746], [16.71324436360524, 57.7026813322189], [16.714921466505142, 57.702658621374866], [16.714921465059902, 57.70265859080345], [16.714879022928585, 57.70176077915662], [16.71320197583492, 57.70178348902284], [16.71320196148675, 57.70178348921703], [16.713244362161408, 57.70268130164746]]]]}}, {"type": "Feature", "properties": {"T": 0, "v": 0, "p": 0, "B": 3}, "geometry": {"type": "MultiPolygon", "coordinates": [[[[16.59523075551087, 57.80484327352048], [16.595230756968537, 57.804843306538494], [16.59523085085034, 57.804843305357416], [16.596912836208972, 57.80482213367111], [16.596912836512065, 57.80482213366729], [16.59691283505286, 57.80482210064929], [16.596873156554196, 57.803924252536945], [16.595191118763612, 57.80394542467632], [16.59523075551087, 57.80484327352048]]]]}}, {"type": "Feature", "properties": {"T": 0, "v": 0, "p": 0, "B": 35}, "geometry": {"type": "MultiPolygon", "coordinates": [[[[16.62201097088796, 57.76407591080353], [16.622051213301784, 57.764973786541965], [16.623731279149315, 57.76495226906389], [16.62369099509838, 57.76405439406872], [16.62201097088796, 57.76407591080353]]]]}}, {"type": "Feature", "properties": {"T": 0, "v": 0, "p": 0, "B": 9}, "geometry": {"type": "MultiPolygon", "coordinates": [[[[16.631463708598115, 57.787312813609475], [16.631463708767246, 57.7873128173579], [16.633144942943478, 57.787291168080436], [16.633144942774177, 57.787291164332025], [16.633104390420495, 57.78639330046758], [16.631423197945725, 57.78641494899695], [16.631463708598115, 57.787312813609475]]]]}}, {"type": "Feature", "properties": {"T": 0, "v": 0, "p": 0, "B": 3}, "geometry": {"type": "MultiPolygon", "coordinates": [[[[16.709527416780617, 57.90846650899611], [16.709527417708863, 57.908466528536714], [16.70952749231774, 57.90846652753255], [16.71121410015681, 57.908443816302345], [16.71121409922765, 57.90844379676177], [16.71117141006094, 57.90754600168077], [16.709484769641108, 57.907568713128754], [16.709527416780617, 57.90846650899611]]]]}}, {"type": "Feature", "properties": {"T": 0, "v": 0, "p": 0, "B": 32}, "geometry": {"type": "MultiPolygon", "coordinates": [[[[16.645082726626107, 57.753896115784144], [16.64676225924909, 57.75387429564689], [16.646762257802916, 57.75387426385204], [16.646721421444035, 57.75297642938004], [16.645041930425712, 57.752998248763745], [16.645082726626107, 57.753896115784144]]]]}}, {"type": "Feature", "properties": {"T": 0, "v": 0, "p": 0, "B": 8}, "geometry": {"type": "MultiPolygon", "coordinates": [[[[16.66770289014255, 57.77067005884639], [16.667703000600234, 57.77067005739276], [16.669383320469933, 57.770647933060076], [16.6693833176525, 57.770647871997035], [16.66934189501376, 57.76975007945277], [16.667661506338828, 57.769772204474776], [16.66770289014255, 57.77067005884639]]]]}}, {"type": "Feature", "properties": {"T": 0, "v": 0, "p": 0, "B": 5}, "geometry": {"type": "MultiPolygon", "coordinates": [[[[16.658930759940603, 57.762699527756986], [16.660610689231053, 57.76267752198186], [16.660569494091316, 57.76177966323949], [16.658889633110626, 57.76180166790523], [16.658889606428634, 57.76180166825454], [16.658930759940603, 57.762699527756986]]]]}}, {"type": "Feature", "properties": {"T": 0, "v": 0, "p": 0, "B": 4}, "geometry": {"type": "MultiPolygon", "coordinates": [[[[16.685660718881717, 57.903395157821976], [16.685660720691494, 57.90339519646715], [16.685660726755536, 57.90339519638667], [16.687347186412754, 57.90337280229624], [16.68730509982266, 57.90247497585217], [16.68561868218131, 57.90249736916727], [16.68561867611742, 57.90249736924777], [16.685660718881717, 57.903395157821976]]]]}}, {"type": "Feature", "properties": {"T": 0, "v": 0, "p": 0, "B": 72}, "geometry": {"type": "MultiPolygon", "coordinates": [[[[16.63631968201316, 57.745924042183795], [16.636319684880768, 57.74592404214676], [16.63799885238052, 57.74590234006754], [16.637998849646333, 57.745902279614626], [16.637958244342833, 57.74500446872348], [16.636279115558903, 57.74502617009036], [16.63631968201316, 57.745924042183795]]]]}}, {"type": "Feature", "properties": {"T": 0, "v": 0, "p": 0, "B": 44}, "geometry": {"type": "MultiPolygon", "coordinates": [[[[16.64623155715349, 57.742202022749424], [16.64791068513295, 57.74218018835992], [16.64786983730772, 57.74128232094223], [16.64619088190344, 57.74130415287528], [16.646190750904044, 57.74130415457783], [16.64623155715349, 57.742202022749424]]]]}}, {"type": "Feature", "properties": {"T": 0, "v": 0, "p": 0, "B": 41}, "geometry": {"type": "MultiPolygon", "coordinates": [[[[16.65319366401905, 57.74750174314595], [16.654872893299988, 57.747479817034744], [16.65483186454993, 57.74658195352041], [16.65315267685536, 57.74660387887447], [16.65319366401905, 57.74750174314595]]]]}}, {"type": "Feature", "properties": {"T": 0, "v": 0, "p": 0, "B": 23}, "geometry": {"type": "MultiPolygon", "coordinates": [[[[16.651104943533177, 57.738544902167426], [16.651145867202807, 57.73944276851506], [16.652824863166234, 57.73942086965397], [16.652783897928828, 57.738523004062415], [16.651104943533177, 57.738544902167426]]]]}}, {"type": "Feature", "properties": {"T": 0, "v": 0, "p": 0, "B": 11}, "geometry": {"type": "MultiPolygon", "coordinates": [[[[16.597681769853324, 57.78414956453763], [16.599362746368577, 57.78412836566985], [16.59932303732304, 57.78323048266048], [16.597642102499844, 57.78325168079578], [16.597681769853324, 57.78414956453763]]]]}}, {"type": "Feature", "properties": {"T": 0, "v": 0, "p": 0, "B": 22}, "geometry": {"type": "MultiPolygon", "coordinates": [[[[16.596690789583857, 57.76170233127774], [16.596690789862723, 57.76170233759921], [16.596690834016005, 57.76170233704281], [16.59837072481537, 57.76168115703298], [16.598331074794732, 57.76078327038754], [16.59665118147225, 57.760804450222174], [16.596690789583857, 57.76170233127774]]]]}}, {"type": "Feature", "properties": {"T": 0, "v": 0, "p": 0, "B": 18}, "geometry": {"type": "MultiPolygon", "coordinates": [[[[16.63808007325346, 57.74769802823214], [16.638080075699904, 57.747698082316624], [16.638080123005565, 57.747698081704904], [16.63975932682663, 57.74767635645212], [16.639718672371366, 57.74677848615098], [16.638039462832804, 57.74680021126524], [16.63808007325346, 57.74769802823214]]]]}}, {"type": "Feature", "properties": {"T": 0, "v": 0, "p": 0, "B": 4}, "geometry": {"type": "MultiPolygon", "coordinates": [[[[16.70042319330077, 57.75136855904968], [16.700423195092984, 57.75136859721187], [16.700423224937296, 57.751368596811304], [16.702102563070497, 57.7513460442528], [16.70206035740762, 57.75044820298935], [16.70038106086668, 57.75047075476903], [16.700381031023106, 57.750470755169616], [16.70042319330077, 57.75136855904968]]]]}}, {"type": "Feature", "properties": {"T": 0, "v": 0, "p": 0, "B": 3}, "geometry": {"type": "MultiPolygon", "coordinates": [[[[16.600077915347953, 57.80029027580042], [16.60007791751469, 57.8002903247396], [16.60175978122418, 57.80026908863319], [16.601759779055172, 57.80026903969404], [16.60171998786513, 57.799371208975586], [16.601719982396173, 57.79937120904465], [16.600038254597088, 57.799392443228605], [16.600038165895576, 57.799392444347994], [16.600077915347953, 57.80029027580042]]]]}}, {"type": "Feature", "properties": {"T": 0, "v": 0, "p": 0, "B": 29}, "geometry": {"type": "MultiPolygon", "coordinates": [[[[16.662703120159126, 57.77163409757208], [16.662703122819057, 57.77163415545115], [16.664383602181825, 57.77161209571486], [16.66434229921942, 57.7707142399639], [16.662661861512184, 57.77073629893815], [16.662703120159126, 57.77163409757208]]]]}}, {"type": "Feature", "properties": {"T": 0, "v": 0, "p": 0, "B": 4}, "geometry": {"type": "MultiPolygon", "coordinates": [[[[16.403280062585054, 57.88886204905731], [16.40496607227162, 57.888843406567766], [16.404931047117685, 57.88794545854809], [16.40324514208307, 57.88796409969992], [16.40324507942892, 57.887964100392274], [16.403280062585054, 57.88886204905731]]]]}}, {"type": "Feature", "properties": {"T": 0, "v": 0, "p": 0, "B": 3}, "geometry": {"type": "MultiPolygon", "coordinates": [[[[16.666489466231578, 57.70779754157008], [16.66648946690477, 57.70779755622132], [16.666489483241534, 57.70779755600626], [16.66816684674464, 57.7077754634513], [16.668166846070772, 57.70777544880005], [16.66812555184049, 57.706877600315515], [16.666448229813085, 57.70689969210812], [16.66644821347672, 57.70689969232317], [16.666489466231578, 57.70779754157008]]]]}}, {"type": "Feature", "properties": {"T": 0, "v": 0, "p": 0, "B": 23}, "geometry": {"type": "MultiPolygon", "coordinates": [[[[16.640950516926736, 57.73688006998496], [16.64095051704114, 57.73688007251079], [16.642629264436025, 57.73685831116479], [16.64258855585523, 57.7359604406091], [16.640909850018495, 57.7359822012038], [16.640950516926736, 57.73688006998496]]]]}}, {"type": "Feature", "properties": {"T": 0, "v": 0, "p": 0, "B": 121}, "geometry": {"type": "MultiPolygon", "coordinates": [[[[16.639881304698072, 57.75036996647733], [16.641560816668246, 57.750348214315835], [16.641560814649416, 57.7503481697841], [16.641520113361146, 57.749450345204984], [16.639840642989782, 57.749472096615285], [16.639881304698072, 57.75036996647733]]]]}}, {"type": "Feature", "properties": {"T": 0, "v": 0, "p": 0, "B": 8}, "geometry": {"type": "MultiPolygon", "coordinates": [[[[16.589079303747337, 57.77976578970859], [16.590760222200572, 57.779744704157125], [16.590720733373445, 57.77884681676663], [16.589039955581978, 57.77886790034865], [16.58903985660429, 57.778867901589564], [16.589079303747337, 57.77976578970859]]]]}}, {"type": "Feature", "properties": {"T": 0, "v": 0, "p": 0, "B": 4}, "geometry": {"type": "MultiPolygon", "coordinates": [[[[16.441515784841492, 57.790513444446994], [16.44151578486399, 57.790513445011285], [16.441515850522578, 57.79051344426468], [16.443197178930866, 57.79049431536232], [16.443197178908346, 57.79049431479802], [16.443161337491492, 57.78959636823103], [16.441479985146348, 57.7896154972189], [16.441515784841492, 57.790513444446994]]]]}}, {"type": "Feature", "properties": {"T": 0, "v": 0, "p": 0, "B": 15}, "geometry": {"type": "MultiPolygon", "coordinates": [[[[16.410727693635444, 57.90674628630255], [16.410727695150307, 57.90674632495272], [16.412414676030174, 57.90672757843184], [16.412379440834748, 57.90582963583028], [16.410692502005574, 57.905848381702015], [16.410727693635444, 57.90674628630255]]]]}}, {"type": "Feature", "properties": {"T": 0, "v": 0, "p": 0, "B": 20}, "geometry": {"type": "MultiPolygon", "coordinates": [[[[16.60576782730194, 57.77686030097694], [16.605807686508616, 57.77775818206766], [16.607488497985543, 57.77773687518622], [16.607448597101694, 57.776838994831635], [16.60576782730194, 57.77686030097694]]]]}}, {"type": "Feature", "properties": {"T": 0, "v": 0, "p": 0, "B": 15}, "geometry": {"type": "MultiPolygon", "coordinates": [[[[16.6250081936446, 57.75595198023854], [16.62504849775029, 57.75684985580398], [16.626728322668956, 57.756828298720336], [16.626687976945377, 57.75593042389943], [16.6250081936446, 57.75595198023854]]]]}}, {"type": "Feature", "properties": {"T": 0, "v": 0, "p": 0, "B": 16}, "geometry": {"type": "MultiPolygon", "coordinates": [[[[16.58008689088393, 57.76640239507315], [16.580126100863257, 57.7673003786251], [16.581806309114565, 57.76727941634809], [16.58176705748413, 57.76638143352035], [16.58008689088393, 57.76640239507315]]]]}}, {"type": "Feature", "properties": {"T": 0, "v": 0, "p": 0, "B": 12}, "geometry": {"type": "MultiPolygon", "coordinates": [[[[16.607049718819816, 57.76786018327662], [16.60872993106011, 57.76783886397854], [16.608690014636963, 57.76694098275857], [16.60700987787991, 57.76696230089109], [16.607009844042977, 57.766962301320206], [16.607049718819816, 57.76786018327662]]]]}}, {"type": "Feature", "properties": {"T": 0, "v": 0, "p": 0, "B": 17}, "geometry": {"type": "MultiPolygon", "coordinates": [[[[16.625371016912567, 57.76403285507015], [16.625411342600422, 57.76493072932127], [16.627091542191412, 57.76490916553528], [16.62705117486341, 57.76401129202899], [16.625371016912567, 57.76403285507015]]]]}}, {"type": "Feature", "properties": {"T": 0, "v": 0, "p": 0, "B": 15}, "geometry": {"type": "MultiPolygon", "coordinates": [[[[16.61161064236599, 57.757021478249484], [16.611610643356197, 57.75702150049212], [16.61329034887509, 57.75700012325286], [16.61325033608304, 57.756102242497576], [16.611570672180196, 57.75612361899853], [16.61161064236599, 57.757021478249484]]]]}}, {"type": "Feature", "properties": {"T": 0, "v": 0, "p": 0, "B": 16}, "geometry": {"type": "MultiPolygon", "coordinates": [[[[16.64791068513295, 57.74218018835992], [16.649589672233276, 57.74215833352549], [16.649548782835893, 57.74126046686241], [16.647869874289764, 57.7412823204611], [16.64786983730772, 57.74128232094223], [16.64791068513295, 57.74218018835992]]]]}}, {"type": "Feature", "properties": {"T": 0, "v": 0, "p": 0, "B": 9}, "geometry": {"type": "MultiPolygon", "coordinates": [[[[16.546168029925397, 57.72010497074907], [16.54616803160967, 57.72010497072849], [16.547846077988968, 57.72008446913793], [16.547846075161992, 57.7200844029247], [16.547807742624677, 57.71918655479972], [16.54612973776502, 57.719207055682624], [16.54612973608079, 57.719207055703194], [16.546168029925397, 57.72010497074907]]]]}}, {"type": "Feature", "properties": {"T": 0, "v": 0, "p": 0, "B": 3}, "geometry": {"type": "MultiPolygon", "coordinates": [[[[16.708847369852183, 57.71621701302126], [16.708847373272807, 57.71621708559743], [16.708847392780502, 57.716217085334144], [16.710525105899983, 57.716194429656795], [16.710525102476005, 57.71619435708071], [16.710482748977576, 57.715296587310156], [16.708805077353205, 57.7153192422056], [16.708805057845993, 57.71531924246889], [16.708847369852183, 57.71621701302126]]]]}}, {"type": "Feature", "properties": {"T": 0, "v": 0, "p": 0, "B": 4}, "geometry": {"type": "MultiPolygon", "coordinates": [[[[16.577973215181526, 57.717915753160355], [16.577973218340453, 57.717915825741265], [16.577973233501165, 57.71791582555234], [16.57965113967072, 57.717894903237955], [16.579651136508435, 57.71789483065711], [16.579612020097013, 57.716997002201126], [16.577934155438236, 57.71701792379335], [16.5779341402779, 57.71701792398229], [16.577973215181526, 57.717915753160355]]]]}}, {"type": "Feature", "properties": {"T": 0, "v": 0, "p": 0, "B": 3}, "geometry": {"type": "MultiPolygon", "coordinates": [[[[16.46681002175389, 57.79202003266735], [16.466846453566816, 57.79291796422928], [16.46684649340247, 57.79291796376838], [16.46852794053847, 57.79289849819035], [16.468491466763528, 57.792000561496586], [16.46681006135305, 57.79202002640188], [16.466810021518388, 57.79202002686275], [16.46681002175389, 57.79202003266735]]]]}}, {"type": "Feature", "properties": {"T": 0, "v": 0, "p": 0, "B": 3}, "geometry": {"type": "MultiPolygon", "coordinates": [[[[16.624618138379546, 57.78470555848971], [16.624618138977116, 57.784705571790795], [16.626299119070744, 57.78468401567025], [16.626258740558644, 57.78378614463172], [16.62457786500048, 57.78380769920198], [16.624577802156402, 57.78380770000742], [16.624618138379546, 57.78470555848971]]]]}}, {"type": "Feature", "properties": {"T": 0, "v": 0, "p": 0, "B": 60}, "geometry": {"type": "MultiPolygon", "coordinates": [[[[16.634478282452587, 57.742354158403025], [16.634478285755275, 57.742354231592934], [16.636157430666987, 57.74233255293226], [16.63611687385929, 57.74143468025362], [16.63443786741027, 57.74145635691558], [16.634437770524762, 57.74145635816576], [16.634478282452587, 57.742354158403025]]]]}}, {"type": "Feature", "properties": {"T": 0, "v": 0, "p": 0, "B": 43}, "geometry": {"type": "MultiPolygon", "coordinates": [[[[16.620451419261713, 57.7667911258208], [16.62213170933585, 57.766769627350456], [16.62209145810967, 57.76587166213438], [16.620411209685393, 57.76589315986202], [16.620451419261713, 57.7667911258208]]]]}}, {"type": "Feature", "properties": {"T": 0, "v": 0, "p": 0, "B": 31}, "geometry": {"type": "MultiPolygon", "coordinates": [[[[16.607408698592188, 57.77594111433145], [16.607448597101694, 57.776838994831635], [16.609129225941206, 57.77681766816705], [16.60908928576064, 57.775919788403655], [16.607408698592188, 57.77594111433145]]]]}}, {"type": "Feature", "properties": {"T": 0, "v": 0, "p": 0, "B": 3}, "geometry": {"type": "MultiPolygon", "coordinates": [[[[16.67697710421221, 57.89811978880436], [16.67697710690218, 57.89811984655416], [16.67866333308421, 57.89809756892488], [16.678663330391537, 57.898097511175116], [16.678621471579724, 57.897199737729686], [16.67693534844364, 57.89722201378169], [16.676935287399736, 57.89722201458776], [16.67697710421221, 57.89811978880436]]]]}}, {"type": "Feature", "properties": {"T": 0, "v": 0, "p": 0, "B": 13}, "geometry": {"type": "MultiPolygon", "coordinates": [[[[16.612170493541687, 57.769591915869796], [16.612210500400312, 57.77048979517729], [16.613890830460743, 57.77046840685877], [16.61385078194898, 57.76957052829016], [16.612170493541687, 57.769591915869796]]]]}}, {"type": "Feature", "properties": {"T": 0, "v": 0, "p": 0, "B": 42}, "geometry": {"type": "MultiPolygon", "coordinates": [[[[16.605648263912336, 57.77416665683125], [16.605688116003993, 57.77506453835872], [16.607368802456833, 57.77504323368563], [16.60732890869543, 57.77414535289418], [16.605648263912336, 57.77416665683125]]]]}}, {"type": "Feature", "properties": {"T": 0, "v": 0, "p": 0, "B": 10}, "geometry": {"type": "MultiPolygon", "coordinates": [[[[16.644756422341203, 57.74671311825094], [16.644756424942138, 57.74671317551942], [16.646435624797018, 57.746691361409624], [16.646394806414808, 57.74579349397064], [16.644715648144825, 57.74581530732715], [16.644756422341203, 57.74671311825094]]]]}}, {"type": "Feature", "properties": {"T": 0, "v": 0, "p": 0, "B": 11}, "geometry": {"type": "MultiPolygon", "coordinates": [[[[16.604246478065523, 57.78047310952013], [16.605927278361822, 57.7804518244663], [16.605887412038363, 57.77955394381233], [16.60420665342343, 57.77957522813073], [16.604246478065523, 57.78047310952013]]]]}}, {"type": "Feature", "properties": {"T": 0, "v": 0, "p": 0, "B": 44}, "geometry": {"type": "MultiPolygon", "coordinates": [[[[16.40029192703635, 57.89877673107196], [16.40029192965421, 57.89877679838273], [16.401978544731303, 57.898758192029725], [16.401943580622227, 57.8978602442739], [16.400257120054285, 57.897878848742614], [16.400257007574304, 57.897878849982696], [16.40029192703635, 57.89877673107196]]]]}}, {"type": "Feature", "properties": {"T": 0, "v": 0, "p": 0, "B": 7}, "geometry": {"type": "MultiPolygon", "coordinates": [[[[16.6251694244515, 57.75954348162402], [16.626849374238688, 57.7595219223066], [16.626809021315417, 57.758624047923924], [16.62512911315354, 57.75864560649672], [16.6251694244515, 57.75954348162402]]]]}}, {"type": "Feature", "properties": {"T": 0, "v": 0, "p": 0, "B": 3}, "geometry": {"type": "MultiPolygon", "coordinates": [[[[16.644994517442747, 57.78893473236829], [16.646675677014976, 57.788912905097305], [16.646634786040497, 57.788015043789336], [16.64495371036372, 57.78803686975854], [16.644953668169645, 57.788036870306065], [16.644994517442747, 57.78893473236829]]]]}}, {"type": "Feature", "properties": {"T": 0, "v": 0, "p": 0, "B": 3}, "geometry": {"type": "MultiPolygon", "coordinates": [[[[16.685859168761283, 57.72730618124656], [16.68585925846411, 57.727306180052324], [16.68753756864978, 57.7272838253621], [16.68753757292605, 57.7272838253051], [16.6875375713258, 57.72728379093794], [16.687495767175495, 57.72638597385083], [16.687495762899328, 57.7263859739078], [16.685817494242787, 57.72640832782639], [16.68581740454218, 57.726408329020565], [16.685859168761283, 57.72730618124656]]]]}}, {"type": "Feature", "properties": {"T": 0, "v": 0, "p": 0, "B": 4}, "geometry": {"type": "MultiPolygon", "coordinates": [[[[16.619119785806166, 57.69942824799883], [16.619119787881033, 57.69942829449308], [16.619119806199883, 57.69942829425875], [16.62079682069869, 57.69940683117638], [16.620796818621677, 57.69940678468218], [16.620756711062082, 57.69850894552248], [16.619079738019902, 57.69853040786427], [16.619079719701503, 57.6985304080986], [16.619119785806166, 57.69942824799883]]]]}}, {"type": "Feature", "properties": {"T": 0, "v": 0, "p": 0, "B": 6}, "geometry": {"type": "MultiPolygon", "coordinates": [[[[16.624110822696814, 57.698465902294124], [16.624110824920532, 57.69846595197252], [16.62411083808737, 57.69846595180357], [16.625787809128024, 57.69844442277138], [16.62578780690201, 57.69844437309301], [16.62574757750725, 57.69754653919771], [16.624070647920306, 57.697568067487055], [16.624070634753792, 57.69756806765599], [16.624110822696814, 57.698465902294124]]]]}}, {"type": "Feature", "properties": {"T": 0, "v": 0, "p": 0, "B": 24}, "geometry": {"type": "MultiPolygon", "coordinates": [[[[16.63113968969772, 57.78012986637851], [16.632820590331647, 57.7801082230847], [16.632780057112566, 57.77921035430247], [16.631099198160275, 57.7792319968485], [16.63113968969772, 57.78012986637851]]]]}}, {"type": "Feature", "properties": {"T": 0, "v": 0, "p": 0, "B": 3}, "geometry": {"type": "MultiPolygon", "coordinates": [[[[16.643231742724915, 57.78716081157698], [16.644912821327985, 57.78713900809744], [16.64491282115746, 57.78713900434903], [16.644871976917557, 57.78624114574238], [16.64319094001111, 57.786262948468526], [16.643231742724915, 57.78716081157698]]]]}}, {"type": "Feature", "properties": {"T": 0, "v": 0, "p": 0, "B": 40}, "geometry": {"type": "MultiPolygon", "coordinates": [[[[16.64188653028144, 57.757531161932064], [16.643566234199252, 57.757509383295314], [16.64352546990725, 57.756611516107874], [16.641845807604383, 57.75663329399245], [16.64188653028144, 57.757531161932064]]]]}}, {"type": "Feature", "properties": {"T": 0, "v": 0, "p": 0, "B": 11}, "geometry": {"type": "MultiPolygon", "coordinates": [[[[16.609049347956695, 57.77502190849462], [16.60908928576064, 57.775919788403655], [16.610769870552577, 57.77589844020152], [16.610729891080243, 57.77500056103003], [16.609049347956695, 57.77502190849462]]]]}}, {"type": "Feature", "properties": {"T": 0, "v": 0, "p": 0, "B": 11}, "geometry": {"type": "MultiPolygon", "coordinates": [[[[16.529424751919702, 57.72120669291599], [16.529462635045576, 57.722104614708435], [16.531140927185902, 57.72208433231697], [16.53110300253012, 57.72118641122463], [16.529424751919702, 57.72120669291599]]]]}}, {"type": "Feature", "properties": {"T": 0, "v": 0, "p": 0, "B": 3}, "geometry": {"type": "MultiPolygon", "coordinates": [[[[16.414222238660038, 57.73781779217113], [16.41422223900726, 57.73781780106631], [16.414222330359, 57.737817800046344], [16.415901343058948, 57.73779904255415], [16.41590134572564, 57.73779904252433], [16.415866253538226, 57.736901077193394], [16.415866250871602, 57.7369010772232], [16.414187279751054, 57.736919834067706], [16.41418718840158, 57.73691983508765], [16.414222238660038, 57.73781779217113]]]]}}, {"type": "Feature", "properties": {"T": 0, "v": 0, "p": 0, "B": 3}, "geometry": {"type": "MultiPolygon", "coordinates": [[[[16.41478819099706, 57.795306300034525], [16.414788193909644, 57.79530637445405], [16.414788240905523, 57.79530637392964], [16.416469830443596, 57.7952875982377], [16.416469827527553, 57.79528752381823], [16.416434646117615, 57.79438964132919], [16.414753098315316, 57.79440841637217], [16.414753051320602, 57.79440841689658], [16.41478819099706, 57.795306300034525]]]]}}, {"type": "Feature", "properties": {"T": 0, "v": 0, "p": 0, "B": 6}, "geometry": {"type": "MultiPolygon", "coordinates": [[[[16.403560006518475, 57.896045723068], [16.40359500847366, 57.89694367046145], [16.405281396257344, 57.89692502216221], [16.405246352281814, 57.8960270754144], [16.403560006518475, 57.896045723068]]]]}}, {"type": "Feature", "properties": {"T": 0, "v": 0, "p": 0, "B": 4}, "geometry": {"type": "MultiPolygon", "coordinates": [[[[16.69878580946317, 57.752288937471846], [16.69878581110432, 57.75228897244996], [16.70046536167027, 57.75226643910642], [16.700465360027497, 57.752266404128335], [16.700423195092984, 57.75136859721187], [16.698743810011464, 57.75139112811601], [16.698743686126136, 57.751391129777254], [16.69878580946317, 57.752288937471846]]]]}}, {"type": "Feature", "properties": {"T": 0, "v": 0, "p": 0, "B": 30}, "geometry": {"type": "MultiPolygon", "coordinates": [[[[16.618650776752002, 57.76411887925127], [16.61869093588757, 57.76501675647396], [16.620371006520728, 57.764995283527], [16.620330805747646, 57.76409740704602], [16.618650776752002, 57.76411887925127]]]]}}, {"type": "Feature", "properties": {"T": 0, "v": 0, "p": 0, "B": 25}, "geometry": {"type": "MultiPolygon", "coordinates": [[[[16.616689989691867, 57.75785517936339], [16.61673009048877, 57.758753058347935], [16.618409872098923, 57.75873161285162], [16.618369729681625, 57.75783373460774], [16.616689989691867, 57.75785517936339]]]]}}, {"type": "Feature", "properties": {"T": 0, "v": 0, "p": 0, "B": 3}, "geometry": {"type": "MultiPolygon", "coordinates": [[[[16.56077622985229, 57.786406102959766], [16.560776230288972, 57.78640611307694], [16.560776266135143, 57.78640611263558], [16.562457341573708, 57.78638540300359], [16.56245734113655, 57.7863853928864], [16.562418545204057, 57.78548750434586], [16.560737511465863, 57.785508213262226], [16.560737475620584, 57.78550821370359], [16.56077622985229, 57.786406102959766]]]]}}, {"type": "Feature", "properties": {"T": 0, "v": 0, "p": 0, "B": 14}, "geometry": {"type": "MultiPolygon", "coordinates": [[[[16.481292075905014, 57.81700581242022], [16.48132890291373, 57.817903735187535], [16.483011680509282, 57.817884070159415], [16.48297481170274, 57.816986148072004], [16.48297481148951, 57.81698614287879], [16.48129219426945, 57.81700580584211], [16.481292075692032, 57.81700580722701], [16.481292075905014, 57.81700581242022]]]]}}, {"type": "Feature", "properties": {"T": 0, "v": 0, "p": 0, "B": 33}, "geometry": {"type": "MultiPolygon", "coordinates": [[[[16.628609979405706, 57.76129608934246], [16.628650381159556, 57.76219396254151], [16.6303303125048, 57.762172358242715], [16.630289869122052, 57.761274485789926], [16.628609979405706, 57.76129608934246]]]]}}, {"type": "Feature", "properties": {"T": 0, "v": 0, "p": 0, "B": 3}, "geometry": {"type": "MultiPolygon", "coordinates": [[[[16.45820625171391, 57.82895201370676], [16.458206301930435, 57.828952013129516], [16.459889422811482, 57.82893265467585], [16.459889421065174, 57.82893261149121], [16.4598531129978, 57.82803471965695], [16.458170033942512, 57.828054077441166], [16.458169983727235, 57.82805407801836], [16.45820625171391, 57.82895201370676]]]]}}, {"type": "Feature", "properties": {"T": 0, "v": 0, "p": 0, "B": 13}, "geometry": {"type": "MultiPolygon", "coordinates": [[[[16.40542159308252, 57.900516807740296], [16.40710828595411, 57.900498132930544], [16.407073191575346, 57.899600187394576], [16.405386540737418, 57.89961886155774], [16.40542159308252, 57.900516807740296]]]]}}, {"type": "Feature", "properties": {"T": 0, "v": 0, "p": 0, "B": 8}, "geometry": {"type": "MultiPolygon", "coordinates": [[[[16.522712142125688, 57.72128759235509], [16.524390263347545, 57.72126740125788], [16.52439026069717, 57.72126733822837], [16.524352507049386, 57.72036947722581], [16.522674499217743, 57.72038966676184], [16.52267442735229, 57.720389667626044], [16.522712142125688, 57.72128759235509]]]]}}, {"type": "Feature", "properties": {"T": 0, "v": 0, "p": 0, "B": 3}, "geometry": {"type": "MultiPolygon", "coordinates": [[[[16.469915562080438, 57.827020166360654], [16.471598634330167, 57.82700065241007], [16.471598632310396, 57.827000602856785], [16.471562036087537, 57.82610272181369], [16.46987900565858, 57.82612223508949], [16.469915562080438, 57.827020166360654]]]]}}, {"type": "Feature", "properties": {"T": 0, "v": 0, "p": 0, "B": 4}, "geometry": {"type": "MultiPolygon", "coordinates": [[[[16.603013009657165, 57.75263859083271], [16.60301301134682, 57.75263862899677], [16.604692520667697, 57.752617366724266], [16.60465272779956, 57.751719481557], [16.602973260083346, 57.75174074309521], [16.603013009657165, 57.75263859083271]]]]}}, {"type": "Feature", "properties": {"T": 0, "v": 0, "p": 0, "B": 21}, "geometry": {"type": "MultiPolygon", "coordinates": [[[[16.599812680299763, 57.75627260936756], [16.599812681423415, 57.75627263479462], [16.60149236191476, 57.75625141409993], [16.60145264280841, 57.7553535280469], [16.599773003932004, 57.75537474800869], [16.599812680299763, 57.75627260936756]]]]}}, {"type": "Feature", "properties": {"T": 0, "v": 0, "p": 0, "B": 12}, "geometry": {"type": "MultiPolygon", "coordinates": [[[[16.654178088601633, 57.76905046399736], [16.654178091684372, 57.769050531429215], [16.654178123533217, 57.76905053101348], [16.655858319783512, 57.76902858713536], [16.655817232424727, 57.768130727141916], [16.654137077819332, 57.76815267026202], [16.654137045971275, 57.76815267067773], [16.654178088601633, 57.76905046399736]]]]}}, {"type": "Feature", "properties": {"T": 0, "v": 0, "p": 0, "B": 5}, "geometry": {"type": "MultiPolygon", "coordinates": [[[[16.642669975436835, 57.73775618157404], [16.642710688857868, 57.73865405183686], [16.644389516956146, 57.73863226674661], [16.644348761972235, 57.737734397235954], [16.642669975436835, 57.73775618157404]]]]}}, {"type": "Feature", "properties": {"T": 0, "v": 0, "p": 0, "B": 4}, "geometry": {"type": "MultiPolygon", "coordinates": [[[[16.65171905822434, 57.752012971753715], [16.651719184103086, 57.752012970112524], [16.65339863640002, 57.75199106230324], [16.653398634657318, 57.75199102414014], [16.653357637048156, 57.75109319876513], [16.65167810047482, 57.751115107458986], [16.65171905822434, 57.752012971753715]]]]}}, {"type": "Feature", "properties": {"T": 0, "v": 0, "p": 0, "B": 8}, "geometry": {"type": "MultiPolygon", "coordinates": [[[[16.638486337229114, 57.75667678478205], [16.638526976672246, 57.75757465422378], [16.640206685431856, 57.75755292010425], [16.640166004373377, 57.75665505141318], [16.638486337229114, 57.75667678478205]]]]}}, {"type": "Feature", "properties": {"T": 0, "v": 0, "p": 0, "B": 14}, "geometry": {"type": "MultiPolygon", "coordinates": [[[[16.61157067104829, 57.75612359357164], [16.611570672180196, 57.75612361899853], [16.61325033608304, 57.756102242497576], [16.61321032567072, 57.75520436159655], [16.61153073204775, 57.75522573699459], [16.611530703381444, 57.75522573735922], [16.61157067104829, 57.75612359357164]]]]}}, {"type": "Feature", "properties": {"T": 0, "v": 0, "p": 0, "B": 11}, "geometry": {"type": "MultiPolygon", "coordinates": [[[[16.641153892488834, 57.74136951661889], [16.642832847715628, 57.741347751515626], [16.642792127032507, 57.74044988169218], [16.641113213376197, 57.74047164604392], [16.641153892488834, 57.74136951661889]]]]}}, {"type": "Feature", "properties": {"T": 0, "v": 0, "p": 0, "B": 42}, "geometry": {"type": "MultiPolygon", "coordinates": [[[[16.63844570020298, 57.75577891519401], [16.638486337229114, 57.75667678478205], [16.640166004373377, 57.75665505141318], [16.64012532573437, 57.755757182575735], [16.63844570020298, 57.75577891519401]]]]}}, {"type": "Feature", "properties": {"T": 0, "v": 0, "p": 0, "B": 3}, "geometry": {"type": "MultiPolygon", "coordinates": [[[[16.403210098360677, 57.88706615158596], [16.403210161013266, 57.88706615089363], [16.40489602405415, 57.88704751038711], [16.404861003080836, 57.886149562084775], [16.403175182031188, 57.88616820194605], [16.403175119380155, 57.886168202638345], [16.403210098360677, 57.88706615158596]]]]}}, {"type": "Feature", "properties": {"T": 0, "v": 0, "p": 0, "B": 3}, "geometry": {"type": "MultiPolygon", "coordinates": [[[[16.6434439485963, 57.75481578129369], [16.643484708039665, 57.755713648773984], [16.64516432630596, 57.75569184938551], [16.64512352525279, 57.75479398265806], [16.6434439485963, 57.75481578129369]]]]}}, {"type": "Feature", "properties": {"T": 0, "v": 0, "p": 0, "B": 27}, "geometry": {"type": "MultiPolygon", "coordinates": [[[[16.40844356443141, 57.89149989224782], [16.40847868196725, 57.89239783840887], [16.410164853388867, 57.89237912619612], [16.41012969384573, 57.89148118068289], [16.40844356443141, 57.89149989224782]]]]}}, {"type": "Feature", "properties": {"T": 0, "v": 0, "p": 0, "B": 3}, "geometry": {"type": "MultiPolygon", "coordinates": [[[[16.53957009164683, 57.762409242431744], [16.539570091915735, 57.762409248753386], [16.539570148381646, 57.7624092480673], [16.54125010558911, 57.762388825168586], [16.541250105319918, 57.76238881884696], [16.541211871139772, 57.76149091407945], [16.539531955567572, 57.76151133627273], [16.539531899103057, 57.76151133695879], [16.53957009164683, 57.762409242431744]]]]}}, {"type": "Feature", "properties": {"T": 0, "v": 0, "p": 0, "B": 22}, "geometry": {"type": "MultiPolygon", "coordinates": [[[[16.645694964981242, 57.767364193281296], [16.647375121974903, 57.767342361836036], [16.647375118615123, 57.76734228803559], [16.647334247717176, 57.76644449776694], [16.64565413236526, 57.76646632845809], [16.645694964981242, 57.767364193281296]]]]}}, {"type": "Feature", "properties": {"T": 0, "v": 0, "p": 0, "B": 24}, "geometry": {"type": "MultiPolygon", "coordinates": [[[[16.620371006520728, 57.764995283527], [16.620411209685393, 57.76589315986202], [16.62209145810967, 57.76587166213438], [16.622051213301784, 57.764973786541965], [16.620371006520728, 57.764995283527]]]]}}, {"type": "Feature", "properties": {"T": 0, "v": 0, "p": 0, "B": 16}, "geometry": {"type": "MultiPolygon", "coordinates": [[[[16.605010948263562, 57.75980043013116], [16.605010948826244, 57.7598004428211], [16.606690927225916, 57.75977915065575], [16.60665107379196, 57.758881267388645], [16.60497113701996, 57.758902558818605], [16.605010948263562, 57.75980043013116]]]]}}, {"type": "Feature", "properties": {"T": 0, "v": 0, "p": 0, "B": 36}, "geometry": {"type": "MultiPolygon", "coordinates": [[[[16.408794837656103, 57.90047943727282], [16.410481387260344, 57.90046071922829], [16.410446208821703, 57.89956277498776], [16.408759701247313, 57.89958149238417], [16.408794837656103, 57.90047943727282]]]]}}, {"type": "Feature", "properties": {"T": 0, "v": 0, "p": 0, "B": 10}, "geometry": {"type": "MultiPolygon", "coordinates": [[[[16.527670958059495, 57.71943103589062], [16.52767096098374, 57.71943110528883], [16.52934899242117, 57.71941084889889], [16.529311116048138, 57.71851292667425], [16.527633192837023, 57.7185331815602], [16.527633126129988, 57.718533182365], [16.527670958059495, 57.71943103589062]]]]}}, {"type": "Feature", "properties": {"T": 0, "v": 0, "p": 0, "B": 3}, "geometry": {"type": "MultiPolygon", "coordinates": [[[[16.66719115440886, 57.723061309763864], [16.6671911707525, 57.72306130954868], [16.668869239723165, 57.723039204027444], [16.668869237407865, 57.723039153739045], [16.668827903090143, 57.722141343391684], [16.667149859293794, 57.72216344836509], [16.66719115440886, 57.723061309763864]]]]}}, {"type": "Feature", "properties": {"T": 0, "v": 0, "p": 0, "B": 3}, "geometry": {"type": "MultiPolygon", "coordinates": [[[[16.627749473932425, 57.891573260070366], [16.62779005799857, 57.89247110854418], [16.627790076415412, 57.892471108308115], [16.629476061550555, 57.89244948514816], [16.629435435494283, 57.89155163742285], [16.629435435198232, 57.89155163087982], [16.627749492053063, 57.89157325329127], [16.62774947363668, 57.89157325352732], [16.627749473932425, 57.891573260070366]]]]}}, {"type": "Feature", "properties": {"T": 0, "v": 0, "p": 0, "B": 6}, "geometry": {"type": "MultiPolygon", "coordinates": [[[[16.657415165765652, 57.76631304243025], [16.659095402586882, 57.76629105406688], [16.659095399057353, 57.76629097708271], [16.65905423560586, 57.765393114983205], [16.65905423516577, 57.765393105383644], [16.657374039989996, 57.76541509298739], [16.657415165765652, 57.76631304243025]]]]}}, {"type": "Feature", "properties": {"T": 0, "v": 0, "p": 0, "B": 3}, "geometry": {"type": "MultiPolygon", "coordinates": [[[[16.414082048242204, 57.734225914667746], [16.41408204908645, 57.734225936301115], [16.41408214042914, 57.73422593528131], [16.4157609868263, 57.73420718037966], [16.41576098949272, 57.734207180349856], [16.415725905649225, 57.733309214451786], [16.415725902982864, 57.73330921448161], [16.414047098155233, 57.73332796873568], [16.414047006814805, 57.73332796975546], [16.414082048242204, 57.734225914667746]]]]}}, {"type": "Feature", "properties": {"T": 0, "v": 0, "p": 0, "B": 22}, "geometry": {"type": "MultiPolygon", "coordinates": [[[[16.662744386580975, 57.772532011817304], [16.66274450220654, 57.77253201030022], [16.664424907601752, 57.772509951318895], [16.664383602181825, 57.77161209571486], [16.662703122819057, 57.77163415545115], [16.662744386580975, 57.772532011817304]]]]}}, {"type": "Feature", "properties": {"T": 0, "v": 0, "p": 0, "B": 17}, "geometry": {"type": "MultiPolygon", "coordinates": [[[[16.60465272779956, 57.751719481557], [16.60633233163916, 57.751698196009066], [16.606292499531985, 57.750800311431256], [16.604613065163655, 57.750821594624526], [16.604612937297812, 57.75082159624411], [16.60465272779956, 57.751719481557]]]]}}, {"type": "Feature", "properties": {"T": 0, "v": 0, "p": 0, "B": 16}, "geometry": {"type": "MultiPolygon", "coordinates": [[[[16.645905170995373, 57.735018983504915], [16.645945960267117, 57.735916852702225], [16.647624797263767, 57.73589502358937], [16.647583966433512, 57.73499715514571], [16.645905170995373, 57.735018983504915]]]]}}, {"type": "Feature", "properties": {"T": 0, "v": 0, "p": 0, "B": 5}, "geometry": {"type": "MultiPolygon", "coordinates": [[[[16.70525000831397, 57.74681161564004], [16.705250010860617, 57.74681166972269], [16.705250035542964, 57.74681166939041], [16.70692916336407, 57.74678905391531], [16.70692916081492, 57.746788999832724], [16.706886845503327, 57.745891214253504], [16.705207759261633, 57.74591382894771], [16.7052077345799, 57.74591382927996], [16.70525000831397, 57.74681161564004]]]]}}, {"type": "Feature", "properties": {"T": 0, "v": 0, "p": 0, "B": 5}, "geometry": {"type": "MultiPolygon", "coordinates": [[[[16.60732890869543, 57.77414535289418], [16.607368802456833, 57.77504323368563], [16.609049347956695, 57.77502190849462], [16.609009412529183, 57.774124028439914], [16.60732890869543, 57.77414535289418]]]]}}, {"type": "Feature", "properties": {"T": 0, "v": 0, "p": 0, "B": 23}, "geometry": {"type": "MultiPolygon", "coordinates": [[[[16.607488497985543, 57.77773687518622], [16.607528401243933, 57.77863475539518], [16.609209113433003, 57.77861342725684], [16.609169168498596, 57.77771554778475], [16.607488497985543, 57.77773687518622]]]]}}, {"type": "Feature", "properties": {"T": 0, "v": 0, "p": 0, "B": 12}, "geometry": {"type": "MultiPolygon", "coordinates": [[[[16.697190570791445, 57.75410716814018], [16.697190650241716, 57.75410716707581], [16.69887006857632, 57.754084657352294], [16.6988700672338, 57.75408462874239], [16.698827938587648, 57.75318681497499], [16.697148561851893, 57.753209323921126], [16.697148482403588, 57.75320932498544], [16.697190570791445, 57.75410716814018]]]]}}, {"type": "Feature", "properties": {"T": 0, "v": 0, "p": 0, "B": 63}, "geometry": {"type": "MultiPolygon", "coordinates": [[[[16.62053183755124, 57.76858687776125], [16.622212210924182, 57.768565377805565], [16.62217195893269, 57.76766750265099], [16.620491627210384, 57.76768900186397], [16.62053183755124, 57.76858687776125]]]]}}, {"type": "Feature", "properties": {"T": 0, "v": 0, "p": 0, "B": 3}, "geometry": {"type": "MultiPolygon", "coordinates": [[[[16.58809382405793, 57.75731843115139], [16.588093825033706, 57.75731845339429], [16.588093923952524, 57.75731845215441], [16.589773702123587, 57.7572973860453], [16.589773701146775, 57.75729736380241], [16.589734271987638, 57.75639949502322], [16.58805453543633, 57.75642056040473], [16.58805443651996, 57.75642056164456], [16.58809382405793, 57.75731843115139]]]]}}, {"type": "Feature", "properties": {"T": 0, "v": 0, "p": 0, "B": 20}, "geometry": {"type": "MultiPolygon", "coordinates": [[[[16.647456877785874, 57.769138089534735], [16.647457008885915, 57.76913808783035], [16.649137254191753, 57.76911623251057], [16.64909633342036, 57.768218369489496], [16.647415998664407, 57.76824022575864], [16.647456877785874, 57.769138089534735]]]]}}, {"type": "Feature", "properties": {"T": 0, "v": 0, "p": 0, "B": 5}, "geometry": {"type": "MultiPolygon", "coordinates": [[[[16.705546015222986, 57.75309654868194], [16.70554603990961, 57.75309654834958], [16.70722545885576, 57.753073927406994], [16.707225457356547, 57.75307389561313], [16.70718312337694, 57.75217608878042], [16.705503721341476, 57.75219870927415], [16.705546015222986, 57.75309654868194]]]]}}, {"type": "Feature", "properties": {"T": 0, "v": 0, "p": 0, "B": 23}, "geometry": {"type": "MultiPolygon", "coordinates": [[[[16.640991186481337, 57.737777943671425], [16.642669975436835, 57.73775618157404], [16.642629264436025, 57.73685831116479], [16.64095051704114, 57.73688007251079], [16.640991186481337, 57.737777943671425]]]]}}, {"type": "Feature", "properties": {"T": 0, "v": 0, "p": 0, "B": 4}, "geometry": {"type": "MultiPolygon", "coordinates": [[[[16.52934899242117, 57.71941084889889], [16.531027159979175, 57.7193905686077], [16.53098924208364, 57.7184926470831], [16.529311227159567, 57.71851292533225], [16.529311116048138, 57.71851292667425], [16.52934899242117, 57.71941084889889]]]]}}, {"type": "Feature", "properties": {"T": 0, "v": 0, "p": 0, "B": 3}, "geometry": {"type": "MultiPolygon", "coordinates": [[[[16.560094973177222, 57.73161311580056], [16.560094974245622, 57.731613140616865], [16.56009505445748, 57.731613139628756], [16.561773543976766, 57.73159245189543], [16.56177354290722, 57.73159242707915], [16.56173484656912, 57.73069454512759], [16.56005639859807, 57.730715232146714], [16.5600563183882, 57.73071523313476], [16.560094973177222, 57.73161311580056]]]]}}, {"type": "Feature", "properties": {"T": 0, "v": 0, "p": 0, "B": 74}, "geometry": {"type": "MultiPolygon", "coordinates": [[[[16.6233688089424, 57.75687138885169], [16.623409073828178, 57.75776926501481], [16.625088804253203, 57.75774773122337], [16.62504849775029, 57.75684985580398], [16.6233688089424, 57.75687138885169]]]]}}, {"type": "Feature", "properties": {"T": 0, "v": 0, "p": 0, "B": 18}, "geometry": {"type": "MultiPolygon", "coordinates": [[[[16.646517266528768, 57.74848704494802], [16.646517268843105, 57.748487095848056], [16.648196687922177, 57.748465256180175], [16.648155823092388, 57.74756738978838], [16.646476445606382, 57.74758922870211], [16.646517266528768, 57.74848704494802]]]]}}, {"type": "Feature", "properties": {"T": 0, "v": 0, "p": 0, "B": 30}, "geometry": {"type": "MultiPolygon", "coordinates": [[[[16.618851600339145, 57.76860835367552], [16.618891771422494, 57.769506230168794], [16.620572050284473, 57.769484753512614], [16.62053183755124, 57.76858687776125], [16.618851600339145, 57.76860835367552]]]]}}, {"type": "Feature", "properties": {"T": 0, "v": 0, "p": 0, "B": 3}, "geometry": {"type": "MultiPolygon", "coordinates": [[[[16.417227840397082, 57.900385559138634], [16.417227842796045, 57.90038562007998], [16.41891438187362, 57.90036679009874], [16.418914379471797, 57.90036672915743], [16.418878993281417, 57.89946884911038], [16.417192498734874, 57.899487678411745], [16.41719249623282, 57.89948767843966], [16.417227840397082, 57.900385559138634]]]]}}, {"type": "Feature", "properties": {"T": 0, "v": 0, "p": 0, "B": 7}, "geometry": {"type": "MultiPolygon", "coordinates": [[[[16.5658496248989, 57.82587221637983], [16.565849749855428, 57.82587221483731], [16.56753270764341, 57.82585142843089], [16.56753270549209, 57.82585137887982], [16.567493725855925, 57.82495353757383], [16.56581080987845, 57.82497432326149], [16.565810684925022, 57.82497432480396], [16.5658496248989, 57.82587221637983]]]]}}, {"type": "Feature", "properties": {"T": 0, "v": 0, "p": 0, "B": 20}, "geometry": {"type": "MultiPolygon", "coordinates": [[[[16.601373211682194, 57.75355775550429], [16.601412926064285, 57.75445564184835], [16.6030925209663, 57.75443440036327], [16.603052764974404, 57.753536514752795], [16.601373211682194, 57.75355775550429]]]]}}, {"type": "Feature", "properties": {"T": 0, "v": 0, "p": 0, "B": 3}, "geometry": {"type": "MultiPolygon", "coordinates": [[[[16.630937256104637, 57.775640517267036], [16.630937358244275, 57.77564051595264], [16.632617948355144, 57.77561887771181], [16.63257742719452, 57.7747210081987], [16.630896776613266, 57.77474264700635], [16.630937256104637, 57.775640517267036]]]]}}, {"type": "Feature", "properties": {"T": 0, "v": 0, "p": 0, "B": 15}, "geometry": {"type": "MultiPolygon", "coordinates": [[[[16.405386538234257, 57.899618797431636], [16.405386540737418, 57.89961886155774], [16.407073191575346, 57.899600187394576], [16.407038099291746, 57.898702241717274], [16.40535149048497, 57.89872091523389], [16.405386538234257, 57.899618797431636]]]]}}, {"type": "Feature", "properties": {"T": 0, "v": 0, "p": 0, "B": 16}, "geometry": {"type": "MultiPolygon", "coordinates": [[[[16.64963056406175, 57.743056200041984], [16.649630645477536, 57.74305619898166], [16.65130959030552, 57.74303432220784], [16.651268656902623, 57.74213645644675], [16.649589672233276, 57.74215833352549], [16.64963056406175, 57.743056200041984]]]]}}, {"type": "Feature", "properties": {"T": 0, "v": 0, "p": 0, "B": 17}, "geometry": {"type": "MultiPolygon", "coordinates": [[[[16.634501349956608, 57.780086559297274], [16.636182107166913, 57.78006487323262], [16.636182105844966, 57.78006484401063], [16.63614149059203, 57.77916700594817], [16.634460827569384, 57.77918869058639], [16.634460775059523, 57.779188691263535], [16.634501349956608, 57.780086559297274]]]]}}, {"type": "Feature", "properties": {"T": 0, "v": 0, "p": 0, "B": 69}, "geometry": {"type": "MultiPolygon", "coordinates": [[[[16.646843942145676, 57.755670027741026], [16.646844073196995, 57.755670026037535], [16.648523694058213, 57.75564818203841], [16.648482809782614, 57.7547503168191], [16.64680323053098, 57.75477216006378], [16.646803099482906, 57.754772161767235], [16.646843942145676, 57.755670027741026]]]]}}, {"type": "Feature", "properties": {"T": 0, "v": 0, "p": 0, "B": 11}, "geometry": {"type": "MultiPolygon", "coordinates": [[[[16.471562036087537, 57.82610272181369], [16.47156216503544, 57.826102720317785], [16.473245203119337, 57.82608318460491], [16.47324520096744, 57.82608313186727], [16.473208565235886, 57.82518525454142], [16.471525568970332, 57.82520478957874], [16.471525440025633, 57.825204791074576], [16.471562036087537, 57.82610272181369]]]]}}, {"type": "Feature", "properties": {"T": 0, "v": 0, "p": 0, "B": 3}, "geometry": {"type": "MultiPolygon", "coordinates": [[[[16.65057277629114, 57.91104304453555], [16.650572776895366, 57.91104305770852], [16.650572819233414, 57.91104305715839], [16.652259631055998, 57.911021127509485], [16.652259630451148, 57.91102111433651], [16.652218407183955, 57.91012328611717], [16.65053163740072, 57.91014521500673], [16.650531595063732, 57.91014521555685], [16.65057277629114, 57.91104304453555]]]]}}, {"type": "Feature", "properties": {"T": 0, "v": 0, "p": 0, "B": 5}, "geometry": {"type": "MultiPolygon", "coordinates": [[[[16.692529708494497, 57.76225517158375], [16.69257169703903, 57.76315301554369], [16.692571781669848, 57.76315301441318], [16.694251618475896, 57.763130563764186], [16.694209588305217, 57.76223272057973], [16.694209588303014, 57.76223272053268], [16.692529793121018, 57.76225517040623], [16.692529708492298, 57.762255171536694], [16.692529708494497, 57.76225517158375]]]]}}, {"type": "Feature", "properties": {"T": 0, "v": 0, "p": 0, "B": 11}, "geometry": {"type": "MultiPolygon", "coordinates": [[[[16.405001099516124, 57.88974135444611], [16.406687288144965, 57.889722687393494], [16.40668728777867, 57.88972267801481], [16.406652218896866, 57.888824740161354], [16.40496607227162, 57.888843406567766], [16.405001099516124, 57.88974135444611]]]]}}, {"type": "Feature", "properties": {"T": 0, "v": 0, "p": 0, "B": 3}, "geometry": {"type": "MultiPolygon", "coordinates": [[[[16.54285000167281, 57.72104382528703], [16.542850052919317, 57.721043824662615], [16.544528095807607, 57.72102336742818], [16.544528093122256, 57.72102330439928], [16.544489841213164, 57.72012545181975], [16.542811839846127, 57.72014590834803], [16.54281178860089, 57.72014590897241], [16.54285000167281, 57.72104382528703]]]]}}, {"type": "Feature", "properties": {"T": 0, "v": 0, "p": 0, "B": 5}, "geometry": {"type": "MultiPolygon", "coordinates": [[[[16.62029060736596, 57.76319953041916], [16.620330805747646, 57.76409740704602], [16.62201097088796, 57.76407591080353], [16.621970730868, 57.76317803491917], [16.62029060736596, 57.76319953041916]]]]}}, {"type": "Feature", "properties": {"T": 0, "v": 0, "p": 0, "B": 3}, "geometry": {"type": "MultiPolygon", "coordinates": [[[[16.69257558210446, 57.906896752711624], [16.692575583322935, 57.90689677862047], [16.692575628839474, 57.906896778013916], [16.694262207064575, 57.90687429180706], [16.694219942317012, 57.90597646906154], [16.69253336060058, 57.9059989550964], [16.69257558210446, 57.906896752711624]]]]}}, {"type": "Feature", "properties": {"T": 0, "v": 0, "p": 0, "B": 3}, "geometry": {"type": "MultiPolygon", "coordinates": [[[[16.46852794053847, 57.79289849819035], [16.46852802487109, 57.79289849721351], [16.470209425338634, 57.79287900985876], [16.470172910073412, 57.791981079643115], [16.470172909837366, 57.7919810738385], [16.46849155109406, 57.79200056051976], [16.468491466763528, 57.792000561496586], [16.46852794053847, 57.79289849819035]]]]}}, {"type": "Feature", "properties": {"T": 0, "v": 0, "p": 0, "B": 6}, "geometry": {"type": "MultiPolygon", "coordinates": [[[[16.65901307430897, 57.76449524632154], [16.66069308686237, 57.76447323902611], [16.660651886821334, 57.763575380577386], [16.658971915900647, 57.76359738711266], [16.65901307430897, 57.76449524632154]]]]}}, {"type": "Feature", "properties": {"T": 0, "v": 0, "p": 0, "B": 37}, "geometry": {"type": "MultiPolygon", "coordinates": [[[[16.634339064854874, 57.77649508628507], [16.634379632508857, 57.777392954757424], [16.63606026469319, 57.77737127094046], [16.636019655368834, 57.77647340321725], [16.634339064854874, 57.77649508628507]]]]}}, {"type": "Feature", "properties": {"T": 0, "v": 0, "p": 0, "B": 131}, "geometry": {"type": "MultiPolygon", "coordinates": [[[[16.61861062000535, 57.763221001882705], [16.62029060736596, 57.76319953041916], [16.620250411375462, 57.76230165364635], [16.618570465647412, 57.76232312436826], [16.61861062000535, 57.763221001882705]]]]}}, {"type": "Feature", "properties": {"T": 0, "v": 0, "p": 0, "B": 3}, "geometry": {"type": "MultiPolygon", "coordinates": [[[[16.640980089580644, 57.774612487194055], [16.640980181392315, 57.77461248600525], [16.64266072336487, 57.774590714766475], [16.64266072565726, 57.77459071473675], [16.642660723462846, 57.774590666409715], [16.642619956924992, 57.77369284957877], [16.642619954632654, 57.77369284960848], [16.640939454323348, 57.77371462009513], [16.64093936251395, 57.7737146212839], [16.640980089580644, 57.774612487194055]]]]}}, {"type": "Feature", "properties": {"T": 0, "v": 0, "p": 0, "B": 3}, "geometry": {"type": "MultiPolygon", "coordinates": [[[[16.55163837428026, 57.76944908138649], [16.551638377308546, 57.769449152006054], [16.55163846792809, 57.769449150896484], [16.553318843270386, 57.76942856522272], [16.553318846745583, 57.7694285651801], [16.553318843714017, 57.76942849456063], [16.553280302494134, 57.7685306602068], [16.553280299019026, 57.7685306602494], [16.55159996533297, 57.76855124521203], [16.551599874715674, 57.76855124632154], [16.55163837428026, 57.76944908138649]]]]}}, {"type": "Feature", "properties": {"T": 0, "v": 0, "p": 0, "B": 7}, "geometry": {"type": "MultiPolygon", "coordinates": [[[[16.682252577464155, 57.72196364446483], [16.682252579945686, 57.721963697937035], [16.683930601547555, 57.72194139292106], [16.68393059906355, 57.72194133944891], [16.683888893730252, 57.7210435390398], [16.682210914521036, 57.72106584327421], [16.682210913642045, 57.72106584328588], [16.682252577464155, 57.72196364446483]]]]}}, {"type": "Feature", "properties": {"T": 0, "v": 0, "p": 0, "B": 3}, "geometry": {"type": "MultiPolygon", "coordinates": [[[[16.65829504153522, 57.85883613530425], [16.658295073463243, 57.85883613488706], [16.659979446744956, 57.85881411501614], [16.65997944590162, 57.85881409669747], [16.659938113927904, 57.85791626969068], [16.65825378253953, 57.857938288799815], [16.6582537506123, 57.85793828921699], [16.65829504153522, 57.85883613530425]]]]}}, {"type": "Feature", "properties": {"T": 0, "v": 0, "p": 0, "B": 10}, "geometry": {"type": "MultiPolygon", "coordinates": [[[[16.391547042926046, 57.89078782887352], [16.393233151181697, 57.890769341747124], [16.39319841587666, 57.88987138950832], [16.391512378023346, 57.889889875683515], [16.39151234962503, 57.88988987599468], [16.391547042926046, 57.89078782887352]]]]}}, {"type": "Feature", "properties": {"T": 0, "v": 0, "p": 0, "B": 20}, "geometry": {"type": "MultiPolygon", "coordinates": [[[[16.404931046503453, 57.88794544280044], [16.404931047117685, 57.88794545854809], [16.40661715174184, 57.887926792787866], [16.40658208667972, 57.88702884527302], [16.40489602405415, 57.88704751038711], [16.404931046503453, 57.88794544280044]]]]}}, {"type": "Feature", "properties": {"T": 0, "v": 0, "p": 0, "B": 4}, "geometry": {"type": "MultiPolygon", "coordinates": [[[[16.66233185529138, 57.76355335177982], [16.662331970888292, 57.763553350263265], [16.664011959839264, 57.76353129890073], [16.66397067898784, 57.76263344187484], [16.663970678985677, 57.762633441827795], [16.66229061607106, 57.762655493945154], [16.66233185529138, 57.76355335177982]]]]}}, {"type": "Feature", "properties": {"T": 0, "v": 0, "p": 0, "B": 7}, "geometry": {"type": "MultiPolygon", "coordinates": [[[[16.615450891504786, 57.76775328854467], [16.615450894799526, 57.76775336234628], [16.617131233691406, 57.76773192994175], [16.617091109032796, 57.766834052415675], [16.615410811789676, 57.76685548407985], [16.615450891504786, 57.76775328854467]]]]}}, {"type": "Feature", "properties": {"T": 0, "v": 0, "p": 0, "B": 5}, "geometry": {"type": "MultiPolygon", "coordinates": [[[[16.549996504478937, 57.770367553678355], [16.54999650736772, 57.77036762111365], [16.54999655352198, 57.77036762054914], [16.551676882192314, 57.77034705754608], [16.551676879300405, 57.77034699011086], [16.551638377308546, 57.769449152006054], [16.549958090294872, 57.76946971429872], [16.549958044141754, 57.769469714863206], [16.549996504478937, 57.770367553678355]]]]}}, {"type": "Feature", "properties": {"T": 0, "v": 0, "p": 0, "B": 7}, "geometry": {"type": "MultiPolygon", "coordinates": [[[[16.59756277372507, 57.78145588683754], [16.597562774875236, 57.78145591287583], [16.59924362632175, 57.781434716205425], [16.599203924365614, 57.780536832759736], [16.597523158779996, 57.78055802814096], [16.59752311460372, 57.78055802869776], [16.59756277372507, 57.78145588683754]]]]}}, {"type": "Feature", "properties": {"T": 0, "v": 0, "p": 0, "B": 3}, "geometry": {"type": "MultiPolygon", "coordinates": [[[[16.458583624979006, 57.79660674639922], [16.458583627724884, 57.796606814448396], [16.458583722398252, 57.79660681335925], [16.46026543112671, 57.796587455604225], [16.46026542837767, 57.79658738755513], [16.460229157351566, 57.79568951612449], [16.45854749036153, 57.79570887321045], [16.45854739569051, 57.79570887429955], [16.458583624979006, 57.79660674639922]]]]}}, {"type": "Feature", "properties": {"T": 0, "v": 0, "p": 0, "B": 3}, "geometry": {"type": "MultiPolygon", "coordinates": [[[[16.666695770865598, 57.712286874776446], [16.6667370389416, 57.71318473652282], [16.66673705528079, 57.71318473630772], [16.66841466768974, 57.71316263917766], [16.668373358064517, 57.71226477692425], [16.66669578714603, 57.71228687329168], [16.666695770807245, 57.71228687350679], [16.666695770865598, 57.712286874776446]]]]}}, {"type": "Feature", "properties": {"T": 0, "v": 0, "p": 0, "B": 29}, "geometry": {"type": "MultiPolygon", "coordinates": [[[[16.63488357058123, 57.751332957820246], [16.636563131400553, 57.75131127167218], [16.636522550470485, 57.750413400456516], [16.634843031253034, 57.75043508585568], [16.63488357058123, 57.751332957820246]]]]}}, {"type": "Feature", "properties": {"T": 0, "v": 0, "p": 0, "B": 24}, "geometry": {"type": "MultiPolygon", "coordinates": [[[[16.41020001503078, 57.89327707156797], [16.4118863654093, 57.89325833478102], [16.41185116175429, 57.892360390057824], [16.410164853388867, 57.89237912619612], [16.41020001503078, 57.89327707156797]]]]}}, {"type": "Feature", "properties": {"T": 0, "v": 0, "p": 0, "B": 13}, "geometry": {"type": "MultiPolygon", "coordinates": [[[[16.63320414397226, 57.75135457857901], [16.63320414583727, 57.75135461992675], [16.63488357058123, 57.751332957820246], [16.634843031253034, 57.75043508585568], [16.633163700575953, 57.7504567465377], [16.63316364810772, 57.7504567472141], [16.63320414397226, 57.75135457857901]]]]}}, {"type": "Feature", "properties": {"T": 0, "v": 0, "p": 0, "B": 3}, "geometry": {"type": "MultiPolygon", "coordinates": [[[[16.375714582493657, 57.9179102747969], [16.375714582510355, 57.91791027523352], [16.377401972703357, 57.91789199292111], [16.37740197268664, 57.91789199248451], [16.37736759593233, 57.91699403853993], [16.3756802478203, 57.91701232021912], [16.375714582493657, 57.9179102747969]]]]}}, {"type": "Feature", "properties": {"T": 0, "v": 0, "p": 0, "B": 3}, "geometry": {"type": "MultiPolygon", "coordinates": [[[[16.70678912006686, 57.70815901943611], [16.706789120606484, 57.70815903090293], [16.708466620686348, 57.708136402346774], [16.708424327877538, 57.707238557886406], [16.706746982703805, 57.70726118413239], [16.706746869274745, 57.70726118566171], [16.70678912006686, 57.70815901943611]]]]}}, {"type": "Feature", "properties": {"T": 0, "v": 0, "p": 0, "B": 3}, "geometry": {"type": "MultiPolygon", "coordinates": [[[[16.48641789800434, 57.73699113054834], [16.48641789836927, 57.73699113944326], [16.486417961941896, 57.73699113869721], [16.488096774695368, 57.736971425864596], [16.488096774330028, 57.73697141696968], [16.488059894762, 57.73607348911032], [16.486381123577672, 57.7360932012623], [16.486381060006618, 57.73609320200832], [16.48641789800434, 57.73699113054834]]]]}}, {"type": "Feature", "properties": {"T": 0, "v": 0, "p": 0, "B": 3}, "geometry": {"type": "MultiPolygon", "coordinates": [[[[16.415936439776267, 57.738697002002866], [16.415936439999456, 57.738697007713505], [16.41761544776326, 57.738678227822085], [16.417580311908843, 57.73778026328139], [16.41590134572564, 57.73779904252433], [16.415936439776267, 57.738697002002866]]]]}}, {"type": "Feature", "properties": {"T": 0, "v": 0, "p": 0, "B": 3}, "geometry": {"type": "MultiPolygon", "coordinates": [[[[16.611450772914917, 57.7534299736433], [16.611450801579807, 57.75342997327869], [16.61313031198447, 57.75340859935708], [16.61313031042598, 57.753408564377466], [16.613090308710152, 57.752510718018705], [16.611410811246756, 57.75253209156675], [16.611450772914917, 57.7534299736433]]]]}}, {"type": "Feature", "properties": {"T": 0, "v": 0, "p": 0, "B": 3}, "geometry": {"type": "MultiPolygon", "coordinates": [[[[16.594971285375028, 57.76082559828936], [16.594971285793896, 57.760825607795105], [16.59665118147225, 57.760804450222174], [16.596611575437755, 57.75990656269975], [16.59493172138729, 57.759927719541885], [16.594971285375028, 57.76082559828936]]]]}}, {"type": "Feature", "properties": {"T": 0, "v": 0, "p": 0, "B": 34}, "geometry": {"type": "MultiPolygon", "coordinates": [[[[16.63037075829338, 57.763070230549395], [16.632050867395403, 57.763048601457314], [16.632010379972215, 57.76215072989772], [16.6303303125048, 57.762172358242715], [16.63037075829338, 57.763070230549395]]]]}}, {"type": "Feature", "properties": {"T": 0, "v": 0, "p": 0, "B": 6}, "geometry": {"type": "MultiPolygon", "coordinates": [[[[16.644430274362943, 57.73953013611078], [16.646109141603603, 57.73950832802615], [16.646068342631654, 57.73861045941495], [16.644389516956146, 57.73863226674661], [16.644430274362943, 57.73953013611078]]]]}}, {"type": "Feature", "properties": {"T": 0, "v": 0, "p": 0, "B": 5}, "geometry": {"type": "MultiPolygon", "coordinates": [[[[16.48539334704291, 57.91667529708253], [16.48539334706093, 57.91667529751911], [16.48708073769225, 57.916655557493286], [16.48704362596082, 57.91575764593435], [16.48535627740242, 57.915777385276535], [16.48539334704291, 57.91667529708253]]]]}}, {"type": "Feature", "properties": {"T": 0, "v": 0, "p": 0, "B": 3}, "geometry": {"type": "MultiPolygon", "coordinates": [[[[16.399215057272063, 57.74067953196023], [16.39921516410565, 57.74067953078015], [16.400894307422814, 57.74066097174118], [16.40085958326353, 57.73976300103312], [16.3991804815344, 57.73978155943121], [16.399180374703455, 57.73978156061127], [16.399215057272063, 57.74067953196023]]]]}}, {"type": "Feature", "properties": {"T": 0, "v": 0, "p": 0, "B": 4}, "geometry": {"type": "MultiPolygon", "coordinates": [[[[16.695511069163732, 57.75412962806497], [16.6955110705036, 57.75412965667493], [16.697190570791445, 57.75410716814018], [16.697148482403588, 57.75320932498544], [16.69546902371677, 57.753231812743586], [16.695511069163732, 57.75412962806497]]]]}}, {"type": "Feature", "properties": {"T": 0, "v": 0, "p": 0, "B": 9}, "geometry": {"type": "MultiPolygon", "coordinates": [[[[16.400152250730095, 57.89518492388658], [16.4001871666798, 57.89608287589476], [16.400187169668676, 57.896082952758974], [16.40187365866578, 57.89606434833852], [16.401838697323086, 57.89516631038208], [16.40015225035183, 57.89518491415835], [16.400152250730095, 57.89518492388658]]]]}}, {"type": "Feature", "properties": {"T": 0, "v": 0, "p": 0, "B": 48}, "geometry": {"type": "MultiPolygon", "coordinates": [[[[16.617171360737252, 57.76862980732198], [16.618851600339145, 57.76860835367552], [16.618811431645696, 57.76771047703638], [16.617131233691406, 57.76773192994175], [16.617171360737252, 57.76862980732198]]]]}}, {"type": "Feature", "properties": {"T": 0, "v": 0, "p": 0, "B": 11}, "geometry": {"type": "MultiPolygon", "coordinates": [[[[16.40496607227162, 57.888843406567766], [16.406652218896866, 57.888824740161354], [16.40665221840623, 57.8888247275982], [16.40661715174184, 57.887926792787866], [16.404931047117685, 57.88794545854809], [16.40496607227162, 57.888843406567766]]]]}}, {"type": "Feature", "properties": {"T": 0, "v": 0, "p": 0, "B": 3}, "geometry": {"type": "MultiPolygon", "coordinates": [[[[16.498096006889277, 57.73505680853902], [16.499774923112355, 57.73503693898105], [16.49977492248055, 57.735036923717324], [16.499737756597963, 57.73413900672627], [16.4980589796207, 57.734158874442876], [16.49805888194282, 57.73415887559823], [16.498096006889277, 57.73505680853902]]]]}}, {"type": "Feature", "properties": {"T": 0, "v": 0, "p": 0, "B": 4}, "geometry": {"type": "MultiPolygon", "coordinates": [[[[16.71315956014206, 57.70088560912739], [16.713159561886442, 57.70088564606708], [16.713159576234258, 57.70088564587289], [16.71483658187267, 57.700862936790266], [16.714794143337187, 57.69996509427575], [16.713117164804107, 57.69998780276901], [16.71315956014206, 57.70088560912739]]]]}}, {"type": "Feature", "properties": {"T": 0, "v": 0, "p": 0, "B": 23}, "geometry": {"type": "MultiPolygon", "coordinates": [[[[16.652783897928828, 57.738523004062415], [16.65446271145306, 57.738501085521], [16.654421707089195, 57.73760322053954], [16.652742935126646, 57.7376251383242], [16.652783897928828, 57.738523004062415]]]]}}, {"type": "Feature", "properties": {"T": 0, "v": 0, "p": 0, "B": 134}, "geometry": {"type": "MultiPolygon", "coordinates": [[[[16.641642230544274, 57.75214395209834], [16.641682941113608, 57.753041820769965], [16.643362436981413, 57.75302004589373], [16.64332168480949, 57.75212217797409], [16.641642230544274, 57.75214395209834]]]]}}, {"type": "Feature", "properties": {"T": 0, "v": 0, "p": 0, "B": 7}, "geometry": {"type": "MultiPolygon", "coordinates": [[[[16.64426725927226, 57.735938657775215], [16.645945960267117, 57.735916852702225], [16.645905170995373, 57.735018983504915], [16.644226511555797, 57.7350407878251], [16.64426725927226, 57.735938657775215]]]]}}, {"type": "Feature", "properties": {"T": 0, "v": 0, "p": 0, "B": 20}, "geometry": {"type": "MultiPolygon", "coordinates": [[[[16.60497113701996, 57.758902558818605], [16.60665107379196, 57.758881267388645], [16.606611222728425, 57.75798338397593], [16.604931327581628, 57.758004674670495], [16.60497113701996, 57.758902558818605]]]]}}, {"type": "Feature", "properties": {"T": 0, "v": 0, "p": 0, "B": 54}, "geometry": {"type": "MultiPolygon", "coordinates": [[[[16.628448396419962, 57.757704595085315], [16.63012811964543, 57.75768299451727], [16.63012811878721, 57.757682975459026], [16.630087688288874, 57.756785121333714], [16.628408006679948, 57.75680672115575], [16.628448396419962, 57.757704595085315]]]]}}, {"type": "Feature", "properties": {"T": 0, "v": 0, "p": 0, "B": 12}, "geometry": {"type": "MultiPolygon", "coordinates": [[[[16.65934243120033, 57.7716781465974], [16.659342433854896, 57.77167820447658], [16.661022779563208, 57.77165619109848], [16.66102277690596, 57.77165613321935], [16.660981559908638, 57.77075833382424], [16.659301282541435, 57.77078034609244], [16.659301255852828, 57.77078034644188], [16.65934243120033, 57.7716781465974]]]]}}, {"type": "Feature", "properties": {"T": 0, "v": 0, "p": 0, "B": 3}, "geometry": {"type": "MultiPolygon", "coordinates": [[[[16.682077862462013, 57.898950719630044], [16.68207786501148, 57.89895077419562], [16.68376412569337, 57.89892842865874], [16.683764123141348, 57.8989283740932], [16.68372213567414, 57.89803059992903], [16.682035916996174, 57.89805294469234], [16.682077862462013, 57.898950719630044]]]]}}, {"type": "Feature", "properties": {"T": 0, "v": 0, "p": 0, "B": 16}, "geometry": {"type": "MultiPolygon", "coordinates": [[[[16.619969106378793, 57.75601651215092], [16.621648896863697, 57.75599502258971], [16.621608678379616, 57.75509714539172], [16.61992904191213, 57.755118632773545], [16.61992892951073, 57.75511863421075], [16.619969106378793, 57.75601651215092]]]]}}, {"type": "Feature", "properties": {"T": 0, "v": 0, "p": 0, "B": 60}, "geometry": {"type": "MultiPolygon", "coordinates": [[[[16.695906660586513, 57.90595395878591], [16.697593237253837, 57.90593142798168], [16.697593235881616, 57.905931398888825], [16.69755089098134, 57.9050336066482], [16.695864356336298, 57.90505613667237], [16.695906660586513, 57.90595395878591]]]]}}, {"type": "Feature", "properties": {"T": 0, "v": 0, "p": 0, "B": 3}, "geometry": {"type": "MultiPolygon", "coordinates": [[[[16.576258839875635, 57.7942999631677], [16.576258842981574, 57.79430003439748], [16.57625886333956, 57.79430003414435], [16.577940308804624, 57.794279117254575], [16.577940305695375, 57.79427904602487], [16.577901116129564, 57.79338122637715], [16.57621971238585, 57.793402142544025], [16.57621969202837, 57.793402142797156], [16.576258839875635, 57.7942999631677]]]]}}, {"type": "Feature", "properties": {"T": 0, "v": 0, "p": 0, "B": 3}, "geometry": {"type": "MultiPolygon", "coordinates": [[[[16.545146956068777, 57.77491871959888], [16.545147007391506, 57.774918718973176], [16.54682754608067, 57.77489821930601], [16.54682754387807, 57.77489816779237], [16.546789154754133, 57.77400031235872], [16.545108657734446, 57.77402081131764], [16.545108606412988, 57.77402081194333], [16.545146956068777, 57.77491871959888]]]]}}, {"type": "Feature", "properties": {"T": 0, "v": 0, "p": 0, "B": 6}, "geometry": {"type": "MultiPolygon", "coordinates": [[[[16.637659733469658, 57.77555382896512], [16.639340277480777, 57.77553210209807], [16.63934027543501, 57.77553205695514], [16.639299589655433, 57.77463423558288], [16.63761908730934, 57.774655961699324], [16.637659733469658, 57.77555382896512]]]]}}, {"type": "Feature", "properties": {"T": 0, "v": 0, "p": 0, "B": 19}, "geometry": {"type": "MultiPolygon", "coordinates": [[[[16.606372166115197, 57.75259608044122], [16.606412002960283, 57.753493964727745], [16.608091549152288, 57.7534726572086], [16.60805167070045, 57.75257477365794], [16.606372166115197, 57.75259608044122]]]]}}, {"type": "Feature", "properties": {"T": 0, "v": 0, "p": 0, "B": 17}, "geometry": {"type": "MultiPolygon", "coordinates": [[[[16.65098218685981, 57.73585129653472], [16.65098218712001, 57.73585130224472], [16.652661016827143, 57.73582940640778], [16.65266101656668, 57.73582940069778], [16.652620061329415, 57.73493154022956], [16.650941273180194, 57.73495343531055], [16.65098218685981, 57.73585129653472]]]]}}, {"type": "Feature", "properties": {"T": 0, "v": 0, "p": 0, "B": 18}, "geometry": {"type": "MultiPolygon", "coordinates": [[[[16.687473459895816, 57.90606625165218], [16.687473461259867, 57.90606628074517], [16.687473511956462, 57.90606628007165], [16.689160050531058, 57.906043861864], [16.68911791437901, 57.90514603663778], [16.68743136713115, 57.90516845474274], [16.687473459895816, 57.90606625165218]]]]}}, {"type": "Feature", "properties": {"T": 0, "v": 0, "p": 0, "B": 4}, "geometry": {"type": "MultiPolygon", "coordinates": [[[[16.520181323531627, 57.82103748646913], [16.520181326421877, 57.82103755512743], [16.52018135912612, 57.82103755473548], [16.521864081308482, 57.82101737571507], [16.521864078415035, 57.821017307056806], [16.521826242022613, 57.8201194648594], [16.520143561639777, 57.820139643182095], [16.520143528936348, 57.82013964357404], [16.520181323531627, 57.82103748646913]]]]}}, {"type": "Feature", "properties": {"T": 0, "v": 0, "p": 0, "B": 3}, "geometry": {"type": "MultiPolygon", "coordinates": [[[[16.421126572497883, 57.78535351248381], [16.421126573270918, 57.785353532155185], [16.42112665957807, 57.78535353118762], [16.422807742443894, 57.785334673923934], [16.42277241431128, 57.7844367180589], [16.421091373152265, 57.784455574670915], [16.421091286847254, 57.784455575638454], [16.421126572497883, 57.78535351248381]]]]}}, {"type": "Feature", "properties": {"T": 0, "v": 0, "p": 0, "B": 3}, "geometry": {"type": "MultiPolygon", "coordinates": [[[[16.6298230823106, 57.78823231096377], [16.629823082336035, 57.78823231152801], [16.629823140023394, 57.78823231078631], [16.631504222000174, 57.78821068557275], [16.631463708767246, 57.7873128173579], [16.629782668489735, 57.78733444182419], [16.629782610803808, 57.78733444256587], [16.6298230823106, 57.78823231096377]]]]}}, {"type": "Feature", "properties": {"T": 0, "v": 0, "p": 0, "B": 14}, "geometry": {"type": "MultiPolygon", "coordinates": [[[[16.526106320776766, 57.722145109453415], [16.527784479035546, 57.72212487319617], [16.527746637436337, 57.721226950704406], [16.526068520704406, 57.721247186263106], [16.526106320776766, 57.722145109453415]]]]}}, {"type": "Feature", "properties": {"T": 0, "v": 0, "p": 0, "B": 3}, "geometry": {"type": "MultiPolygon", "coordinates": [[[[16.519123840760436, 57.795895819485835], [16.51912384362018, 57.79589588753313], [16.519123876301695, 57.79589588714154], [16.520805429032627, 57.79587572764407], [16.520805426169723, 57.79587565959683], [16.52076765279626, 57.794977812763236], [16.519086141795285, 57.79499797156396], [16.51908610911458, 57.794997971955546], [16.519123840760436, 57.795895819485835]]]]}}, {"type": "Feature", "properties": {"T": 0, "v": 0, "p": 0, "B": 25}, "geometry": {"type": "MultiPolygon", "coordinates": [[[[16.6033708791266, 57.76071959556085], [16.605050763000676, 57.760698326678046], [16.605010948826244, 57.7598004428211], [16.60333119002322, 57.75982170991339], [16.603331106579077, 57.7598217109693], [16.6033708791266, 57.76071959556085]]]]}}, {"type": "Feature", "properties": {"T": 0, "v": 0, "p": 0, "B": 3}, "geometry": {"type": "MultiPolygon", "coordinates": [[[[16.408724566936193, 57.89868354735417], [16.41041103248324, 57.89866483060581], [16.410411029846482, 57.89866476329535], [16.41037585824478, 57.89776688608245], [16.408689492213178, 57.89778560154512], [16.408689434722564, 57.897785602182786], [16.408724566936193, 57.89868354735417]]]]}}, {"type": "Feature", "properties": {"T": 0, "v": 0, "p": 0, "B": 7}, "geometry": {"type": "MultiPolygon", "coordinates": [[[[16.461826089654302, 57.71032622723732], [16.461826090244898, 57.71032624188999], [16.463503750879404, 57.710306859827945], [16.463503750288137, 57.71030684517527], [16.463467517624142, 57.70940890933179], [16.461789898488885, 57.7094282907249], [16.461826089654302, 57.71032622723732]]]]}}, {"type": "Feature", "properties": {"T": 0, "v": 0, "p": 0, "B": 68}, "geometry": {"type": "MultiPolygon", "coordinates": [[[[16.635329662352113, 57.761209539777425], [16.637009680955188, 57.76118784538891], [16.637009680669287, 57.76118783906758], [16.636969073467487, 57.760289975782506], [16.635289096493477, 57.76031166942169], [16.635329662352113, 57.761209539777425]]]]}}, {"type": "Feature", "properties": {"T": 0, "v": 0, "p": 0, "B": 57}, "geometry": {"type": "MultiPolygon", "coordinates": [[[[16.63856761853258, 57.75847252351916], [16.638608262810315, 57.7593703926682], [16.64028805480803, 57.759348657047305], [16.640247368910007, 57.758450788648965], [16.63856761853258, 57.75847252351916]]]]}}, {"type": "Feature", "properties": {"T": 0, "v": 0, "p": 0, "B": 76}, "geometry": {"type": "MultiPolygon", "coordinates": [[[[16.645572470338532, 57.76467050860364], [16.647252502410222, 57.76464867942073], [16.64721163544683, 57.76375081491208], [16.64553164500947, 57.76377264334097], [16.645572470338532, 57.76467050860364]]]]}}, {"type": "Feature", "properties": {"T": 0, "v": 0, "p": 0, "B": 3}, "geometry": {"type": "MultiPolygon", "coordinates": [[[[16.724941615142907, 57.70162404866266], [16.7249416635671, 57.70162404800275], [16.72661865888903, 57.70160118314512], [16.726618657282447, 57.70160114938978], [16.726575927642855, 57.700703346285444], [16.72489892535088, 57.70072621101402], [16.724941615142907, 57.70162404866266]]]]}}, {"type": "Feature", "properties": {"T": 0, "v": 0, "p": 0, "B": 24}, "geometry": {"type": "MultiPolygon", "coordinates": [[[[16.610569996977997, 57.7714090428871], [16.61060996693589, 57.7723069226414], [16.612290521258952, 57.772285553355125], [16.61225050963933, 57.77138767433909], [16.610569996977997, 57.7714090428871]]]]}}, {"type": "Feature", "properties": {"T": 0, "v": 0, "p": 0, "B": 9}, "geometry": {"type": "MultiPolygon", "coordinates": [[[[16.64426725927226, 57.735938657775215], [16.644308009411006, 57.736836527578824], [16.645986751963612, 57.73681472175298], [16.645945960267117, 57.735916852702225], [16.64426725927226, 57.735938657775215]]]]}}, {"type": "Feature", "properties": {"T": 0, "v": 0, "p": 0, "B": 54}, "geometry": {"type": "MultiPolygon", "coordinates": [[[[16.603967753049673, 57.77418788522564], [16.60396775533356, 57.77418793673785], [16.605648263912336, 57.77416665683125], [16.605608414191956, 57.773268775158186], [16.60392803075238, 57.77329005327317], [16.60392794727721, 57.773290054329635], [16.603967753049673, 57.77418788522564]]]]}}, {"type": "Feature", "properties": {"T": 0, "v": 0, "p": 0, "B": 3}, "geometry": {"type": "MultiPolygon", "coordinates": [[[[16.65229775971785, 57.87508529486234], [16.65229776204585, 57.87508534563354], [16.65229789353069, 57.8750853439222], [16.653983070590094, 57.87506339925237], [16.65398306825972, 57.8750633484812], [16.65394186113521, 57.874165553521365], [16.652256726015878, 57.8741874974318], [16.65225659453431, 57.87418749914309], [16.65229775971785, 57.87508529486234]]]]}}, {"type": "Feature", "properties": {"T": 0, "v": 0, "p": 0, "B": 3}, "geometry": {"type": "MultiPolygon", "coordinates": [[[[16.485170961508715, 57.911287802378055], [16.485170962315255, 57.91128782192079], [16.485171081202903, 57.911287820530845], [16.486858100546694, 57.911268085996305], [16.486858099739237, 57.91126806645361], [16.486821002111192, 57.91037017358004], [16.4851340248223, 57.91038990743118], [16.48513390593762, 57.91038990882107], [16.485170961508715, 57.911287802378055]]]]}}, {"type": "Feature", "properties": {"T": 0, "v": 0, "p": 0, "B": 22}, "geometry": {"type": "MultiPolygon", "coordinates": [[[[16.629418475391635, 57.779253615332514], [16.629458925250677, 57.78015148560949], [16.63113968969772, 57.78012986637851], [16.631099198160275, 57.7792319968485], [16.629418475391635, 57.779253615332514]]]]}}, {"type": "Feature", "properties": {"T": 0, "v": 0, "p": 0, "B": 3}, "geometry": {"type": "MultiPolygon", "coordinates": [[[[16.375862940349023, 57.833465120701376], [16.37586294150959, 57.83346515114935], [16.37586302992645, 57.8334651501905], [16.377546515915277, 57.83344688211739], [16.377546521767332, 57.83344688205384], [16.377546520605343, 57.833446851605885], [16.37751225356724, 57.83254891570092], [16.37751224771533, 57.832548915764455], [16.375828803573107, 57.832567183205754], [16.375828715158452, 57.832567184164574], [16.375862940349023, 57.833465120701376]]]]}}, {"type": "Feature", "properties": {"T": 0, "v": 0, "p": 0, "B": 10}, "geometry": {"type": "MultiPolygon", "coordinates": [[[[16.399907897920666, 57.8888992684383], [16.399942799160275, 57.88979721825055], [16.40162899405424, 57.88977861833831], [16.401594050810512, 57.888880669169964], [16.399907897920666, 57.8888992684383]]]]}}, {"type": "Feature", "properties": {"T": 0, "v": 0, "p": 0, "B": 54}, "geometry": {"type": "MultiPolygon", "coordinates": [[[[16.59744380114129, 57.77876225990545], [16.59912452754137, 57.77874106543208], [16.599084832672876, 57.77784318155007], [16.597404147949984, 57.77786437529117], [16.59744380114129, 57.77876225990545]]]]}}, {"type": "Feature", "properties": {"T": 0, "v": 0, "p": 0, "B": 16}, "geometry": {"type": "MultiPolygon", "coordinates": [[[[16.642629264436025, 57.73685831116479], [16.642669975436835, 57.73775618157404], [16.644348761972235, 57.737734397235954], [16.644308009411006, 57.736836527578824], [16.642629264436025, 57.73685831116479]]]]}}, {"type": "Feature", "properties": {"T": 0, "v": 0, "p": 0, "B": 3}, "geometry": {"type": "MultiPolygon", "coordinates": [[[[16.578641606064615, 57.77181072963885], [16.578641608729058, 57.77181079070462], [16.578641718012005, 57.77181078934332], [16.58032216615415, 57.77178984535199], [16.580322163486876, 57.77178978428627], [16.580282948429627, 57.77089195229668], [16.578602541947717, 57.77091289556448], [16.578602432667484, 57.77091289692573], [16.578641606064615, 57.77181072963885]]]]}}, {"type": "Feature", "properties": {"T": 0, "v": 0, "p": 0, "B": 30}, "geometry": {"type": "MultiPolygon", "coordinates": [[[[16.621930493241706, 57.762280158888835], [16.621970730868, 57.76317803491917], [16.623650713443777, 57.76315651892758], [16.623610434185316, 57.762258643640436], [16.621930493241706, 57.762280158888835]]]]}}, {"type": "Feature", "properties": {"T": 0, "v": 0, "p": 0, "B": 3}, "geometry": {"type": "MultiPolygon", "coordinates": [[[[16.45001018951134, 57.70866536603783], [16.450010190351737, 57.70866538705958], [16.450010289949205, 57.70866538591886], [16.45168792132265, 57.7086461603001], [16.45168792048128, 57.70864613927836], [16.45165198284306, 57.70774820485235], [16.449974392966137, 57.7077674298076], [16.44997429337113, 57.70776743094829], [16.45001018951134, 57.70866536603783]]]]}}, {"type": "Feature", "properties": {"T": 0, "v": 0, "p": 0, "B": 18}, "geometry": {"type": "MultiPolygon", "coordinates": [[[[16.590997204523482, 57.785132025449684], [16.592678232163124, 57.78511091498157], [16.592638687536805, 57.78421302919206], [16.590957706453334, 57.784234138869714], [16.590957701592483, 57.78423413893072], [16.590997204523482, 57.785132025449684]]]]}}, {"type": "Feature", "properties": {"T": 0, "v": 0, "p": 0, "B": 32}, "geometry": {"type": "MultiPolygon", "coordinates": [[[[16.629499377517057, 57.78104935574039], [16.62949943519297, 57.78104935499889], [16.631180183644975, 57.78102773576241], [16.63113968969772, 57.78012986637851], [16.629458925250677, 57.78015148560949], [16.629499377517057, 57.78104935574039]]]]}}, {"type": "Feature", "properties": {"T": 0, "v": 0, "p": 0, "B": 14}, "geometry": {"type": "MultiPolygon", "coordinates": [[[[16.401768788018977, 57.893370416958405], [16.40180374156235, 57.89426836206126], [16.403490005377325, 57.894249738080454], [16.40345500969019, 57.89335179026314], [16.40176878788822, 57.893370413599186], [16.401768788018977, 57.893370416958405]]]]}}, {"type": "Feature", "properties": {"T": 0, "v": 0, "p": 0, "B": 21}, "geometry": {"type": "MultiPolygon", "coordinates": [[[[16.60149236191476, 57.75625141409993], [16.601492400901535, 57.75625141360711], [16.603172040043795, 57.756230171147514], [16.603132279322697, 57.75533228582817], [16.60145264280841, 57.7553535280469], [16.60149236191476, 57.75625141409993]]]]}}, {"type": "Feature", "properties": {"T": 0, "v": 0, "p": 0, "B": 12}, "geometry": {"type": "MultiPolygon", "coordinates": [[[[16.647951535386802, 57.743078055631074], [16.64963056406175, 57.743056200041984], [16.649589672233276, 57.74215833352549], [16.64791068513295, 57.74218018835992], [16.647951535386802, 57.743078055631074]]]]}}, {"type": "Feature", "properties": {"T": 0, "v": 0, "p": 0, "B": 41}, "geometry": {"type": "MultiPolygon", "coordinates": [[[[16.651104943533177, 57.738544902167426], [16.652783897928828, 57.738523004062415], [16.652742935126646, 57.7376251383242], [16.65106414812518, 57.737647034032854], [16.651064022296303, 57.73764703567314], [16.651104943533177, 57.738544902167426]]]]}}, {"type": "Feature", "properties": {"T": 0, "v": 0, "p": 0, "B": 4}, "geometry": {"type": "MultiPolygon", "coordinates": [[[[16.627737750215967, 57.779275211539925], [16.629418475391635, 57.779253615332514], [16.629378027939726, 57.77835574490945], [16.627697344440183, 57.77837734037069], [16.627737750215967, 57.779275211539925]]]]}}, {"type": "Feature", "properties": {"T": 0, "v": 0, "p": 0, "B": 11}, "geometry": {"type": "MultiPolygon", "coordinates": [[[[16.41353732897586, 57.8923416330838], [16.415223494093734, 57.89232285373011], [16.41518820852629, 57.891424910164965], [16.413502137716005, 57.8914436882864], [16.413502085415185, 57.891443688868534], [16.41353732897586, 57.8923416330838]]]]}}, {"type": "Feature", "properties": {"T": 0, "v": 0, "p": 0, "B": 73}, "geometry": {"type": "MultiPolygon", "coordinates": [[[[16.641723654104084, 57.7539396892952], [16.641764369515908, 57.754837557674016], [16.6434439485963, 57.75481578129369], [16.643403191576947, 57.753917913666925], [16.641723654104084, 57.7539396892952]]]]}}, {"type": "Feature", "properties": {"T": 0, "v": 0, "p": 0, "B": 19}, "geometry": {"type": "MultiPolygon", "coordinates": [[[[16.623731279149315, 57.76495226906389], [16.623771565596787, 57.76585014391302], [16.625451670687283, 57.76582860342637], [16.625411342600422, 57.76493072932127], [16.623731279149315, 57.76495226906389]]]]}}, {"type": "Feature", "properties": {"T": 0, "v": 0, "p": 0, "B": 29}, "geometry": {"type": "MultiPolygon", "coordinates": [[[[16.636563131400553, 57.75131127167218], [16.63656313426859, 57.751311271635124], [16.638242551320346, 57.7512895650588], [16.638201928792025, 57.75039169459275], [16.636522550470485, 57.750413400456516], [16.636563131400553, 57.75131127167218]]]]}}, {"type": "Feature", "properties": {"T": 0, "v": 0, "p": 0, "B": 21}, "geometry": {"type": "MultiPolygon", "coordinates": [[[[16.590760222200572, 57.779744704157125], [16.590799713377855, 57.78064259140234], [16.592480532565705, 57.78062148458111], [16.5924409997055, 57.779723598065175], [16.590760222200572, 57.779744704157125]]]]}}, {"type": "Feature", "properties": {"T": 0, "v": 0, "p": 0, "B": 24}, "geometry": {"type": "MultiPolygon", "coordinates": [[[[16.609129225941206, 57.77681766816705], [16.609169168498596, 57.77771554778475], [16.610849836634742, 57.777694198107426], [16.61080985240401, 57.77679631922732], [16.609129225941206, 57.77681766816705]]]]}}, {"type": "Feature", "properties": {"T": 0, "v": 0, "p": 0, "B": 3}, "geometry": {"type": "MultiPolygon", "coordinates": [[[[16.494084674401574, 57.80068519414213], [16.494084676556486, 57.80068524626815], [16.494084735074505, 57.800685245578606], [16.49576650411411, 57.80066541737718], [16.49576650195677, 57.8006653652512], [16.495729342814027, 57.79976749284177], [16.49404761551892, 57.79978732035785], [16.494047557002357, 57.79978732104737], [16.494084674401574, 57.80068519414213]]]]}}, {"type": "Feature", "properties": {"T": 0, "v": 0, "p": 0, "B": 11}, "geometry": {"type": "MultiPolygon", "coordinates": [[[[16.609771092972675, 57.753451327434306], [16.60977121568814, 57.75345132587503], [16.611450772914917, 57.7534299736433], [16.611410811246756, 57.75253209156675], [16.60973117291429, 57.752553444620276], [16.609771092972675, 57.753451327434306]]]]}}, {"type": "Feature", "properties": {"T": 0, "v": 0, "p": 0, "B": 3}, "geometry": {"type": "MultiPolygon", "coordinates": [[[[16.40743643957151, 57.73609665558381], [16.407436440164446, 57.73609667084814], [16.40743649224101, 57.73609667026949], [16.409115333599356, 57.73607800413248], [16.409115333005715, 57.736077988868146], [16.40908041188559, 57.73518003593203], [16.407401560024727, 57.73519870200317], [16.40743643957151, 57.73609665558381]]]]}}, {"type": "Feature", "properties": {"T": 0, "v": 0, "p": 0, "B": 10}, "geometry": {"type": "MultiPolygon", "coordinates": [[[[16.599693654482724, 57.75357893902052], [16.59969365602825, 57.753578974000376], [16.601373211682194, 57.75355775550429], [16.601333499661937, 57.7526598690147], [16.599653985615518, 57.75268108677798], [16.599693654482724, 57.75357893902052]]]]}}, {"type": "Feature", "properties": {"T": 0, "v": 0, "p": 0, "B": 22}, "geometry": {"type": "MultiPolygon", "coordinates": [[[[16.64258855585523, 57.7359604406091], [16.64426725927226, 57.735938657775215], [16.644226511555797, 57.7350407878251], [16.64254789182668, 57.73506256936051], [16.64254784969425, 57.735062569906916], [16.64258855585523, 57.7359604406091]]]]}}, {"type": "Feature", "properties": {"T": 0, "v": 0, "p": 0, "B": 19}, "geometry": {"type": "MultiPolygon", "coordinates": [[[[16.600884870365206, 57.78051561279251], [16.60256567539916, 57.78049437229554], [16.602525892438624, 57.7795964901715], [16.600845129086423, 57.77961772993461], [16.600884870365206, 57.78051561279251]]]]}}, {"type": "Feature", "properties": {"T": 0, "v": 0, "p": 0, "B": 9}, "geometry": {"type": "MultiPolygon", "coordinates": [[[[16.638283174537676, 57.75218739721509], [16.638283176264466, 57.75218743537849], [16.639962635369077, 57.752165705762266], [16.63992196882444, 57.75126783619301], [16.638242551320346, 57.7512895650588], [16.638283174537676, 57.75218739721509]]]]}}, {"type": "Feature", "properties": {"T": 0, "v": 0, "p": 0, "B": 37}, "geometry": {"type": "MultiPolygon", "coordinates": [[[[16.62213170933585, 57.766769627350456], [16.62217195893269, 57.76766750265099], [16.62385214971057, 57.76764598294285], [16.62381185846919, 57.766748108385706], [16.62213170933585, 57.766769627350456]]]]}}, {"type": "Feature", "properties": {"T": 0, "v": 0, "p": 0, "B": 4}, "geometry": {"type": "MultiPolygon", "coordinates": [[[[16.538462619882033, 57.775898410036355], [16.538462631894337, 57.775898409890544], [16.54014326068134, 57.77587799814144], [16.540105033767684, 57.77498008850983], [16.53842444665437, 57.77500049955371], [16.538424434642366, 57.77500049969951], [16.538462619882033, 57.775898410036355]]]]}}, {"type": "Feature", "properties": {"T": 0, "v": 0, "p": 0, "B": 71}, "geometry": {"type": "MultiPolygon", "coordinates": [[[[16.53442121478181, 57.720247864661886], [16.534459220231458, 57.72114578449593], [16.53613746407326, 57.72112543610861], [16.53609941709672, 57.720227516976955], [16.53442121478181, 57.720247864661886]]]]}}, {"type": "Feature", "properties": {"T": 0, "v": 0, "p": 0, "B": 126}, "geometry": {"type": "MultiPolygon", "coordinates": [[[[16.620089651321454, 57.75871014509592], [16.620129837749154, 57.759608022452426], [16.621809794722843, 57.75958652992211], [16.621769566669236, 57.75868865330794], [16.620089651321454, 57.75871014509592]]]]}}, {"type": "Feature", "properties": {"T": 0, "v": 0, "p": 0, "B": 4}, "geometry": {"type": "MultiPolygon", "coordinates": [[[[16.528087292803594, 57.72930824794553], [16.528087359530442, 57.7293082471404], [16.529765781115703, 57.72928798386215], [16.529765779664913, 57.729287949492324], [16.529727879974065, 57.728390063222115], [16.528049433208345, 57.728410326605925], [16.528087292803594, 57.72930824794553]]]]}}, {"type": "Feature", "properties": {"T": 0, "v": 0, "p": 0, "B": 6}, "geometry": {"type": "MultiPolygon", "coordinates": [[[[16.612530640980154, 57.77767282439098], [16.61253066966423, 57.77767282402605], [16.614211304354857, 57.77765143016022], [16.61421130262448, 57.7776513913852], [16.61417123677459, 57.77675355275775], [16.61249061507284, 57.77677494624934], [16.612530640980154, 57.77767282439098]]]]}}, {"type": "Feature", "properties": {"T": 0, "v": 0, "p": 0, "B": 3}, "geometry": {"type": "MultiPolygon", "coordinates": [[[[16.450477048824602, 57.72033889331845], [16.450477148454112, 57.7203388921772], [16.452155319510652, 57.72031965792961], [16.452155316730824, 57.72031958852901], [16.452119353260933, 57.71942170433452], [16.450441223732945, 57.71944093791817], [16.4504411241059, 57.71944093905937], [16.450477048824602, 57.72033889331845]]]]}}, {"type": "Feature", "properties": {"T": 0, "v": 0, "p": 0, "B": 93}, "geometry": {"type": "MultiPolygon", "coordinates": [[[[16.639393519989866, 57.739595435729996], [16.639434155256396, 57.74049331038636], [16.63943415885708, 57.74049338994454], [16.641113213376197, 57.74047164604392], [16.64107253261518, 57.73957368555344], [16.641072530324994, 57.73957368558312], [16.63939361139487, 57.73959542751602], [16.639393519671863, 57.739595428703225], [16.639393519989866, 57.739595435729996]]]]}}, {"type": "Feature", "properties": {"T": 0, "v": 0, "p": 0, "B": 3}, "geometry": {"type": "MultiPolygon", "coordinates": [[[[16.67073193785577, 57.76344287020652], [16.672411891569656, 57.76342070783287], [16.672370402568685, 57.76252285462683], [16.67237040256651, 57.76252285457977], [16.670690551298282, 57.762545015386046], [16.670690490481444, 57.762545016187936], [16.67073193785577, 57.76344287020652]]]]}}, {"type": "Feature", "properties": {"T": 0, "v": 0, "p": 0, "B": 7}, "geometry": {"type": "MultiPolygon", "coordinates": [[[[16.410692502005574, 57.905848381702015], [16.412379440834748, 57.90582963583028], [16.412344207743217, 57.9049316930873], [16.4106574131008, 57.90495043717558], [16.410657310962232, 57.9049504383099], [16.410692502005574, 57.905848381702015]]]]}}, {"type": "Feature", "properties": {"T": 0, "v": 0, "p": 0, "B": 4}, "geometry": {"type": "MultiPolygon", "coordinates": [[[[16.5853814927443, 57.69536333995739], [16.58538149547123, 57.69536340237403], [16.585381594221275, 57.69536340113709], [16.587058506410173, 57.695342385147136], [16.587058503680367, 57.69534232273055], [16.58701923763466, 57.694444484100195], [16.5853422681478, 57.694465500601936], [16.5853814927443, 57.69536333995739]]]]}}, {"type": "Feature", "properties": {"T": 0, "v": 0, "p": 0, "B": 12}, "geometry": {"type": "MultiPolygon", "coordinates": [[[[16.62004946728396, 57.757812267593536], [16.620089651321454, 57.75871014509592], [16.621769566669236, 57.75868865330794], [16.62172934100831, 57.75779077654784], [16.62004946728396, 57.757812267593536]]]]}}, {"type": "Feature", "properties": {"T": 0, "v": 0, "p": 0, "B": 28}, "geometry": {"type": "MultiPolygon", "coordinates": [[[[16.61869093588757, 57.76501675647396], [16.61873109741225, 57.765914633550736], [16.620411209685393, 57.76589315986202], [16.620371006520728, 57.764995283527], [16.61869093588757, 57.76501675647396]]]]}}, {"type": "Feature", "properties": {"T": 0, "v": 0, "p": 0, "B": 3}, "geometry": {"type": "MultiPolygon", "coordinates": [[[[16.697270881518815, 57.719966393576634], [16.697270884320456, 57.71996645341669], [16.69894893886927, 57.71994394806248], [16.698948936064863, 57.719943888222474], [16.69890686242855, 57.71904610084939], [16.697228849390044, 57.71906860542682], [16.697270881518815, 57.719966393576634]]]]}}, {"type": "Feature", "properties": {"T": 0, "v": 0, "p": 0, "B": 11}, "geometry": {"type": "MultiPolygon", "coordinates": [[[[16.61329034887509, 57.75700012325286], [16.613330364047055, 57.75789800386236], [16.615010108804448, 57.75787660362595], [16.61497005201416, 57.75697872375558], [16.61329034887509, 57.75700012325286]]]]}}, {"type": "Feature", "properties": {"T": 0, "v": 0, "p": 0, "B": 55}, "geometry": {"type": "MultiPolygon", "coordinates": [[[[16.63623855151659, 57.74412829785062], [16.63791763871956, 57.74410659723312], [16.637877035510495, 57.743208725596396], [16.636197989886018, 57.7432304254646], [16.63623855151659, 57.74412829785062]]]]}}, {"type": "Feature", "properties": {"T": 0, "v": 0, "p": 0, "B": 21}, "geometry": {"type": "MultiPolygon", "coordinates": [[[[16.646558094507377, 57.7493849628475], [16.64659892259941, 57.750282829700424], [16.648278424872025, 57.75026098852407], [16.64823755518199, 57.749363122425386], [16.646558094507377, 57.7493849628475]]]]}}, {"type": "Feature", "properties": {"T": 0, "v": 0, "p": 0, "B": 18}, "geometry": {"type": "MultiPolygon", "coordinates": [[[[16.633690306503343, 57.76212908107323], [16.633690358988478, 57.76212908039651], [16.635370230623803, 57.7621074099869], [16.635329662352113, 57.761209539777425], [16.633649779859958, 57.76123121011522], [16.633690306503343, 57.76212908107323]]]]}}, {"type": "Feature", "properties": {"T": 0, "v": 0, "p": 0, "B": 3}, "geometry": {"type": "MultiPolygon", "coordinates": [[[[16.662249379159682, 57.76175763282654], [16.66224937930376, 57.76175763596363], [16.663929400587584, 57.761735584607955], [16.66388812464478, 57.76083772724124], [16.662208260577597, 57.76085977631889], [16.662208144989282, 57.76085977783528], [16.662249379159682, 57.76175763282654]]]]}}, {"type": "Feature", "properties": {"T": 0, "v": 0, "p": 0, "B": 37}, "geometry": {"type": "MultiPolygon", "coordinates": [[[[16.646476445606382, 57.74758922870211], [16.648155823092388, 57.74756738978838], [16.648114960692425, 57.74666952325004], [16.646435624797018, 57.746691361409624], [16.646476445606382, 57.74758922870211]]]]}}, {"type": "Feature", "properties": {"T": 0, "v": 0, "p": 0, "B": 10}, "geometry": {"type": "MultiPolygon", "coordinates": [[[[16.695553119791043, 57.75502750045865], [16.695553154797786, 57.75502749999014], [16.697232661682385, 57.755005011147226], [16.697232660490386, 57.75500498572142], [16.697190570791445, 57.75410716814018], [16.6955110705036, 57.75412965667493], [16.695553119791043, 57.75502750045865]]]]}}, {"type": "Feature", "properties": {"T": 0, "v": 0, "p": 0, "B": 19}, "geometry": {"type": "MultiPolygon", "coordinates": [[[[16.618851600339145, 57.76860835367552], [16.62053183755124, 57.76858687776125], [16.620491627210384, 57.76768900186397], [16.618811499623348, 57.76771047616799], [16.618811431645696, 57.76771047703638], [16.618851600339145, 57.76860835367552]]]]}}, {"type": "Feature", "properties": {"T": 0, "v": 0, "p": 0, "B": 3}, "geometry": {"type": "MultiPolygon", "coordinates": [[[[16.750702802772235, 57.81806495901721], [16.750702806100254, 57.81806502766767], [16.750702834007015, 57.818065027282444], [16.752385228966777, 57.818041791565015], [16.752341664734246, 57.81714398358491], [16.75065931154666, 57.81716721849908], [16.75065928364059, 57.81716721888429], [16.750702802772235, 57.81806495901721]]]]}}, {"type": "Feature", "properties": {"T": 0, "v": 0, "p": 0, "B": 8}, "geometry": {"type": "MultiPolygon", "coordinates": [[[[16.463219501957905, 57.82799588799495], [16.463219503837202, 57.82799593436397], [16.46490262660943, 57.82797650903162], [16.464866193483473, 57.82707857588321], [16.463183157578847, 57.827098000024264], [16.463183112535223, 57.82709800054381], [16.463219501957905, 57.82799588799495]]]]}}, {"type": "Feature", "properties": {"T": 0, "v": 0, "p": 0, "B": 12}, "geometry": {"type": "MultiPolygon", "coordinates": [[[[16.626566954170833, 57.75323679856029], [16.628246471739587, 57.753215223976376], [16.628206094008437, 57.752317349316286], [16.62652663123047, 57.752338922985814], [16.626526618044064, 57.752338923155094], [16.626566954170833, 57.75323679856029]]]]}}, {"type": "Feature", "properties": {"T": 0, "v": 0, "p": 0, "B": 6}, "geometry": {"type": "MultiPolygon", "coordinates": [[[[16.711778960918892, 57.707193239427404], [16.71177906919495, 57.70719323796324], [16.713456411977678, 57.70717054500685], [16.713456411285538, 57.707170530355945], [16.713413997265167, 57.706272702745444], [16.71173669595375, 57.70629539491878], [16.71173658768037, 57.70629539638289], [16.711778960918892, 57.707193239427404]]]]}}, {"type": "Feature", "properties": {"T": 0, "v": 0, "p": 0, "B": 3}, "geometry": {"type": "MultiPolygon", "coordinates": [[[[16.549639265687674, 57.722757628660965], [16.549639268109832, 57.72275768532102], [16.549639358612737, 57.72275768421345], [16.551317571099716, 57.722737135472855], [16.551317574570437, 57.72273713543033], [16.551317572145656, 57.722737078770336], [16.551279149314393, 57.72183922294334], [16.549600884383917, 57.72185977212465], [16.549639265687674, 57.722757628660965]]]]}}, {"type": "Feature", "properties": {"T": 0, "v": 0, "p": 0, "B": 22}, "geometry": {"type": "MultiPolygon", "coordinates": [[[[16.644308009411006, 57.736836527578824], [16.644348761972235, 57.737734397235954], [16.646027546085058, 57.73771259065722], [16.645986751963612, 57.73681472175298], [16.644308009411006, 57.736836527578824]]]]}}, {"type": "Feature", "properties": {"T": 0, "v": 0, "p": 0, "B": 3}, "geometry": {"type": "MultiPolygon", "coordinates": [[[[16.613490448256286, 57.76148951852115], [16.613490448538087, 57.76148952484257], [16.61349052166471, 57.761489523911365], [16.615170359793467, 57.761468121649294], [16.61513029347164, 57.76057024236217], [16.613450496969275, 57.76059164388503], [16.613450423844462, 57.76059164481617], [16.613490448256286, 57.76148951852115]]]]}}, {"type": "Feature", "properties": {"T": 0, "v": 0, "p": 0, "B": 4}, "geometry": {"type": "MultiPolygon", "coordinates": [[[[16.448511904760185, 57.71317436664614], [16.448511904963862, 57.713174371745374], [16.45018970724769, 57.713155165478945], [16.450189707043773, 57.713155160379706], [16.450153799602187, 57.71225721008003], [16.448476038826417, 57.712276415683554], [16.448511904760185, 57.71317436664614]]]]}}, {"type": "Feature", "properties": {"T": 0, "v": 0, "p": 0, "B": 17}, "geometry": {"type": "MultiPolygon", "coordinates": [[[[16.39832646581938, 57.8916116917278], [16.398326465936236, 57.89161169473753], [16.39832653377648, 57.891611693990555], [16.40001260788936, 57.891593117451386], [16.399977702483117, 57.89069516792159], [16.398291602535828, 57.8907137445646], [16.39832646581938, 57.8916116917278]]]]}}, {"type": "Feature", "properties": {"T": 0, "v": 0, "p": 0, "B": 18}, "geometry": {"type": "MultiPolygon", "coordinates": [[[[16.661064001670347, 57.77255404822589], [16.66106407282816, 57.7725540472932], [16.662744386580975, 57.772532011817304], [16.662703122819057, 57.77163415545115], [16.661022850719252, 57.771656190165814], [16.661022779563208, 57.77165619109848], [16.661064001670347, 57.77255404822589]]]]}}, {"type": "Feature", "properties": {"T": 0, "v": 0, "p": 0, "B": 3}, "geometry": {"type": "MultiPolygon", "coordinates": [[[[16.6546677739427, 57.742990497996026], [16.65470879293596, 57.74388836209718], [16.65638785344747, 57.74386641676869], [16.656346792877923, 57.74296855342529], [16.6546677739427, 57.742990497996026]]]]}}, {"type": "Feature", "properties": {"T": 0, "v": 0, "p": 0, "B": 42}, "geometry": {"type": "MultiPolygon", "coordinates": [[[[16.624927591197096, 57.754156196874405], [16.624927592624115, 57.75415622866961], [16.62660729269651, 57.75413467381942], [16.626566954170833, 57.75323679856029], [16.624887295708916, 57.753258352666066], [16.624927591197096, 57.754156196874405]]]]}}, {"type": "Feature", "properties": {"T": 0, "v": 0, "p": 0, "B": 4}, "geometry": {"type": "MultiPolygon", "coordinates": [[[[16.647415998664407, 57.76824022575864], [16.64909633342036, 57.768218369489496], [16.649055415083406, 57.767320506321894], [16.64737525306845, 57.767342360131785], [16.647375121974903, 57.767342361836036], [16.647415998664407, 57.76824022575864]]]]}}, {"type": "Feature", "properties": {"T": 0, "v": 0, "p": 0, "B": 18}, "geometry": {"type": "MultiPolygon", "coordinates": [[[[16.625451670687283, 57.76582860342637], [16.627131911920902, 57.76580703889547], [16.627091542191412, 57.76490916553528], [16.625411342600422, 57.76493072932127], [16.625451670687283, 57.76582860342637]]]]}}, {"type": "Feature", "properties": {"T": 0, "v": 0, "p": 0, "B": 3}, "geometry": {"type": "MultiPolygon", "coordinates": [[[[16.634785441547415, 57.786371624507005], [16.634785441860846, 57.786371631439636], [16.634785494381124, 57.78637163076228], [16.636466490885134, 57.7863499401291], [16.636466490571387, 57.7863499331965], [16.636425857385348, 57.785452073868356], [16.63474490257518, 57.785473763752044], [16.6347448500562, 57.785473764429355], [16.634785441547415, 57.786371624507005]]]]}}, {"type": "Feature", "properties": {"T": 0, "v": 0, "p": 0, "B": 4}, "geometry": {"type": "MultiPolygon", "coordinates": [[[[16.589394965424585, 57.78694888943283], [16.58939506442437, 57.786948888191525], [16.591076217439657, 57.78692779805185], [16.59103670980581, 57.786029911823405], [16.58935559849197, 57.78605100123433], [16.589355499494644, 57.78605100247558], [16.589394965424585, 57.78694888943283]]]]}}, {"type": "Feature", "properties": {"T": 0, "v": 0, "p": 0, "B": 44}, "geometry": {"type": "MultiPolygon", "coordinates": [[[[16.405106193794804, 57.892435197233254], [16.405141229403327, 57.89333314454633], [16.406827586071593, 57.89331447490856], [16.406792508449453, 57.892416528241796], [16.405106193794804, 57.892435197233254]]]]}}, {"type": "Feature", "properties": {"T": 0, "v": 0, "p": 0, "B": 41}, "geometry": {"type": "MultiPolygon", "coordinates": [[[[16.620572050284473, 57.769484753512614], [16.622252465310535, 57.769463252814184], [16.622212210924182, 57.768565377805565], [16.62053183755124, 57.76858687776125], [16.620572050284473, 57.769484753512614]]]]}}, {"type": "Feature", "properties": {"T": 0, "v": 0, "p": 0, "B": 10}, "geometry": {"type": "MultiPolygon", "coordinates": [[[[16.63791763871956, 57.74410659723312], [16.639596723508433, 57.74408487436933], [16.63959672048348, 57.74408480754803], [16.63955607872108, 57.743187003482696], [16.637877082810302, 57.743208724984804], [16.637877035510495, 57.743208725596396], [16.63791763871956, 57.74410659723312]]]]}}, {"type": "Feature", "properties": {"T": 0, "v": 0, "p": 0, "B": 6}, "geometry": {"type": "MultiPolygon", "coordinates": [[[[16.38528588295769, 57.90343295624984], [16.385285884935232, 57.90343300763847], [16.385286012977307, 57.903433006242025], [16.38697272887913, 57.903414599592686], [16.386938132691757, 57.902516646771936], [16.38525145883, 57.90253505278393], [16.385251330791117, 57.90253505418031], [16.38528588295769, 57.90343295624984]]]]}}, {"type": "Feature", "properties": {"T": 0, "v": 0, "p": 0, "B": 3}, "geometry": {"type": "MultiPolygon", "coordinates": [[[[16.526546094540457, 57.772449012698345], [16.526546210979834, 57.77244901129581], [16.528226723082284, 57.77242875787226], [16.52818879692565, 57.77153084274428], [16.526508326489136, 57.77155109546811], [16.52650821005265, 57.77155109687062], [16.526546094540457, 57.772449012698345]]]]}}, {"type": "Feature", "properties": {"T": 0, "v": 0, "p": 0, "B": 41}, "geometry": {"type": "MultiPolygon", "coordinates": [[[[16.60244633361986, 57.77780072548687], [16.60248611184559, 57.778698607901944], [16.60416683115131, 57.7786773465958], [16.60412701124898, 57.777779464915305], [16.60244633361986, 57.77780072548687]]]]}}, {"type": "Feature", "properties": {"T": 0, "v": 0, "p": 0, "B": 16}, "geometry": {"type": "MultiPolygon", "coordinates": [[[[16.399872998764113, 57.888001318484854], [16.399907897920666, 57.8888992684383], [16.401594050810512, 57.888880669169964], [16.401559109652354, 57.88798271986035], [16.399872998764113, 57.888001318484854]]]]}}, {"type": "Feature", "properties": {"T": 0, "v": 0, "p": 0, "B": 7}, "geometry": {"type": "MultiPolygon", "coordinates": [[[[16.629378027939726, 57.77835574490945], [16.63105870903244, 57.77833412717235], [16.631018222314022, 57.77743625735005], [16.62933764056495, 57.77745787359887], [16.629337582894756, 57.77745787434027], [16.629378027939726, 57.77835574490945]]]]}}, {"type": "Feature", "properties": {"T": 0, "v": 0, "p": 0, "B": 3}, "geometry": {"type": "MultiPolygon", "coordinates": [[[[16.67385497149888, 57.90355129582142], [16.673854973296, 57.90355133446682], [16.675541595603942, 57.90352909514106], [16.675499803137313, 57.902631263285905], [16.673813333712246, 57.902653500380666], [16.67381322285031, 57.902653501841705], [16.67385497149888, 57.90355129582142]]]]}}, {"type": "Feature", "properties": {"T": 0, "v": 0, "p": 0, "B": 3}, "geometry": {"type": "MultiPolygon", "coordinates": [[[[16.634420202577008, 57.778290823083594], [16.634420255085566, 57.77829082240647], [16.636100876434185, 57.77826913851744], [16.63606026469319, 57.77737127094046], [16.634379632508857, 57.777392954757424], [16.634420202577008, 57.778290823083594]]]]}}, {"type": "Feature", "properties": {"T": 0, "v": 0, "p": 0, "B": 7}, "geometry": {"type": "MultiPolygon", "coordinates": [[[[16.408408448991672, 57.89060194594538], [16.4100945364012, 57.89058323502824], [16.4100593810551, 57.88968528923214], [16.408373393125586, 57.8897039988641], [16.408373335647862, 57.889703999501556], [16.408408448991672, 57.89060194594538]]]]}}, {"type": "Feature", "properties": {"T": 0, "v": 0, "p": 0, "B": 3}, "geometry": {"type": "MultiPolygon", "coordinates": [[[[16.585414564094485, 57.81125505732762], [16.585414564565315, 57.811255068055964], [16.585414668799523, 57.811255066752835], [16.58709695058427, 57.81123402390612], [16.587096950112937, 57.8112340131778], [16.587057504692034, 57.810336139412385], [16.58537516044458, 57.810357182834736], [16.585414564094485, 57.81125505732762]]]]}}, {"type": "Feature", "properties": {"T": 0, "v": 0, "p": 0, "B": 58}, "geometry": {"type": "MultiPolygon", "coordinates": [[[[16.60072591943944, 57.77692408048792], [16.600765653623736, 57.777821963782294], [16.60244633361986, 57.77780072548687], [16.60240655776124, 57.77690284292628], [16.60072591943944, 57.77692408048792]]]]}}, {"type": "Feature", "properties": {"T": 0, "v": 0, "p": 0, "B": 10}, "geometry": {"type": "MultiPolygon", "coordinates": [[[[16.63970657613927, 57.7836128776651], [16.63970657688674, 57.78361289415028], [16.639706624239324, 57.78361289353771], [16.6413874935716, 57.78359113824592], [16.641387492823366, 57.78359112176075], [16.641346742261167, 57.78269327379935], [16.63966591461483, 57.782715028339446], [16.639665867263417, 57.78271502895198], [16.63970657613927, 57.7836128776651]]]]}}, {"type": "Feature", "properties": {"T": 0, "v": 0, "p": 0, "B": 7}, "geometry": {"type": "MultiPolygon", "coordinates": [[[[16.658418928675687, 57.86152966391995], [16.658418929078923, 57.861529672686274], [16.65841896100933, 57.861529672269064], [16.660103459986026, 57.86150765011252], [16.66010345958238, 57.861507641346186], [16.660062119773812, 57.86060980522705], [16.658377662697937, 57.86063182662167], [16.658377630768324, 57.86063182703889], [16.658418928675687, 57.86152966391995]]]]}}, {"type": "Feature", "properties": {"T": 0, "v": 0, "p": 0, "B": 24}, "geometry": {"type": "MultiPolygon", "coordinates": [[[[16.605050763000676, 57.760698326678046], [16.6067307830305, 57.760677033777235], [16.606690927225916, 57.75977915065575], [16.605010948826244, 57.7598004428211], [16.605050763000676, 57.760698326678046]]]]}}, {"type": "Feature", "properties": {"T": 0, "v": 0, "p": 0, "B": 3}, "geometry": {"type": "MultiPolygon", "coordinates": [[[[16.575361721390667, 57.85090890267005], [16.575361723581523, 57.85090895283205], [16.575361793711142, 57.85090895196144], [16.577045827583408, 57.85088803475564], [16.577045825390215, 57.850887984593676], [16.577006571285253, 57.84999015156012], [16.575322579290173, 57.85001106804235], [16.5753225091623, 57.850011068912934], [16.575361721390667, 57.85090890267005]]]]}}, {"type": "Feature", "properties": {"T": 0, "v": 0, "p": 0, "B": 3}, "geometry": {"type": "MultiPolygon", "coordinates": [[[[16.44779498413517, 57.69521515465357], [16.447794986879575, 57.6952152234432], [16.447795042062612, 57.695215222811996], [16.449471959470152, 57.69519603042865], [16.449471956722572, 57.69519596163906], [16.449436094457873, 57.694298072180004], [16.447759218507795, 57.69431726390111], [16.447759163326122, 57.69431726453229], [16.44779498413517, 57.69521515465357]]]]}}, {"type": "Feature", "properties": {"T": 0, "v": 0, "p": 0, "B": 5}, "geometry": {"type": "MultiPolygon", "coordinates": [[[[16.60548887640563, 57.77057506501627], [16.60548887925654, 57.77057512926547], [16.6054890071921, 57.770575127644655], [16.607169357385423, 57.77055382827219], [16.60712947549084, 57.769655946752636], [16.605449039019323, 57.76967724701007], [16.60548887640563, 57.77057506501627]]]]}}, {"type": "Feature", "properties": {"T": 0, "v": 0, "p": 0, "B": 3}, "geometry": {"type": "MultiPolygon", "coordinates": [[[[16.49035061130036, 57.791745482479584], [16.490387627277972, 57.79264340455268], [16.4920692222762, 57.79262362478257], [16.49203216457144, 57.79172570339307], [16.49203216433189, 57.79172569758853], [16.49035071922499, 57.79174547540349], [16.490350611061082, 57.79174547667506], [16.49035061130036, 57.791745482479584]]]]}}, {"type": "Feature", "properties": {"T": 0, "v": 0, "p": 0, "B": 3}, "geometry": {"type": "MultiPolygon", "coordinates": [[[[16.45890981154859, 57.80468822998599], [16.458909813138845, 57.80468826937501], [16.458909907833362, 57.80468826828553], [16.46059199231937, 57.80466890450748], [16.46059199072728, 57.80466886511849], [16.46055569909881, 57.8037709663106], [16.458873656373576, 57.803790329419314], [16.458873561681408, 57.80379033050874], [16.45890981154859, 57.80468822998599]]]]}}, {"type": "Feature", "properties": {"T": 0, "v": 0, "p": 0, "B": 4}, "geometry": {"type": "MultiPolygon", "coordinates": [[[[16.396466234978355, 57.887140475224065], [16.396466235712325, 57.88714049415629], [16.39815216974144, 57.88712194246097], [16.3981173167438, 57.88622399158207], [16.396431447924698, 57.886242542379875], [16.39643142470816, 57.88624254263519], [16.396466234978355, 57.887140475224065]]]]}}, {"type": "Feature", "properties": {"T": 0, "v": 0, "p": 0, "B": 7}, "geometry": {"type": "MultiPolygon", "coordinates": [[[[16.66766150337764, 57.76977214022756], [16.667661506338828, 57.769772204474776], [16.66934189501376, 57.76975007945277], [16.66934189204959, 57.76975001520561], [16.66930047202213, 57.7688522256985], [16.66762023544938, 57.7688743485027], [16.66762012499717, 57.76887434995622], [16.66766150337764, 57.76977214022756]]]]}}, {"type": "Feature", "properties": {"T": 0, "v": 0, "p": 0, "B": 4}, "geometry": {"type": "MultiPolygon", "coordinates": [[[[16.702102563070497, 57.7513460442528], [16.70210263735571, 57.75134604325469], [16.703781928538252, 57.751323469043086], [16.703781926742504, 57.75132343088096], [16.70373968128259, 57.75042562855921], [16.70206035740762, 57.75044820298935], [16.702102563070497, 57.7513460442528]]]]}}, {"type": "Feature", "properties": {"T": 0, "v": 0, "p": 0, "B": 12}, "geometry": {"type": "MultiPolygon", "coordinates": [[[[16.610849836634742, 57.777694198107426], [16.612530640980154, 57.77767282439098], [16.61249061507284, 57.77677494624934], [16.61080985240401, 57.77679631922732], [16.610849836634742, 57.777694198107426]]]]}}, {"type": "Feature", "properties": {"T": 0, "v": 0, "p": 0, "B": 11}, "geometry": {"type": "MultiPolygon", "coordinates": [[[[16.413466843715035, 57.890545738317606], [16.41346684395813, 57.890545744511805], [16.41346689625765, 57.890545743929685], [16.415152925064966, 57.89052696645834], [16.415117643709582, 57.88962902261018], [16.41343165690273, 57.889647799431465], [16.413431604604515, 57.88964780001357], [16.413466843715035, 57.890545738317606]]]]}}, {"type": "Feature", "properties": {"T": 0, "v": 0, "p": 0, "B": 7}, "geometry": {"type": "MultiPolygon", "coordinates": [[[[16.385113132254283, 57.8989431716273], [16.385113134843788, 57.898943238938486], [16.38679976859648, 57.8989248340794], [16.38676518273535, 57.89802688055386], [16.385078719036308, 57.89804528337959], [16.385078591013382, 57.89804528477571], [16.385113132254283, 57.8989431716273]]]]}}, {"type": "Feature", "properties": {"T": 0, "v": 0, "p": 0, "B": 29}, "geometry": {"type": "MultiPolygon", "coordinates": [[[[16.594240505552833, 57.78239612661693], [16.594280087162286, 57.783294011966866], [16.595961165315906, 57.78327285665012], [16.595921542013052, 57.782374972031164], [16.594240505552833, 57.78239612661693]]]]}}, {"type": "Feature", "properties": {"T": 0, "v": 0, "p": 0, "B": 8}, "geometry": {"type": "MultiPolygon", "coordinates": [[[[16.689160050531058, 57.906043861864], [16.689160145859617, 57.90604386059623], [16.69084677636346, 57.90602141874738], [16.69080459818483, 57.905123594298196], [16.68911791437901, 57.90514603663778], [16.689160050531058, 57.906043861864]]]]}}, {"type": "Feature", "properties": {"T": 0, "v": 0, "p": 0, "B": 9}, "geometry": {"type": "MultiPolygon", "coordinates": [[[[16.64635399045955, 57.74489562638511], [16.646394806414808, 57.74579349397064], [16.648074100722084, 57.745771656565125], [16.648033243181168, 57.74487378973365], [16.64635399045955, 57.74489562638511]]]]}}, {"type": "Feature", "properties": {"T": 0, "v": 0, "p": 0, "B": 5}, "geometry": {"type": "MultiPolygon", "coordinates": [[[[16.393406858811062, 57.895259100824795], [16.39509317505022, 57.895240588115264], [16.39505838761368, 57.89434264376661], [16.395058387360177, 57.89434263722288], [16.393372113137385, 57.89436114929146], [16.393406858811062, 57.895259100824795]]]]}}, {"type": "Feature", "properties": {"T": 0, "v": 0, "p": 0, "B": 3}, "geometry": {"type": "MultiPolygon", "coordinates": [[[[16.71668354337782, 57.70443154654223], [16.716683544523264, 57.7044315707454], [16.718360863603188, 57.70440881203632], [16.718360862456628, 57.70440878783317], [16.718318332055972, 57.70351097168413], [16.716641157554935, 57.70353372820952], [16.71664105444203, 57.7035337296079], [16.71668354337782, 57.70443154654223]]]]}}, {"type": "Feature", "properties": {"T": 0, "v": 0, "p": 0, "B": 21}, "geometry": {"type": "MultiPolygon", "coordinates": [[[[16.61321032439582, 57.7552043329854], [16.61321032567072, 57.75520436159655], [16.614889945580575, 57.75518296357736], [16.614849895936885, 57.75428508326956], [16.61317031763793, 57.754306480549715], [16.61321032439582, 57.7552043329854]]]]}}, {"type": "Feature", "properties": {"T": 0, "v": 0, "p": 0, "B": 3}, "geometry": {"type": "MultiPolygon", "coordinates": [[[[16.437969898349895, 57.87050704447219], [16.43796990139198, 57.870507120724135], [16.437969927779413, 57.87050712042524], [16.43965502724464, 57.870488021546215], [16.43965502419899, 57.87048794529433], [16.43961916297887, 57.86959008441791], [16.437934105457074, 57.86960918263598], [16.4379340790703, 57.86960918293487], [16.437969898349895, 57.87050704447219]]]]}}, {"type": "Feature", "properties": {"T": 0, "v": 0, "p": 0, "B": 9}, "geometry": {"type": "MultiPolygon", "coordinates": [[[[16.531027159979175, 57.7193905686077], [16.53106508012794, 57.72028848998822], [16.532743148582764, 57.72026818843944], [16.532705186912633, 57.71937026775969], [16.531027159979175, 57.7193905686077]]]]}}, {"type": "Feature", "properties": {"T": 0, "v": 0, "p": 0, "B": 6}, "geometry": {"type": "MultiPolygon", "coordinates": [[[[16.39650104879419, 57.888038445536196], [16.398187024819293, 57.888019893198674], [16.39815216974144, 57.88712194246097], [16.396466235712325, 57.88714049415629], [16.39650104879419, 57.888038445536196]]]]}}, {"type": "Feature", "properties": {"T": 0, "v": 0, "p": 0, "B": 3}, "geometry": {"type": "MultiPolygon", "coordinates": [[[[16.43872687590017, 57.762695984945715], [16.438726876278043, 57.76269599445215], [16.438726897425774, 57.762695994212045], [16.440406980245637, 57.76267690755004], [16.44040697986732, 57.7626768980436], [16.440371246512548, 57.761778955349484], [16.438691205337246, 57.76179804135218], [16.438691184190045, 57.761798041592286], [16.43872687590017, 57.762695984945715]]]]}}, {"type": "Feature", "properties": {"T": 0, "v": 0, "p": 0, "B": 3}, "geometry": {"type": "MultiPolygon", "coordinates": [[[[16.505073435882807, 57.82211602275393], [16.50507343861174, 57.822116088228356], [16.50507348682538, 57.82211608765626], [16.506756255480685, 57.82209610897244], [16.50671879018283, 57.82119819200821], [16.50503606333083, 57.821218170001245], [16.50503601511838, 57.821218170573324], [16.505073435882807, 57.82211602275393]]]]}}, {"type": "Feature", "properties": {"T": 0, "v": 0, "p": 0, "B": 9}, "geometry": {"type": "MultiPolygon", "coordinates": [[[[16.53609941709672, 57.720227516976955], [16.53613746407326, 57.72112543610861], [16.537815567276446, 57.721105067168715], [16.53777747877664, 57.72020714874016], [16.53609941709672, 57.720227516976955]]]]}}, {"type": "Feature", "properties": {"T": 0, "v": 0, "p": 0, "B": 3}, "geometry": {"type": "MultiPolygon", "coordinates": [[[[16.498133133543302, 57.73595472925713], [16.498133134042764, 57.73595474133645], [16.498133231725486, 57.735954740181015], [16.499812091836244, 57.735934871092375], [16.499812091336224, 57.735934859013085], [16.499774923112355, 57.73503693898105], [16.498096006889277, 57.73505680853902], [16.498133133543302, 57.73595472925713]]]]}}, {"type": "Feature", "properties": {"T": 0, "v": 0, "p": 0, "B": 3}, "geometry": {"type": "MultiPolygon", "coordinates": [[[[16.64586438359952, 57.73412110208266], [16.645864384148183, 57.73412111416109], [16.64754313803028, 57.73409928655549], [16.647502312053863, 57.73320141781874], [16.645823599725343, 57.73322324467077], [16.64586438359952, 57.73412110208266]]]]}}, {"type": "Feature", "properties": {"T": 0, "v": 0, "p": 0, "B": 38}, "geometry": {"type": "MultiPolygon", "coordinates": [[[[16.629966408646258, 57.75409150090627], [16.630006832789487, 57.75498937452823], [16.63168656726905, 57.75496775215857], [16.631646101513464, 57.754069879283364], [16.629966408646258, 57.75409150090627]]]]}}, {"type": "Feature", "properties": {"T": 0, "v": 0, "p": 0, "B": 23}, "geometry": {"type": "MultiPolygon", "coordinates": [[[[16.64196798290218, 57.75932689737204], [16.6436477700573, 57.759305117230824], [16.643647769481085, 57.75930510454113], [16.643607000915868, 57.75840725033629], [16.641927255380637, 57.75842902972525], [16.64196798290218, 57.75932689737204]]]]}}, {"type": "Feature", "properties": {"T": 0, "v": 0, "p": 0, "B": 3}, "geometry": {"type": "MultiPolygon", "coordinates": [[[[16.624456804928137, 57.78111405774345], [16.624456806097644, 57.78111408378139], [16.624456868937052, 57.781114082976025], [16.626137619440605, 57.78109253063996], [16.626097250540013, 57.78019465901734], [16.624416541716375, 57.78021621060871], [16.62441647887853, 57.78021621141406], [16.624456804928137, 57.78111405774345]]]]}}, {"type": "Feature", "properties": {"T": 0, "v": 0, "p": 0, "B": 30}, "geometry": {"type": "MultiPolygon", "coordinates": [[[[16.64831929699249, 57.7511588544762], [16.64836017154358, 57.75205672028174], [16.650039616100553, 57.75203485714409], [16.64999869995015, 57.75113699209357], [16.64831929699249, 57.7511588544762]]]]}}, {"type": "Feature", "properties": {"T": 0, "v": 0, "p": 0, "B": 15}, "geometry": {"type": "MultiPolygon", "coordinates": [[[[16.642710688857868, 57.73865405183686], [16.642751404699315, 57.73955192195324], [16.644430274362943, 57.73953013611078], [16.644389516956146, 57.73863226674661], [16.642710688857868, 57.73865405183686]]]]}}, {"type": "Feature", "properties": {"T": 0, "v": 0, "p": 0, "B": 3}, "geometry": {"type": "MultiPolygon", "coordinates": [[[[16.523147303983638, 57.77159147071104], [16.52314730668847, 57.77159153496276], [16.52314733418584, 57.771591534632286], [16.52482775949634, 57.77157132705317], [16.524827756788525, 57.77157126280148], [16.52478991892577, 57.77067341038263], [16.523109507781186, 57.770693617594105], [16.523147303983638, 57.77159147071104]]]]}}, {"type": "Feature", "properties": {"T": 0, "v": 0, "p": 0, "B": 24}, "geometry": {"type": "MultiPolygon", "coordinates": [[[[16.519355751939916, 57.72132784649035], [16.519355754581543, 57.72132790951999], [16.52103401866266, 57.72130776122233], [16.520996345414204, 57.7204098357971], [16.51931824428917, 57.72042998194229], [16.519318122861637, 57.72042998339928], [16.519355751939916, 57.72132784649035]]]]}}, {"type": "Feature", "properties": {"T": 0, "v": 0, "p": 0, "B": 7}, "geometry": {"type": "MultiPolygon", "coordinates": [[[[16.628101510262773, 57.78735604174187], [16.628101510431556, 57.7873560454903], [16.62810152363071, 57.7873560453208], [16.629782610803808, 57.78733444256587], [16.629782610634855, 57.78733443881744], [16.629742141680513, 57.78643657345767], [16.628061096205506, 57.78645817546608], [16.62806108300668, 57.78645817563561], [16.628101510262773, 57.78735604174187]]]]}}, {"type": "Feature", "properties": {"T": 0, "v": 0, "p": 0, "B": 3}, "geometry": {"type": "MultiPolygon", "coordinates": [[[[16.396257399372725, 57.88175274487311], [16.39625740084691, 57.88175278291232], [16.396257424060554, 57.88175278265706], [16.39794308295268, 57.88173423506971], [16.397943081476715, 57.881734197030525], [16.397908242432663, 57.880836283343655], [16.39622262551843, 57.88085483028898], [16.396222602305365, 57.88085483054425], [16.396257399372725, 57.88175274487311]]]]}}, {"type": "Feature", "properties": {"T": 0, "v": 0, "p": 0, "B": 11}, "geometry": {"type": "MultiPolygon", "coordinates": [[[[16.407038099291746, 57.898702241717274], [16.407073191575346, 57.899600187394576], [16.408759701247313, 57.89958149238417], [16.408724566936193, 57.89868354735417], [16.407038099291746, 57.898702241717274]]]]}}, {"type": "Feature", "properties": {"T": 0, "v": 0, "p": 0, "B": 3}, "geometry": {"type": "MultiPolygon", "coordinates": [[[[16.720862195434655, 57.8984311521393], [16.720862304284573, 57.89843115066433], [16.722548536877387, 57.89840829002639], [16.722548534266654, 57.898408235461936], [16.722505580798103, 57.89751047930295], [16.720819390205126, 57.89753333914953], [16.72081928135792, 57.89753334062444], [16.720862195434655, 57.8984311521393]]]]}}, {"type": "Feature", "properties": {"T": 0, "v": 0, "p": 0, "B": 3}, "geometry": {"type": "MultiPolygon", "coordinates": [[[[16.73124472646551, 57.83360500350606], [16.731244727162128, 57.83360501802884], [16.731244775763056, 57.83360501736557], [16.732927891537585, 57.833582036110144], [16.732927890840283, 57.83358202158736], [16.7328847849694, 57.832684221063545], [16.731201711011362, 57.83270720152428], [16.731201662411646, 57.832707202187535], [16.73124472646551, 57.83360500350606]]]]}}, {"type": "Feature", "properties": {"T": 0, "v": 0, "p": 0, "B": 3}, "geometry": {"type": "MultiPolygon", "coordinates": [[[[16.767305451969044, 57.71002390005401], [16.767305452062345, 57.71002390196844], [16.767305503663508, 57.71002390124804], [16.768982846249852, 57.71000047319033], [16.768939052688484, 57.70910265779746], [16.767261751574303, 57.7091260850467], [16.767261699974416, 57.70912608576707], [16.767305451969044, 57.71002390005401]]]]}}, {"type": "Feature", "properties": {"T": 0, "v": 0, "p": 0, "B": 4}, "geometry": {"type": "MultiPolygon", "coordinates": [[[[16.440624172161957, 57.89473228005772], [16.440660096531225, 57.895630216394224], [16.440660099606422, 57.89563029325708], [16.442346398768734, 57.89561115317737], [16.44234639568994, 57.895611076314545], [16.44231042930655, 57.894713140640704], [16.442310428916908, 57.89471313091267], [16.44062424280123, 57.89473226952394], [16.44062417177277, 57.89473227032965], [16.440624172161957, 57.89473228005772]]]]}}, {"type": "Feature", "properties": {"T": 0, "v": 0, "p": 0, "B": 12}, "geometry": {"type": "MultiPolygon", "coordinates": [[[[16.394919257364055, 57.89075083224196], [16.396605500507732, 57.89073229882899], [16.396605500267537, 57.890732292634766], [16.39657068119172, 57.88983434787255], [16.39488448005518, 57.889852880643915], [16.394919257364055, 57.89075083224196]]]]}}, {"type": "Feature", "properties": {"T": 0, "v": 0, "p": 0, "B": 46}, "geometry": {"type": "MultiPolygon", "coordinates": [[[[16.639474796395604, 57.7413912612703], [16.63947488812315, 57.74139126008303], [16.641153890198538, 57.741369516648554], [16.641153892488834, 57.74136951661889], [16.641113213376197, 57.74047164604392], [16.63943415885708, 57.74049338994454], [16.639474796395604, 57.7413912612703]]]]}}, {"type": "Feature", "properties": {"T": 0, "v": 0, "p": 0, "B": 3}, "geometry": {"type": "MultiPolygon", "coordinates": [[[[16.559117684932794, 57.82595509028521], [16.559117687072575, 57.82595513983651], [16.559117772663722, 57.82595513878446], [16.56080064030654, 57.825934442878484], [16.56076182576773, 57.82503654915092], [16.559078999933707, 57.82505724434128], [16.55907891434469, 57.82505724539327], [16.559117684932794, 57.82595509028521]]]]}}, {"type": "Feature", "properties": {"T": 0, "v": 0, "p": 0, "B": 9}, "geometry": {"type": "MultiPolygon", "coordinates": [[[[16.610689913986814, 57.77410268171285], [16.610729891080243, 57.77500056103003], [16.612410570403338, 57.77497918952885], [16.612370551640755, 57.774081310949995], [16.610689913986814, 57.77410268171285]]]]}}, {"type": "Feature", "properties": {"T": 0, "v": 0, "p": 0, "B": 3}, "geometry": {"type": "MultiPolygon", "coordinates": [[[[16.643313355558075, 57.78895653997471], [16.64335416543967, 57.78985440002406], [16.645035369147482, 57.78983259428405], [16.644994517442747, 57.78893473236829], [16.643313355438995, 57.788956537354764], [16.643313355558075, 57.78895653997471]]]]}}, {"type": "Feature", "properties": {"T": 0, "v": 0, "p": 0, "B": 3}, "geometry": {"type": "MultiPolygon", "coordinates": [[[[16.404384095386753, 57.787336818817245], [16.404384152701798, 57.78733681818229], [16.40606536888169, 57.787318182179945], [16.40606536836444, 57.78731816887752], [16.406030453700094, 57.78642022011557], [16.40434927923442, 57.78643885547389], [16.404349221920793, 57.786438856108816], [16.404384095386753, 57.787336818817245]]]]}}, {"type": "Feature", "properties": {"T": 0, "v": 0, "p": 0, "B": 29}, "geometry": {"type": "MultiPolygon", "coordinates": [[[[16.615010108804448, 57.75787660362595], [16.615050167977323, 57.75877448335049], [16.61673009048877, 57.758753058347935], [16.616689989691867, 57.75785517936339], [16.615010108804448, 57.75787660362595]]]]}}, {"type": "Feature", "properties": {"T": 0, "v": 0, "p": 0, "B": 17}, "geometry": {"type": "MultiPolygon", "coordinates": [[[[16.60485171580804, 57.756208905937456], [16.604851843692884, 57.75620890431756], [16.606531527711848, 57.75618761671354], [16.606531526583485, 57.75618759128657], [16.606491683758414, 57.7552897328639], [16.604811913472396, 57.755311021352554], [16.60485171580804, 57.756208905937456]]]]}}, {"type": "Feature", "properties": {"T": 0, "v": 0, "p": 0, "B": 3}, "geometry": {"type": "MultiPolygon", "coordinates": [[[[16.641509761741847, 57.78628472377494], [16.641509762056558, 57.786284730707536], [16.64319094001111, 57.786262948468526], [16.64315013972586, 57.7853650852137], [16.643150137432784, 57.78536508524342], [16.641469095308096, 57.78538686551072], [16.641469003469098, 57.78538686670004], [16.641509761741847, 57.78628472377494]]]]}}, {"type": "Feature", "properties": {"T": 0, "v": 0, "p": 0, "B": 4}, "geometry": {"type": "MultiPolygon", "coordinates": [[[[16.64451180052152, 57.741325964168595], [16.646190750904044, 57.74130415457783], [16.64619074743312, 57.74130407820412], [16.64614994708055, 57.74040628625968], [16.644471038268115, 57.7404280950974], [16.64451180052152, 57.741325964168595]]]]}}, {"type": "Feature", "properties": {"T": 0, "v": 0, "p": 0, "B": 4}, "geometry": {"type": "MultiPolygon", "coordinates": [[[[16.402702819299833, 57.7873554198626], [16.402702819815847, 57.78735543316504], [16.40270283263948, 57.78735543302315], [16.404384095386753, 57.787336818817245], [16.404349221920793, 57.786438856108816], [16.40266800088901, 57.78645746967145], [16.402667988065694, 57.786457469813335], [16.402702819299833, 57.7873554198626]]]]}}, {"type": "Feature", "properties": {"T": 0, "v": 0, "p": 0, "B": 82}, "geometry": {"type": "MultiPolygon", "coordinates": [[[[16.65642891645838, 57.74476427996533], [16.656469981910863, 57.74566214301526], [16.658149261603636, 57.745640172111564], [16.6581081545667, 57.744742309820296], [16.65642891645838, 57.74476427996533]]]]}}, {"type": "Feature", "properties": {"T": 0, "v": 0, "p": 0, "B": 26}, "geometry": {"type": "MultiPolygon", "coordinates": [[[[16.615410811789676, 57.76685548407985], [16.617091109032796, 57.766834052415675], [16.61705098274991, 57.765936084973944], [16.615370727157238, 57.76595751589771], [16.615410811789676, 57.76685548407985]]]]}}, {"type": "Feature", "properties": {"T": 0, "v": 0, "p": 0, "B": 3}, "geometry": {"type": "MultiPolygon", "coordinates": [[[[16.44323668711078, 57.833614924138665], [16.443236688200848, 57.8336149514013], [16.443236753937757, 57.8336149506535], [16.44492008784099, 57.83359578998015], [16.44492008674965, 57.833595762717515], [16.44488414377825, 57.83269784967454], [16.443200851714447, 57.83271700968523], [16.443200785979172, 57.832717010433015], [16.44323668711078, 57.833614924138665]]]]}}, {"type": "Feature", "properties": {"T": 0, "v": 0, "p": 0, "B": 25}, "geometry": {"type": "MultiPolygon", "coordinates": [[[[16.61549098019414, 57.76865124046691], [16.615491097799296, 57.76865123896766], [16.617171360737252, 57.76862980732198], [16.617131233691406, 57.76773192994175], [16.615450894799526, 57.76775336234628], [16.61549098019414, 57.76865124046691]]]]}}, {"type": "Feature", "properties": {"T": 0, "v": 0, "p": 0, "B": 16}, "geometry": {"type": "MultiPolygon", "coordinates": [[[[16.609249060744627, 57.77951130658324], [16.60924913907088, 57.779511305588755], [16.61092981223489, 57.77948995543054], [16.610929810791546, 57.77948992302394], [16.61088982324497, 57.77859207684183], [16.609209113433003, 57.77861342725684], [16.609249060744627, 57.77951130658324]]]]}}, {"type": "Feature", "properties": {"T": 0, "v": 0, "p": 0, "B": 5}, "geometry": {"type": "MultiPolygon", "coordinates": [[[[16.6377003820487, 57.77645169608463], [16.639380967727316, 57.77642996846692], [16.639380965825737, 57.77642992650819], [16.639340277480777, 57.77553210209807], [16.637659733469658, 57.77555382896512], [16.6377003820487, 57.77645169608463]]]]}}, {"type": "Feature", "properties": {"T": 0, "v": 0, "p": 0, "B": 42}, "geometry": {"type": "MultiPolygon", "coordinates": [[[[16.643362436981413, 57.75302004589373], [16.643403191576947, 57.753917913666925], [16.645082726626107, 57.753896115784144], [16.645041930425712, 57.752998248763745], [16.643362436981413, 57.75302004589373]]]]}}, {"type": "Feature", "properties": {"T": 0, "v": 0, "p": 0, "B": 4}, "geometry": {"type": "MultiPolygon", "coordinates": [[[[16.50286630150854, 57.84999143365143], [16.50286630386387, 57.84999149018389], [16.50286640185492, 57.84999148902338], [16.50455056125331, 57.849971532532244], [16.504513110432864, 57.84907361863121], [16.50282899291758, 57.849093574432], [16.502828894928964, 57.84909357559244], [16.50286630150854, 57.84999143365143]]]]}}, {"type": "Feature", "properties": {"T": 0, "v": 0, "p": 0, "B": 5}, "geometry": {"type": "MultiPolygon", "coordinates": [[[[16.52299612455257, 57.76799986462497], [16.522996152047213, 57.76799986429454], [16.524676410722158, 57.767979659507674], [16.524676407478307, 57.76797958251847], [16.52463857577855, 57.76708166208802], [16.52463857537408, 57.76708165248783], [16.522958330862043, 57.76710185690705], [16.52299612455257, 57.76799986462497]]]]}}, {"type": "Feature", "properties": {"T": 0, "v": 0, "p": 0, "B": 13}, "geometry": {"type": "MultiPolygon", "coordinates": [[[[16.64000330433219, 57.75306357518518], [16.640043975713976, 57.75396144446172], [16.641723654104084, 57.7539396892952], [16.641682941113608, 57.753041820769965], [16.64000330433219, 57.75306357518518]]]]}}, {"type": "Feature", "properties": {"T": 0, "v": 0, "p": 0, "B": 26}, "geometry": {"type": "MultiPolygon", "coordinates": [[[[16.592638686810773, 57.784213012706495], [16.592638687536805, 57.78421302919206], [16.594319671127632, 57.78419189717146], [16.594280087162286, 57.783294011966866], [16.592599145264103, 57.783315143257255], [16.592638686810773, 57.784213012706495]]]]}}, {"type": "Feature", "properties": {"T": 0, "v": 0, "p": 0, "B": 3}, "geometry": {"type": "MultiPolygon", "coordinates": [[[[16.694177680092757, 57.905078646168654], [16.694219942317012, 57.90597646906154], [16.695906660586513, 57.90595395878591], [16.695864356336298, 57.90505613667237], [16.694177680092757, 57.905078646168654]]]]}}, {"type": "Feature", "properties": {"T": 0, "v": 0, "p": 0, "B": 4}, "geometry": {"type": "MultiPolygon", "coordinates": [[[[16.703603088138674, 57.71179560336455], [16.705280620840096, 57.71177301798484], [16.70523840095163, 57.71087517255519], [16.703560909734115, 57.71089775715548], [16.703603088138674, 57.71179560336455]]]]}}, {"type": "Feature", "properties": {"T": 0, "v": 0, "p": 0, "B": 3}, "geometry": {"type": "MultiPolygon", "coordinates": [[[[16.67085629891786, 57.7661365211474], [16.672536377537202, 57.76611435647695], [16.672536373979113, 57.76611427949327], [16.67249487742398, 57.7652164234973], [16.672494876980327, 57.76521641389779], [16.67081484000139, 57.76523857780255], [16.67085629891786, 57.7661365211474]]]]}}, {"type": "Feature", "properties": {"T": 0, "v": 0, "p": 0, "B": 3}, "geometry": {"type": "MultiPolygon", "coordinates": [[[[16.506007368024076, 57.80413761327259], [16.506007369665625, 57.80413765266076], [16.506007462365368, 57.8041376515598], [16.507689485894076, 57.80411766328204], [16.507689487381363, 57.80411766326435], [16.507689485737984, 57.80411762387621], [16.50765202493208, 57.80321974412228], [16.507652023444837, 57.80321974413995], [16.505970041671826, 57.803239731726784], [16.505969948974382, 57.80323973282773], [16.506007368024076, 57.80413761327259]]]]}}, {"type": "Feature", "properties": {"T": 0, "v": 0, "p": 0, "B": 12}, "geometry": {"type": "MultiPolygon", "coordinates": [[[[16.40338502446527, 57.89155589119495], [16.40338502458255, 57.89155589420467], [16.405071160277544, 57.891537249778864], [16.405036128851375, 57.89063930218316], [16.403350035161697, 57.890657945963504], [16.40338502446527, 57.89155589119495]]]]}}, {"type": "Feature", "properties": {"T": 0, "v": 0, "p": 0, "B": 5}, "geometry": {"type": "MultiPolygon", "coordinates": [[[[16.68743136713115, 57.90516845474274], [16.68911791437901, 57.90514603663778], [16.68907578074255, 57.90424821126432], [16.687389275515518, 57.90427062859311], [16.68743136713115, 57.90516845474274]]]]}}, {"type": "Feature", "properties": {"T": 0, "v": 0, "p": 0, "B": 6}, "geometry": {"type": "MultiPolygon", "coordinates": [[[[16.734741525430557, 57.90632785196684], [16.73474152667935, 57.90632787787513], [16.734741575378322, 57.90632787720999], [16.736428086582585, 57.90630483145337], [16.736428085332584, 57.90630480554512], [16.73638477124564, 57.9054070284241], [16.734698302060075, 57.90543007338282], [16.734698253362314, 57.90543007404793], [16.734741525430557, 57.90632785196684]]]]}}, {"type": "Feature", "properties": {"T": 0, "v": 0, "p": 0, "B": 10}, "geometry": {"type": "MultiPolygon", "coordinates": [[[[16.38834775897849, 57.89531451590558], [16.38838238078809, 57.89621247240064], [16.38838238375179, 57.89621254926525], [16.390068748229645, 57.89619410306701], [16.390034081057678, 57.895296060617774], [16.388347758603416, 57.89531450617729], [16.38834775897849, 57.89531451590558]]]]}}, {"type": "Feature", "properties": {"T": 0, "v": 0, "p": 0, "B": 6}, "geometry": {"type": "MultiPolygon", "coordinates": [[[[16.65450371825461, 57.73939895035574], [16.656182570905212, 57.73937700881574], [16.656141522715377, 57.73847914858113], [16.656141522539713, 57.738479144738555], [16.65446271145306, 57.738501085521], [16.65450371825461, 57.73939895035574]]]]}}, {"type": "Feature", "properties": {"T": 0, "v": 0, "p": 0, "B": 3}, "geometry": {"type": "MultiPolygon", "coordinates": [[[[16.658800225352635, 57.90644395870917], [16.658800226693536, 57.90644398780257], [16.660486997429775, 57.906421947653], [16.66044557571991, 57.905524109336255], [16.658758973428633, 57.905546147071796], [16.65875884701398, 57.905546148722735], [16.658800225352635, 57.90644395870917]]]]}}, {"type": "Feature", "properties": {"T": 0, "v": 0, "p": 0, "B": 6}, "geometry": {"type": "MultiPolygon", "coordinates": [[[[16.64487876771551, 57.74940673150141], [16.644878769882986, 57.749406779217296], [16.646558094507377, 57.7493849628475], [16.646517268843105, 57.748487095848056], [16.6448380723978, 57.74850891034023], [16.64483798581102, 57.74850891146449], [16.64487876771551, 57.74940673150141]]]]}}, {"type": "Feature", "properties": {"T": 0, "v": 0, "p": 0, "B": 14}, "geometry": {"type": "MultiPolygon", "coordinates": [[[[16.406827586071593, 57.89331447490856], [16.406862665787674, 57.89421242143393], [16.408548923327928, 57.89419373030683], [16.408513801599366, 57.89329578442853], [16.406827586071593, 57.89331447490856]]]]}}, {"type": "Feature", "properties": {"T": 0, "v": 0, "p": 0, "B": 3}, "geometry": {"type": "MultiPolygon", "coordinates": [[[[16.47822088662857, 57.82422852695151], [16.47822088904831, 57.82422858605788], [16.47822091857876, 57.82422858571374], [16.479903824916608, 57.82420896253059], [16.479903822494116, 57.82420890342426], [16.4798670241449, 57.82331103489123], [16.478184130089005, 57.82333065773997], [16.47822088662857, 57.82422852695151]]]]}}, {"type": "Feature", "properties": {"T": 0, "v": 0, "p": 0, "B": 4}, "geometry": {"type": "MultiPolygon", "coordinates": [[[[16.422074785443044, 57.89494134115499], [16.42211024763487, 57.89583928472966], [16.422110250670503, 57.89583936159316], [16.423796573284836, 57.89582046772206], [16.423796570245603, 57.89582039085862], [16.423761066037706, 57.894922447938086], [16.423761065653075, 57.89492243820995], [16.422074785058864, 57.89494133142686], [16.422074785443044, 57.89494134115499]]]]}}, {"type": "Feature", "properties": {"T": 0, "v": 0, "p": 0, "B": 15}, "geometry": {"type": "MultiPolygon", "coordinates": [[[[16.657332921065812, 57.7645172395812], [16.657374039989996, 57.76541509298739], [16.65905423516577, 57.765393105383644], [16.65901307430897, 57.76449524632154], [16.657332920772017, 57.764517233165805], [16.657332921065812, 57.7645172395812]]]]}}, {"type": "Feature", "properties": {"T": 0, "v": 0, "p": 0, "B": 3}, "geometry": {"type": "MultiPolygon", "coordinates": [[[[16.403735037192384, 57.900535458622436], [16.40542159308252, 57.900516807740296], [16.405386540737418, 57.89961886155774], [16.403700089552107, 57.89963751110144], [16.403700026877654, 57.89963751179411], [16.403735037192384, 57.900535458622436]]]]}}, {"type": "Feature", "properties": {"T": 0, "v": 0, "p": 0, "B": 37}, "geometry": {"type": "MultiPolygon", "coordinates": [[[[16.59580268625276, 57.77968131730213], [16.59748345669247, 57.77966014437432], [16.59744380114129, 57.77876225990545], [16.595763072381445, 57.77878343210171], [16.59580268625276, 57.77968131730213]]]]}}, {"type": "Feature", "properties": {"T": 0, "v": 0, "p": 0, "B": 3}, "geometry": {"type": "MultiPolygon", "coordinates": [[[[16.668993262485884, 57.725732744316524], [16.668993264361713, 57.72573278505237], [16.66899332511684, 57.72573278425161], [16.670671471787713, 57.725710654796956], [16.670671469909998, 57.725710614061164], [16.670630086259603, 57.724812795366276], [16.668951920358747, 57.724834924857774], [16.668993262485884, 57.725732744316524]]]]}}, {"type": "Feature", "properties": {"T": 0, "v": 0, "p": 0, "B": 6}, "geometry": {"type": "MultiPolygon", "coordinates": [[[[16.506756255480685, 57.82209610897244], [16.50843920888333, 57.82207610574947], [16.508439206148307, 57.82207604027514], [16.50840170177772, 57.82117818947691], [16.50840170028973, 57.82117818949459], [16.506718882926325, 57.82119819090651], [16.50671879018283, 57.82119819200821], [16.506756255480685, 57.82209610897244]]]]}}, {"type": "Feature", "properties": {"T": 0, "v": 0, "p": 0, "B": 6}, "geometry": {"type": "MultiPolygon", "coordinates": [[[[16.522900749615513, 57.725777213841496], [16.522900821491636, 57.72577721297711], [16.524579078498128, 57.72575701925894], [16.524579076516684, 57.72575697215149], [16.524541310979423, 57.72485909594666], [16.522863095508235, 57.724879288967706], [16.52286302363389, 57.72487928983205], [16.522900749615513, 57.725777213841496]]]]}}, {"type": "Feature", "properties": {"T": 0, "v": 0, "p": 0, "B": 20}, "geometry": {"type": "MultiPolygon", "coordinates": [[[[16.644348761972235, 57.737734397235954], [16.644389516956146, 57.73863226674661], [16.646068342631654, 57.73861045941495], [16.646027546085058, 57.73771259065722], [16.644348761972235, 57.737734397235954]]]]}}, {"type": "Feature", "properties": {"T": 0, "v": 0, "p": 0, "B": 3}, "geometry": {"type": "MultiPolygon", "coordinates": [[[[16.437122828280536, 57.72228788521368], [16.438801060662087, 57.72226882794924], [16.438801058160397, 57.7222687649173], [16.43876542241281, 57.72137086934848], [16.437087231565187, 57.72138992595506], [16.437122828280536, 57.72228788521368]]]]}}, {"type": "Feature", "properties": {"T": 0, "v": 0, "p": 0, "B": 4}, "geometry": {"type": "MultiPolygon", "coordinates": [[[[16.465653180980404, 57.72196088007186], [16.465653265148084, 57.721960879097665], [16.46733137702127, 57.721941444846514], [16.467331374470017, 57.72194138181538], [16.46729503270502, 57.72104349754706], [16.465616962360677, 57.721062931127314], [16.46561687819508, 57.72106293210148], [16.465653180980404, 57.72196088007186]]]]}}, {"type": "Feature", "properties": {"T": 0, "v": 0, "p": 0, "B": 19}, "geometry": {"type": "MultiPolygon", "coordinates": [[[[16.521109371876197, 57.723103611641164], [16.521109399336808, 57.7231036113113], [16.522787578396496, 57.7230834413814], [16.52274985914036, 57.72218551694019], [16.52107169414993, 57.722205686503685], [16.521109371876197, 57.723103611641164]]]]}}, {"type": "Feature", "properties": {"T": 0, "v": 0, "p": 0, "B": 42}, "geometry": {"type": "MultiPolygon", "coordinates": [[[[16.648074100722084, 57.745771656565125], [16.648114960692425, 57.74666952325004], [16.64979415569055, 57.746647664641955], [16.649753254135714, 57.74574979871186], [16.648074100722084, 57.745771656565125]]]]}}, {"type": "Feature", "properties": {"T": 0, "v": 0, "p": 0, "B": 3}, "geometry": {"type": "MultiPolygon", "coordinates": [[[[16.677451876572814, 57.763354088538435], [16.677493492790333, 57.76425193611197], [16.679173616780407, 57.7642296820851], [16.679131958779212, 57.76333183204902], [16.677451976536712, 57.763354083981845], [16.677451876423046, 57.763354085307235], [16.677451876572814, 57.763354088538435]]]]}}, {"type": "Feature", "properties": {"T": 0, "v": 0, "p": 0, "B": 3}, "geometry": {"type": "MultiPolygon", "coordinates": [[[[16.4645748035722, 57.81989503053383], [16.464574806614916, 57.819895105562786], [16.464574896179883, 57.819895104528584], [16.46625768498664, 57.81987566240885], [16.46625768965155, 57.81987566235492], [16.466257686605346, 57.819875587326045], [16.46622123425282, 57.81897772859548], [16.46622122958803, 57.81897772864941], [16.46453848258378, 57.818997170096914], [16.46453839302104, 57.81899717113106], [16.4645748035722, 57.81989503053383]]]]}}, {"type": "Feature", "properties": {"T": 0, "v": 0, "p": 0, "B": 3}, "geometry": {"type": "MultiPolygon", "coordinates": [[[[16.395873430215662, 57.78473574968156], [16.395873431097865, 57.78473577253769], [16.395873543226, 57.784735771303], [16.39755472843545, 57.784717247744325], [16.397554727552183, 57.7847172248882], [16.397520028034577, 57.783819282043275], [16.395838884534836, 57.78383780496183], [16.395838772409483, 57.78383780619648], [16.395873430215662, 57.78473574968156]]]]}}, {"type": "Feature", "properties": {"T": 0, "v": 0, "p": 0, "B": 3}, "geometry": {"type": "MultiPolygon", "coordinates": [[[[16.45026152893939, 57.714951075849314], [16.450261628554106, 57.714951074708296], [16.45193955047216, 57.714931844443974], [16.45190359704324, 57.71403388999382], [16.450225716638947, 57.71405311959441], [16.4502256170267, 57.714053120735365], [16.45026152893939, 57.714951075849314]]]]}}, {"type": "Feature", "properties": {"T": 0, "v": 0, "p": 0, "B": 15}, "geometry": {"type": "MultiPolygon", "coordinates": [[[[16.613810735819882, 57.768672649575734], [16.61549098019414, 57.76865124046691], [16.615450894799526, 57.76775336234628], [16.613770765212582, 57.767774769784126], [16.613770692073274, 57.76777477071553], [16.613810735819882, 57.768672649575734]]]]}}, {"type": "Feature", "properties": {"T": 0, "v": 0, "p": 0, "B": 6}, "geometry": {"type": "MultiPolygon", "coordinates": [[[[16.381395630289944, 57.890000318617716], [16.38139563064966, 57.89000032799648], [16.38308170928774, 57.88998197578303], [16.383047228074496, 57.88908401957482], [16.381361191438952, 57.88910237115296], [16.381395630289944, 57.890000318617716]]]]}}, {"type": "Feature", "properties": {"T": 0, "v": 0, "p": 0, "B": 4}, "geometry": {"type": "MultiPolygon", "coordinates": [[[[16.611810174152264, 57.7992432851692], [16.6118101764768, 57.79924333729232], [16.611810299347546, 57.799243335730296], [16.61349198180793, 57.79922194584198], [16.61349197948097, 57.79922189371891], [16.613451898678676, 57.79832407119777], [16.611770257951328, 57.798345460346795], [16.61177013508364, 57.798345461908774], [16.611810174152264, 57.7992432851692]]]]}}, {"type": "Feature", "properties": {"T": 0, "v": 0, "p": 0, "B": 31}, "geometry": {"type": "MultiPolygon", "coordinates": [[[[16.623288286354903, 57.75507563608745], [16.624967891935945, 57.755054104527105], [16.624927592624115, 57.75415622866961], [16.62324809144549, 57.7541777586818], [16.623248028652792, 57.75417775948634], [16.623288286354903, 57.75507563608745]]]]}}, {"type": "Feature", "properties": {"T": 0, "v": 0, "p": 0, "B": 3}, "geometry": {"type": "MultiPolygon", "coordinates": [[[[16.62572039440419, 57.734381282526854], [16.625720394946143, 57.73438129460542], [16.625720408126018, 57.734381294436226], [16.62739903933735, 57.73435973566056], [16.627399038794838, 57.73435972358201], [16.62735871198959, 57.733461857932035], [16.625680122330465, 57.73348341596339], [16.62568010915092, 57.73348341613257], [16.62572039440419, 57.734381282526854]]]]}}, {"type": "Feature", "properties": {"T": 0, "v": 0, "p": 0, "B": 20}, "geometry": {"type": "MultiPolygon", "coordinates": [[[[16.647624797263767, 57.73589502358937], [16.649303493406677, 57.735873174036506], [16.64930349314674, 57.73587316832647], [16.649262621021542, 57.734975306347195], [16.647583966433512, 57.73499715514571], [16.647624797263767, 57.73589502358937]]]]}}, {"type": "Feature", "properties": {"T": 0, "v": 0, "p": 0, "B": 3}, "geometry": {"type": "MultiPolygon", "coordinates": [[[[16.62974214136805, 57.786436566525026], [16.629742141680513, 57.78643657345767], [16.62974219936501, 57.78643657271601], [16.631423197945725, 57.78641494899695], [16.631382689535414, 57.78551708048987], [16.629701674965943, 57.78553870420336], [16.62974214136805, 57.786436566525026]]]]}}, {"type": "Feature", "properties": {"T": 0, "v": 0, "p": 0, "B": 43}, "geometry": {"type": "MultiPolygon", "coordinates": [[[[16.534383211590495, 57.719349944683664], [16.53442121478181, 57.720247864661886], [16.53609941709672, 57.720227516976955], [16.536061372380995, 57.71932959770106], [16.534383211590495, 57.719349944683664]]]]}}, {"type": "Feature", "properties": {"T": 0, "v": 0, "p": 0, "B": 8}, "geometry": {"type": "MultiPolygon", "coordinates": [[[[16.650121455701463, 57.75383058680539], [16.651800981030892, 57.753808699903324], [16.6518009795803, 57.753808668108555], [16.651760018409632, 57.752910835901815], [16.650080534684257, 57.75293272204804], [16.650121455701463, 57.75383058680539]]]]}}, {"type": "Feature", "properties": {"T": 0, "v": 0, "p": 0, "B": 3}, "geometry": {"type": "MultiPolygon", "coordinates": [[[[16.403140142487185, 57.885270253549464], [16.403140205136655, 57.885270252857175], [16.404825984197576, 57.88525161364113], [16.40482598321089, 57.88525158834003], [16.404790967404193, 57.88435366505618], [16.403105230329494, 57.88437230362702], [16.403105167681584, 57.88437230431927], [16.403140142487185, 57.885270253549464]]]]}}, {"type": "Feature", "properties": {"T": 0, "v": 0, "p": 0, "B": 4}, "geometry": {"type": "MultiPolygon", "coordinates": [[[[16.599362746368577, 57.78412836566985], [16.599362835032682, 57.784128364551115], [16.601043853667846, 57.78410714283861], [16.601043859134492, 57.78410714276955], [16.601043858404633, 57.78410712628405], [16.60100410839366, 57.78320926049352], [16.59932303732304, 57.78323048266048], [16.599362746368577, 57.78412836566985]]]]}}, {"type": "Feature", "properties": {"T": 0, "v": 0, "p": 0, "B": 28}, "geometry": {"type": "MultiPolygon", "coordinates": [[[[16.642751404699315, 57.73955192195324], [16.642792127032507, 57.74044988169218], [16.644471038268115, 57.7404280950974], [16.644430274362943, 57.73953013611078], [16.642751404699315, 57.73955192195324]]]]}}, {"type": "Feature", "properties": {"T": 0, "v": 0, "p": 0, "B": 22}, "geometry": {"type": "MultiPolygon", "coordinates": [[[[16.52103401866266, 57.72130776122233], [16.52107169414993, 57.722205686503685], [16.52274985914036, 57.72218551694019], [16.522712142125688, 57.72128759235509], [16.52103401866266, 57.72130776122233]]]]}}, {"type": "Feature", "properties": {"T": 0, "v": 0, "p": 0, "B": 88}, "geometry": {"type": "MultiPolygon", "coordinates": [[[[16.640206685431856, 57.75755292010425], [16.640247368910007, 57.758450788648965], [16.641927255380637, 57.75842902972525], [16.64188653028144, 57.757531161932064], [16.640206685431856, 57.75755292010425]]]]}}, {"type": "Feature", "properties": {"T": 0, "v": 0, "p": 0, "B": 3}, "geometry": {"type": "MultiPolygon", "coordinates": [[[[16.68574481585859, 57.90519081818735], [16.685744817370328, 57.90519085046442], [16.68574482343467, 57.905190850383924], [16.68743136713115, 57.90516845474274], [16.687389275515518, 57.90427062859311], [16.68570277383992, 57.904293023458884], [16.685702767775727, 57.90429302353937], [16.68574481585859, 57.90519081818735]]]]}}, {"type": "Feature", "properties": {"T": 0, "v": 0, "p": 0, "B": 27}, "geometry": {"type": "MultiPolygon", "coordinates": [[[[16.595723460867525, 57.777885546755925], [16.595763072381445, 57.77878343210171], [16.59744380114129, 57.77876225990545], [16.597404147949984, 57.77786437529117], [16.595723460867525, 57.777885546755925]]]]}}, {"type": "Feature", "properties": {"T": 0, "v": 0, "p": 0, "B": 7}, "geometry": {"type": "MultiPolygon", "coordinates": [[[[16.608330869676326, 57.758859955453524], [16.608330947957935, 57.75885995445983], [16.610010663187907, 57.75883862125863], [16.609970728881418, 57.75794073931886], [16.608290976991217, 57.7579620727769], [16.608330869676326, 57.758859955453524]]]]}}, {"type": "Feature", "properties": {"T": 0, "v": 0, "p": 0, "B": 21}, "geometry": {"type": "MultiPolygon", "coordinates": [[[[16.63041120648799, 57.76396810270992], [16.630411308594724, 57.76396810139608], [16.632091357227097, 57.7639464728707], [16.632050867397524, 57.763048601504366], [16.632050867395403, 57.763048601457314], [16.63037075829338, 57.763070230549395], [16.63041120648799, 57.76396810270992]]]]}}, {"type": "Feature", "properties": {"T": 0, "v": 0, "p": 0, "B": 7}, "geometry": {"type": "MultiPolygon", "coordinates": [[[[16.559846750782807, 57.76485640166198], [16.55988545230565, 57.76575430113013], [16.559885488131382, 57.76575430068913], [16.56156560508407, 57.76573360750769], [16.56152686191708, 57.76483570875436], [16.561526861777654, 57.764835705522984], [16.559846786468373, 57.76485639798958], [16.55984675064353, 57.76485639843059], [16.559846750782807, 57.76485640166198]]]]}}, {"type": "Feature", "properties": {"T": 0, "v": 0, "p": 0, "B": 10}, "geometry": {"type": "MultiPolygon", "coordinates": [[[[16.668745237192635, 57.72034562167898], [16.668745297938745, 57.72034562087837], [16.670423195504746, 57.720323496006436], [16.67042319274737, 57.72032343616556], [16.670381824729493, 57.71942563569319], [16.66870396867235, 57.71944775980148], [16.668703907927743, 57.71944776060206], [16.668745237192635, 57.72034562167898]]]]}}, {"type": "Feature", "properties": {"T": 0, "v": 0, "p": 0, "B": 23}, "geometry": {"type": "MultiPolygon", "coordinates": [[[[16.605807686508616, 57.77775818206766], [16.605847548087358, 57.77865606301279], [16.607528401243933, 57.77863475539518], [16.607488497985543, 57.77773687518622], [16.605807686508616, 57.77775818206766]]]]}}, {"type": "Feature", "properties": {"T": 0, "v": 0, "p": 0, "B": 41}, "geometry": {"type": "MultiPolygon", "coordinates": [[[[16.60072591943944, 57.77692408048792], [16.60240655776124, 57.77690284292628], [16.602366784269538, 57.77600496022018], [16.600686187619587, 57.77602619704809], [16.60072591943944, 57.77692408048792]]]]}}, {"type": "Feature", "properties": {"T": 0, "v": 0, "p": 0, "B": 3}, "geometry": {"type": "MultiPolygon", "coordinates": [[[[16.517065286355443, 57.78693675769399], [16.51706528677991, 57.78693676781138], [16.517065413595116, 57.786936766293714], [16.51874659586738, 57.78691663551559], [16.518746595442444, 57.78691662539819], [16.518708883819436, 57.78601871850067], [16.517027743253617, 57.78603884858313], [16.51702761644156, 57.78603885010075], [16.517065286355443, 57.78693675769399]]]]}}, {"type": "Feature", "properties": {"T": 0, "v": 0, "p": 0, "B": 3}, "geometry": {"type": "MultiPolygon", "coordinates": [[[[16.66098155710537, 57.77075827276095], [16.660981559908638, 57.77075833382424], [16.660981631062917, 57.770758332891624], [16.662661861512184, 57.77073629893815], [16.66262060266016, 57.769838442278306], [16.660940413858956, 57.76986047547061], [16.660940342706436, 57.7698604764032], [16.66098155710537, 57.77075827276095]]]]}}, {"type": "Feature", "properties": {"T": 0, "v": 0, "p": 0, "B": 18}, "geometry": {"type": "MultiPolygon", "coordinates": [[[[16.645905170995373, 57.735018983504915], [16.647583966433512, 57.73499715514571], [16.64754313803028, 57.73409928655549], [16.645864384148183, 57.73412111416109], [16.645905170995373, 57.735018983504915]]]]}}, {"type": "Feature", "properties": {"T": 0, "v": 0, "p": 0, "B": 5}, "geometry": {"type": "MultiPolygon", "coordinates": [[[[16.38999941942073, 57.89439810780483], [16.391685836840622, 57.894379638978165], [16.39165113538487, 57.89348169002285], [16.391651135255056, 57.8934816866636], [16.389964759852838, 57.89350015485086], [16.38999941942073, 57.89439810780483]]]]}}, {"type": "Feature", "properties": {"T": 0, "v": 0, "p": 0, "B": 9}, "geometry": {"type": "MultiPolygon", "coordinates": [[[[16.66913480099933, 57.76526072904339], [16.669176214281485, 57.76615858656984], [16.669176217832437, 57.76615866355365], [16.67085629891786, 57.7661365211474], [16.67081484000139, 57.76523857780255], [16.66913481691924, 57.76526071922832], [16.66913480055657, 57.765260719443866], [16.66913480099933, 57.76526072904339]]]]}}, {"type": "Feature", "properties": {"T": 0, "v": 0, "p": 0, "B": 35}, "geometry": {"type": "MultiPolygon", "coordinates": [[[[16.649916874948424, 57.74934126155269], [16.649957786232836, 57.75023912689643], [16.651637145160866, 57.75021724301761], [16.651596192282277, 57.74931937842958], [16.649916874948424, 57.74934126155269]]]]}}, {"type": "Feature", "properties": {"T": 0, "v": 0, "p": 0, "B": 3}, "geometry": {"type": "MultiPolygon", "coordinates": [[[[16.697397001743948, 57.72265994621244], [16.697397004098775, 57.7226599965001], [16.697397127886006, 57.72265999484069], [16.69907518319329, 57.72263748881533], [16.699033099251434, 57.72173964204547], [16.697354961674616, 57.721762148953346], [16.697397001743948, 57.72265994621244]]]]}}, {"type": "Feature", "properties": {"T": 0, "v": 0, "p": 0, "B": 37}, "geometry": {"type": "MultiPolygon", "coordinates": [[[[16.618369729681625, 57.75783373460774], [16.618409872098923, 57.75873161285162], [16.620089651321454, 57.75871014509592], [16.62004946728396, 57.757812267593536], [16.618369729681625, 57.75783373460774]]]]}}, {"type": "Feature", "properties": {"T": 0, "v": 0, "p": 0, "B": 17}, "geometry": {"type": "MultiPolygon", "coordinates": [[[[16.59973332739543, 57.75447682928169], [16.599733328800347, 57.75447686107728], [16.601412926064285, 57.75445564184835], [16.601373211682194, 57.75355775550429], [16.59969365602825, 57.753578974000376], [16.59973332739543, 57.75447682928169]]]]}}, {"type": "Feature", "properties": {"T": 0, "v": 0, "p": 0, "B": 3}, "geometry": {"type": "MultiPolygon", "coordinates": [[[[16.627131911920902, 57.76580703889547], [16.627131925112202, 57.76580703872608], [16.628812012210528, 57.765785453876546], [16.62877160113079, 57.76488758767746], [16.628771600842047, 57.76488758126196], [16.627091542191412, 57.76490916553528], [16.627131911920902, 57.76580703889547]]]]}}, {"type": "Feature", "properties": {"T": 0, "v": 0, "p": 0, "B": 4}, "geometry": {"type": "MultiPolygon", "coordinates": [[[[16.60840687561853, 57.79838811761336], [16.608406878079787, 57.79838817292084], [16.60840691194611, 57.79838817249121], [16.61008850777243, 57.79836682856159], [16.610048510493648, 57.797468952293876], [16.608366922531562, 57.79749029591543], [16.60840687561853, 57.79838811761336]]]]}}, {"type": "Feature", "properties": {"T": 0, "v": 0, "p": 0, "B": 6}, "geometry": {"type": "MultiPolygon", "coordinates": [[[[16.506759809681558, 57.862522312117385], [16.506759810181023, 57.86252232406871], [16.506759858448643, 57.8625223234957], [16.50844451083467, 57.86250231369015], [16.50844451033465, 57.862502301738864], [16.5084069449018, 57.86160440317988], [16.506722334431224, 57.86162441229309], [16.50672228616481, 57.86162441286604], [16.506759809681558, 57.862522312117385]]]]}}, {"type": "Feature", "properties": {"T": 0, "v": 0, "p": 0, "B": 13}, "geometry": {"type": "MultiPolygon", "coordinates": [[[[16.396918971383492, 57.89881394086193], [16.39860545156003, 57.89879538081511], [16.39860544894532, 57.898795313504316], [16.398570571506, 57.89789743177169], [16.396884133355517, 57.8979159911759], [16.396918971383492, 57.89881394086193]]]]}}, {"type": "Feature", "properties": {"T": 0, "v": 0, "p": 0, "B": 8}, "geometry": {"type": "MultiPolygon", "coordinates": [[[[16.51958159002918, 57.726715419300355], [16.519581591870697, 57.72671546322355], [16.521260105174896, 57.72669531075222], [16.521260103331347, 57.726695266829054], [16.5212224184908, 57.72579738619029], [16.51954394672995, 57.725817537965895], [16.51958159002918, 57.726715419300355]]]]}}, {"type": "Feature", "properties": {"T": 0, "v": 0, "p": 0, "B": 7}, "geometry": {"type": "MultiPolygon", "coordinates": [[[[16.607568306877063, 57.779532635458516], [16.609249060744627, 57.77951130658324], [16.609209113433003, 57.77861342725684], [16.607528401243933, 57.77863475539518], [16.607568306877063, 57.779532635458516]]]]}}, {"type": "Feature", "properties": {"T": 0, "v": 0, "p": 0, "B": 13}, "geometry": {"type": "MultiPolygon", "coordinates": [[[[16.655693981345745, 57.765437066112874], [16.65573506151759, 57.7663349297306], [16.655735065039973, 57.76633500671493], [16.657415165765652, 57.76631304243025], [16.657374039989996, 57.76541509298739], [16.65569405721149, 57.76543705551626], [16.655693980906545, 57.76543705651327], [16.655693981345745, 57.765437066112874]]]]}}, {"type": "Feature", "properties": {"T": 0, "v": 0, "p": 0, "B": 14}, "geometry": {"type": "MultiPolygon", "coordinates": [[[[16.600805390172667, 57.778719846931196], [16.60248611184559, 57.778698607901944], [16.60244633361986, 57.77780072548687], [16.600765653623736, 57.777821963782294], [16.600805390172667, 57.778719846931196]]]]}}, {"type": "Feature", "properties": {"T": 0, "v": 0, "p": 0, "B": 3}, "geometry": {"type": "MultiPolygon", "coordinates": [[[[16.693873435712973, 57.75504994394198], [16.693873436902614, 57.755049969367825], [16.695553119791043, 57.75502750045865], [16.6955110705036, 57.75412965667493], [16.69383155827661, 57.754152123082655], [16.693831429222307, 57.75415212480812], [16.693873435712973, 57.75504994394198]]]]}}, {"type": "Feature", "properties": {"T": 0, "v": 0, "p": 0, "B": 3}, "geometry": {"type": "MultiPolygon", "coordinates": [[[[16.585335758670684, 57.80945929746843], [16.587018061149127, 57.80943825477352], [16.58701806039809, 57.80943823767665], [16.586978619955342, 57.80854036998951], [16.585296463469877, 57.808561410654015], [16.585296359243433, 57.80856141195702], [16.585335758670684, 57.80945929746843]]]]}}, {"type": "Feature", "properties": {"T": 0, "v": 0, "p": 0, "B": 3}, "geometry": {"type": "MultiPolygon", "coordinates": [[[[16.69084677636346, 57.90602141874738], [16.69084677724696, 57.90602141873561], [16.69253336060058, 57.9059989550964], [16.692491140399035, 57.90510113142498], [16.69080459818483, 57.905123594298196], [16.69084677636346, 57.90602141874738]]]]}}, {"type": "Feature", "properties": {"T": 0, "v": 0, "p": 0, "B": 5}, "geometry": {"type": "MultiPolygon", "coordinates": [[[[16.67774324715299, 57.769639127616415], [16.679423621002616, 57.76961686897666], [16.679423618020564, 57.76961680472983], [16.67938194812916, 57.768719019824], [16.677701615928285, 57.76874127769484], [16.67774324715299, 57.769639127616415]]]]}}, {"type": "Feature", "properties": {"T": 0, "v": 0, "p": 0, "B": 19}, "geometry": {"type": "MultiPolygon", "coordinates": [[[[16.616770193670927, 57.759650937186656], [16.618450016903953, 57.7596294909496], [16.618409872098923, 57.75873161285162], [16.61673009048877, 57.758753058347935], [16.616770193670927, 57.759650937186656]]]]}}, {"type": "Feature", "properties": {"T": 0, "v": 0, "p": 0, "B": 19}, "geometry": {"type": "MultiPolygon", "coordinates": [[[[16.649467007566027, 57.73946465035444], [16.649507892246607, 57.74036252049493], [16.64950789586939, 57.74036260005271], [16.6511867973973, 57.7403407244847], [16.651145867202807, 57.73944276851506], [16.649467007246074, 57.73946464332769], [16.649467007566027, 57.73946465035444]]]]}}, {"type": "Feature", "properties": {"T": 0, "v": 0, "p": 0, "B": 18}, "geometry": {"type": "MultiPolygon", "coordinates": [[[[16.651596192282277, 57.74931937842958], [16.65327564565833, 57.74929747124887], [16.653234653619972, 57.748399607270734], [16.651555241838853, 57.74842151369496], [16.651596192282277, 57.74931937842958]]]]}}, {"type": "Feature", "properties": {"T": 0, "v": 0, "p": 0, "B": 33}, "geometry": {"type": "MultiPolygon", "coordinates": [[[[16.618771265341955, 57.76681260025138], [16.618771333317923, 57.76681259938301], [16.620451419261713, 57.7667911258208], [16.620411209685393, 57.76589315986202], [16.61873109741225, 57.765914633550736], [16.618771265341955, 57.76681260025138]]]]}}, {"type": "Feature", "properties": {"T": 0, "v": 0, "p": 0, "B": 9}, "geometry": {"type": "MultiPolygon", "coordinates": [[[[16.536061372380995, 57.71932959770106], [16.537739392540107, 57.719309230167354], [16.537701308566657, 57.71841131145032], [16.536023341919165, 57.71843167813553], [16.53602332992589, 57.71843167828102], [16.536061372380995, 57.71932959770106]]]]}}, {"type": "Feature", "properties": {"T": 0, "v": 0, "p": 0, "B": 89}, "geometry": {"type": "MultiPolygon", "coordinates": [[[[16.651391464412786, 57.744830053290066], [16.653070709838865, 57.74480814989151], [16.653029729985665, 57.74391028518004], [16.651350526142174, 57.743932187822274], [16.651391464412786, 57.744830053290066]]]]}}, {"type": "Feature", "properties": {"T": 0, "v": 0, "p": 0, "B": 20}, "geometry": {"type": "MultiPolygon", "coordinates": [[[[16.578406583403563, 57.766423336084706], [16.578445751728157, 57.767321320360146], [16.580126100863257, 57.7673003786251], [16.58008689088393, 57.76640239507315], [16.578406583403563, 57.766423336084706]]]]}}, {"type": "Feature", "properties": {"T": 0, "v": 0, "p": 0, "B": 68}, "geometry": {"type": "MultiPolygon", "coordinates": [[[[16.643403191576947, 57.753917913666925], [16.6434439485963, 57.75481578129369], [16.64512352525279, 57.75479398265806], [16.645082726626107, 57.753896115784144], [16.643403191576947, 57.753917913666925]]]]}}, {"type": "Feature", "properties": {"T": 0, "v": 0, "p": 0, "B": 4}, "geometry": {"type": "MultiPolygon", "coordinates": [[[[16.635370230623803, 57.7621074099869], [16.635370327564527, 57.76210740873574], [16.637050290858415, 57.76208571484905], [16.63705029071652, 57.762085711711904], [16.637009680955188, 57.76118784538891], [16.635329662352113, 57.761209539777425], [16.635370230623803, 57.7621074099869]]]]}}, {"type": "Feature", "properties": {"T": 0, "v": 0, "p": 0, "B": 3}, "geometry": {"type": "MultiPolygon", "coordinates": [[[[16.629661210659904, 57.78464083480296], [16.631342183536105, 57.784619211836635], [16.63134218293607, 57.784619198535594], [16.631301679947608, 57.78372134303727], [16.629620748762196, 57.78374296525647], [16.629661210659904, 57.78464083480296]]]]}}, {"type": "Feature", "properties": {"T": 0, "v": 0, "p": 0, "B": 34}, "geometry": {"type": "MultiPolygon", "coordinates": [[[[16.615731542652725, 57.7740385061287], [16.617412173155227, 57.77401706854066], [16.61737203178185, 57.7731191920355], [16.615691442945437, 57.77314062888293], [16.615731542652725, 57.7740385061287]]]]}}, {"type": "Feature", "properties": {"T": 0, "v": 0, "p": 0, "B": 3}, "geometry": {"type": "MultiPolygon", "coordinates": [[[[16.61341181532497, 57.79742613791625], [16.61341181793593, 57.79742619640782], [16.613411846635664, 57.7974261960426], [16.615093398746666, 57.79740478590619], [16.615093396132988, 57.79740472741468], [16.615053278662742, 57.79650691171047], [16.613371768278512, 57.79652832110692], [16.61337173957949, 57.79652832147214], [16.61341181532497, 57.79742613791625]]]]}}, {"type": "Feature", "properties": {"T": 0, "v": 0, "p": 0, "B": 4}, "geometry": {"type": "MultiPolygon", "coordinates": [[[[16.651964855009943, 57.757400135384934], [16.651964855879648, 57.75740015444297], [16.651964981777102, 57.75740015280144], [16.65364468372129, 57.75737824045199], [16.6536446828507, 57.75737822139397], [16.653603669736967, 57.756480377793864], [16.651924009406834, 57.75650228938651], [16.6519238835125, 57.756502291028], [16.651964855009943, 57.757400135384934]]]]}}, {"type": "Feature", "properties": {"T": 0, "v": 0, "p": 0, "B": 10}, "geometry": {"type": "MultiPolygon", "coordinates": [[[[16.6741305585877, 57.691525292494504], [16.67413056190746, 57.691525364460965], [16.674130661823128, 57.69152536313924], [16.675807321537857, 57.691503172573334], [16.67580731821478, 57.69150310060692], [16.675765863590215, 57.690605310610486], [16.67408914539407, 57.69062750173255], [16.6741305585877, 57.691525292494504]]]]}}, {"type": "Feature", "properties": {"T": 0, "v": 0, "p": 0, "B": 35}, "geometry": {"type": "MultiPolygon", "coordinates": [[[[16.636725479256164, 57.754902755071825], [16.63840506559365, 57.754881045459626], [16.638364433400916, 57.75398317557892], [16.636684888671564, 57.75400488444136], [16.636725479256164, 57.754902755071825]]]]}}, {"type": "Feature", "properties": {"T": 0, "v": 0, "p": 0, "B": 16}, "geometry": {"type": "MultiPolygon", "coordinates": [[[[16.621648896863697, 57.75599502258971], [16.621689117739862, 57.75689289964177], [16.6233688089424, 57.75687138885169], [16.623328546451372, 57.75597351254256], [16.621648896863697, 57.75599502258971]]]]}}, {"type": "Feature", "properties": {"T": 0, "v": 0, "p": 0, "B": 37}, "geometry": {"type": "MultiPolygon", "coordinates": [[[[16.642914296345122, 57.743143490723185], [16.642955024291886, 57.74404136010728], [16.644634101823453, 57.74401957050319], [16.644593332298992, 57.74312170187147], [16.642914296345122, 57.743143490723185]]]]}}, {"type": "Feature", "properties": {"T": 0, "v": 0, "p": 0, "B": 10}, "geometry": {"type": "MultiPolygon", "coordinates": [[[[16.656100476614366, 57.73758128051464], [16.656100597285736, 57.73758127893678], [16.65777938213178, 57.73755931643763], [16.65773829708415, 57.73666145282529], [16.656059433128977, 57.73668341614399], [16.656100476614366, 57.73758128051464]]]]}}, {"type": "Feature", "properties": {"T": 0, "v": 0, "p": 0, "B": 11}, "geometry": {"type": "MultiPolygon", "coordinates": [[[[16.648033243181168, 57.74487378973365], [16.649712355012767, 57.74485193263515], [16.649671458321514, 57.743954066411874], [16.647992388069472, 57.74397592275565], [16.648033243181168, 57.74487378973365]]]]}}, {"type": "Feature", "properties": {"T": 0, "v": 0, "p": 0, "B": 25}, "geometry": {"type": "MultiPolygon", "coordinates": [[[[16.645945960267117, 57.735916852702225], [16.645986751963612, 57.73681472175298], [16.64766563052124, 57.73679289188643], [16.647624797263767, 57.73589502358937], [16.645945960267117, 57.735916852702225]]]]}}, {"type": "Feature", "properties": {"T": 0, "v": 0, "p": 0, "B": 19}, "geometry": {"type": "MultiPolygon", "coordinates": [[[[16.617291756200146, 57.77132343858762], [16.61733189279689, 57.772221315384485], [16.619012299013942, 57.77219985877326], [16.618972120759693, 57.77130198271763], [16.617291756200146, 57.77132343858762]]]]}}, {"type": "Feature", "properties": {"T": 0, "v": 0, "p": 0, "B": 3}, "geometry": {"type": "MultiPolygon", "coordinates": [[[[16.41761544776326, 57.738678227822085], [16.41761548952793, 57.73867822735467], [16.419294453438113, 57.738659425683174], [16.419294453214395, 57.73865941997255], [16.419259276003267, 57.737761461791706], [16.417580353672474, 57.737780262813985], [16.417580311908843, 57.73778026328139], [16.41761544776326, 57.738678227822085]]]]}}, {"type": "Feature", "properties": {"T": 0, "v": 0, "p": 0, "B": 24}, "geometry": {"type": "MultiPolygon", "coordinates": [[[[16.597602437507213, 57.78235379690851], [16.59928333064083, 57.78233259950567], [16.59924362632175, 57.781434716205425], [16.597562774875236, 57.78145591287583], [16.597602437507213, 57.78235379690851]]]]}}, {"type": "Feature", "properties": {"T": 0, "v": 0, "p": 0, "B": 5}, "geometry": {"type": "MultiPolygon", "coordinates": [[[[16.40362630690192, 57.724460259658514], [16.403626309096047, 57.72446031632228], [16.403626410725938, 57.72446031519582], [16.405304804799638, 57.72444170092031], [16.40530480260289, 57.72444164425659], [16.405269993144824, 57.72354372959082], [16.403591640614344, 57.72356234322373], [16.403591538986966, 57.72356234435016], [16.40362630690192, 57.724460259658514]]]]}}, {"type": "Feature", "properties": {"T": 0, "v": 0, "p": 0, "B": 3}, "geometry": {"type": "MultiPolygon", "coordinates": [[[[16.62919880231706, 57.73703178202504], [16.629198802430647, 57.737031784550894], [16.62919890446153, 57.73703178323844], [16.630877705128245, 57.73701017710936], [16.63087770501454, 57.7370101745835], [16.63083728746553, 57.736112301310385], [16.629158528359255, 57.73613390669351], [16.6291584263309, 57.736133908005904], [16.62919880231706, 57.73703178202504]]]]}}, {"type": "Feature", "properties": {"T": 0, "v": 0, "p": 0, "B": 4}, "geometry": {"type": "MultiPolygon", "coordinates": [[[[16.682035914298098, 57.89805288694269], [16.682035916996174, 57.89805294469234], [16.68372213567414, 57.89803059992903], [16.68372213297337, 57.89803054217942], [16.683680148161326, 57.8971327710522], [16.681994027348683, 57.89715511430208], [16.681993971484772, 57.89715511504198], [16.682035914298098, 57.89805288694269]]]]}}, {"type": "Feature", "properties": {"T": 0, "v": 0, "p": 0, "B": 77}, "geometry": {"type": "MultiPolygon", "coordinates": [[[[16.40847868196725, 57.89239783840887], [16.408513801599366, 57.89329578442853], [16.41020001503078, 57.89327707156797], [16.410164853388867, 57.89237912619612], [16.40847868196725, 57.89239783840887]]]]}}, {"type": "Feature", "properties": {"T": 0, "v": 0, "p": 0, "B": 7}, "geometry": {"type": "MultiPolygon", "coordinates": [[[[16.607209238940364, 57.7714516485812], [16.607209241652978, 57.77145170964613], [16.608889620503255, 57.771430387401864], [16.608849694579494, 57.77053250676452], [16.607169357385423, 57.77055382827219], [16.607209238940364, 57.7714516485812]]]]}}, {"type": "Feature", "properties": {"T": 0, "v": 0, "p": 0, "B": 8}, "geometry": {"type": "MultiPolygon", "coordinates": [[[[16.64258855585523, 57.7359604406091], [16.642629264436025, 57.73685831116479], [16.644308009411006, 57.736836527578824], [16.64426725927226, 57.735938657775215], [16.64258855585523, 57.7359604406091]]]]}}, {"type": "Feature", "properties": {"T": 0, "v": 0, "p": 0, "B": 4}, "geometry": {"type": "MultiPolygon", "coordinates": [[[[16.70196755423027, 57.71271601968092], [16.702009695944945, 57.71361386191931], [16.702009814547576, 57.71361386032482], [16.703687452465104, 57.71359129533914], [16.703645269048938, 57.7126934494258], [16.70196755402123, 57.712716015227144], [16.70196755423027, 57.71271601968092]]]]}}, {"type": "Feature", "properties": {"T": 0, "v": 0, "p": 0, "B": 42}, "geometry": {"type": "MultiPolygon", "coordinates": [[[[16.6103302235968, 57.7660216811315], [16.61037017943042, 57.76691956494422], [16.6103701828564, 57.76691964193027], [16.612050487246233, 57.76689827707284], [16.61205048381668, 57.76689820008686], [16.612010486336043, 57.766000317012164], [16.612010485908417, 57.766000307412355], [16.610330345927665, 57.766021669971664], [16.610330223169623, 57.7660216715317], [16.6103302235968, 57.7660216811315]]]]}}, {"type": "Feature", "properties": {"T": 0, "v": 0, "p": 0, "B": 3}, "geometry": {"type": "MultiPolygon", "coordinates": [[[[16.641591286509925, 57.78808045828351], [16.643272547867475, 57.78805867453908], [16.643231742724915, 57.78716081157698], [16.6415505230701, 57.78718259456869], [16.641591286509925, 57.78808045828351]]]]}}, {"type": "Feature", "properties": {"T": 0, "v": 0, "p": 0, "B": 4}, "geometry": {"type": "MultiPolygon", "coordinates": [[[[16.395475978479325, 57.9051180833755], [16.39547598022463, 57.90511812839492], [16.39547609790902, 57.90511812710206], [16.39716289582751, 57.905099584711934], [16.397162894080093, 57.90509953969256], [16.397128043236282, 57.90420163601394], [16.395441287362097, 57.90422017776197], [16.39544116968064, 57.90422017905482], [16.395475978479325, 57.9051180833755]]]]}}, {"type": "Feature", "properties": {"T": 0, "v": 0, "p": 0, "B": 43}, "geometry": {"type": "MultiPolygon", "coordinates": [[[[16.601770461817985, 57.76253661239644], [16.60177050081152, 57.7625366119035], [16.603450431319455, 57.7625153643073], [16.60345043118047, 57.7625153611701], [16.603410654039994, 57.76161748000685], [16.60173072617058, 57.76163872736206], [16.601770461817985, 57.76253661239644]]]]}}, {"type": "Feature", "properties": {"T": 0, "v": 0, "p": 0, "B": 30}, "geometry": {"type": "MultiPolygon", "coordinates": [[[[16.600090489952834, 57.762557838222506], [16.601770461817985, 57.76253661239644], [16.60173072617058, 57.76163872736206], [16.600050795937676, 57.76165995245498], [16.600090489952834, 57.762557838222506]]]]}}, {"type": "Feature", "properties": {"T": 0, "v": 0, "p": 0, "B": 61}, "geometry": {"type": "MultiPolygon", "coordinates": [[[[16.630208989573266, 57.75947874044586], [16.63024942814494, 57.760376613190964], [16.63192941235056, 57.760354986340026], [16.631888932151693, 57.75945711434188], [16.630208989573266, 57.75947874044586]]]]}}, {"type": "Feature", "properties": {"T": 0, "v": 0, "p": 0, "B": 8}, "geometry": {"type": "MultiPolygon", "coordinates": [[[[16.543466361577032, 57.77493914610281], [16.543466363774854, 57.7749391976165], [16.543466370624248, 57.7749391975331], [16.545146956068777, 57.77491871959888], [16.545108606412988, 57.77402081194333], [16.543428062639233, 57.77404128917006], [16.543428055790013, 57.774041289253475], [16.543466361577032, 57.77493914610281]]]]}}, {"type": "Feature", "properties": {"T": 0, "v": 0, "p": 0, "B": 5}, "geometry": {"type": "MultiPolygon", "coordinates": [[[[16.43310031550877, 57.832831478792535], [16.433100316717585, 57.83283150923977], [16.433100392795556, 57.83283150838038], [16.434783687316948, 57.832812482451025], [16.434783686106712, 57.83281245200383], [16.434747996437345, 57.83191453803877], [16.433064743753697, 57.831933563310116], [16.433064667677613, 57.83193356416946], [16.43310031550877, 57.832831478792535]]]]}}, {"type": "Feature", "properties": {"T": 0, "v": 0, "p": 0, "B": 14}, "geometry": {"type": "MultiPolygon", "coordinates": [[[[16.61725162199142, 57.77042556164492], [16.617291756200146, 57.77132343858762], [16.618972120759693, 57.77130198271763], [16.618931944895948, 57.77040410651614], [16.61725162199142, 57.77042556164492]]]]}}, {"type": "Feature", "properties": {"T": 0, "v": 0, "p": 0, "B": 19}, "geometry": {"type": "MultiPolygon", "coordinates": [[[[16.407143382428206, 57.901396078325135], [16.407143395292405, 57.90139607818262], [16.408829976162732, 57.90137738202006], [16.408794837656103, 57.90047943727282], [16.40710828595411, 57.900498132930544], [16.407143382428206, 57.901396078325135]]]]}}, {"type": "Feature", "properties": {"T": 0, "v": 0, "p": 0, "B": 12}, "geometry": {"type": "MultiPolygon", "coordinates": [[[[16.668951918336408, 57.72483488093776], [16.668951920358747, 57.724834924857774], [16.670630086259603, 57.724812795366276], [16.67058870319081, 57.723914935788486], [16.668910639564746, 57.72393706371542], [16.66891057881263, 57.72393706451613], [16.668951918336408, 57.72483488093776]]]]}}, {"type": "Feature", "properties": {"T": 0, "v": 0, "p": 0, "B": 17}, "geometry": {"type": "MultiPolygon", "coordinates": [[[[16.578484918467325, 57.76821921471905], [16.578485027739433, 57.76821921335793], [16.580165309255477, 57.76819827226056], [16.580126100863257, 57.7673003786251], [16.578445751728157, 57.767321320360146], [16.578484918467325, 57.76821921471905]]]]}}, {"type": "Feature", "properties": {"T": 0, "v": 0, "p": 0, "B": 22}, "geometry": {"type": "MultiPolygon", "coordinates": [[[[16.607049718819816, 57.76786018327662], [16.60708959596904, 57.768758065087454], [16.60876984985812, 57.768736745052884], [16.60872993106011, 57.76783886397854], [16.607049718819816, 57.76786018327662]]]]}}, {"type": "Feature", "properties": {"T": 0, "v": 0, "p": 0, "B": 112}, "geometry": {"type": "MultiPolygon", "coordinates": [[[[16.62185002516933, 57.76048440639031], [16.621890258008882, 57.76138228271256], [16.6235701573228, 57.761360768207304], [16.623529882856023, 57.76046289262818], [16.62185002516933, 57.76048440639031]]]]}}, {"type": "Feature", "properties": {"T": 0, "v": 0, "p": 0, "B": 14}, "geometry": {"type": "MultiPolygon", "coordinates": [[[[16.469879003511593, 57.82612218235176], [16.46987900565858, 57.82612223508949], [16.471562036087537, 57.82610272181369], [16.471525440025633, 57.825204791074576], [16.469842535823005, 57.82522430269756], [16.46984245141496, 57.82522430367562], [16.469879003511593, 57.82612218235176]]]]}}, {"type": "Feature", "properties": {"T": 0, "v": 0, "p": 0, "B": 3}, "geometry": {"type": "MultiPolygon", "coordinates": [[[[16.645572470630245, 57.76467051501908], [16.645613298096286, 57.76556837371981], [16.64729337180477, 57.76554654378285], [16.647252502410222, 57.76464867942073], [16.645572470338532, 57.76467050860364], [16.645572470630245, 57.76467051501908]]]]}}, {"type": "Feature", "properties": {"T": 0, "v": 0, "p": 0, "B": 50}, "geometry": {"type": "MultiPolygon", "coordinates": [[[[16.630208989573266, 57.75947874044586], [16.631888932151693, 57.75945711434188], [16.63184845436054, 57.75855924219759], [16.630168655498377, 57.75858086624108], [16.63016855340683, 57.75858086755463], [16.630208989573266, 57.75947874044586]]]]}}, {"type": "Feature", "properties": {"T": 0, "v": 0, "p": 0, "B": 14}, "geometry": {"type": "MultiPolygon", "coordinates": [[[[16.403420016091992, 57.89245384230455], [16.405106193794804, 57.892435197233254], [16.405071160277544, 57.891537249778864], [16.40338502458255, 57.89155589420467], [16.403420016091992, 57.89245384230455]]]]}}, {"type": "Feature", "properties": {"T": 0, "v": 0, "p": 0, "B": 9}, "geometry": {"type": "MultiPolygon", "coordinates": [[[[16.534497227939642, 57.722043704185836], [16.534497333906568, 57.7220437029017], [16.536175513310788, 57.72202335509608], [16.53613746407326, 57.72112543610861], [16.534459220231458, 57.72114578449593], [16.534497227939642, 57.722043704185836]]]]}}, {"type": "Feature", "properties": {"T": 0, "v": 0, "p": 0, "B": 3}, "geometry": {"type": "MultiPolygon", "coordinates": [[[[16.697312919095854, 57.72086424460294], [16.697312921748576, 57.720864301258864], [16.69899101781016, 57.720841795127846], [16.69899101515482, 57.720841738471975], [16.69894893886927, 57.71994394806248], [16.697270884320456, 57.71996645341669], [16.697312919095854, 57.72086424460294]]]]}}, {"type": "Feature", "properties": {"T": 0, "v": 0, "p": 0, "B": 3}, "geometry": {"type": "MultiPolygon", "coordinates": [[[[16.482937944666077, 57.81608821545526], [16.484620497727274, 57.816068531095134], [16.48458359131052, 57.81517060420915], [16.482901104393335, 57.81519028760394], [16.482901080038793, 57.81519028788871], [16.482937944666077, 57.81608821545526]]]]}}, {"type": "Feature", "properties": {"T": 0, "v": 0, "p": 0, "B": 21}, "geometry": {"type": "MultiPolygon", "coordinates": [[[[16.6054490360273, 57.769677179576576], [16.605449039019323, 57.76967724701007], [16.60712947549084, 57.769655946752636], [16.60708959596904, 57.768758065087454], [16.60540920115241, 57.76877936460906], [16.6054490360273, 57.769677179576576]]]]}}, {"type": "Feature", "properties": {"T": 0, "v": 0, "p": 0, "B": 5}, "geometry": {"type": "MultiPolygon", "coordinates": [[[[16.728124760598412, 57.69798690186995], [16.728124762812804, 57.69798694836164], [16.729801635680623, 57.69796404158928], [16.729801633464085, 57.697963995097645], [16.729758831692322, 57.69706620571591], [16.728082000268405, 57.69708911169794], [16.728124760598412, 57.69798690186995]]]]}}, {"type": "Feature", "properties": {"T": 0, "v": 0, "p": 0, "B": 3}, "geometry": {"type": "MultiPolygon", "coordinates": [[[[16.415956687800406, 57.8680594562723], [16.415991960454267, 57.868957398896285], [16.4159919629542, 57.86895739886839], [16.41767702999932, 57.868938591714745], [16.417641715404272, 57.868040649741594], [16.41764171524812, 57.86804064577099], [16.41595669014431, 57.868059452273805], [16.41595668764444, 57.86805945230168], [16.415956687800406, 57.8680594562723]]]]}}, {"type": "Feature", "properties": {"T": 0, "v": 0, "p": 0, "B": 15}, "geometry": {"type": "MultiPolygon", "coordinates": [[[[16.65294777758835, 57.74211455531707], [16.652988752568895, 57.743012420321904], [16.6546677739427, 57.742990497996026], [16.654626757388133, 57.74209263374813], [16.65294777758835, 57.74211455531707]]]]}}, {"type": "Feature", "properties": {"T": 0, "v": 0, "p": 0, "B": 3}, "geometry": {"type": "MultiPolygon", "coordinates": [[[[16.391096189641555, 57.87911438285287], [16.39109619147898, 57.87911443044567], [16.391096219868803, 57.879114430134635], [16.392781753877703, 57.879095951636806], [16.392781752038058, 57.87909590404403], [16.39274704551103, 57.87819799756368], [16.391061553472895, 57.878216475421915], [16.391061525083774, 57.87821647573296], [16.391096189641555, 57.87911438285287]]]]}}, {"type": "Feature", "properties": {"T": 0, "v": 0, "p": 0, "B": 22}, "geometry": {"type": "MultiPolygon", "coordinates": [[[[16.60969125522991, 57.75165556166055], [16.61137085195506, 57.75163420934446], [16.611330895039636, 57.75073632697642], [16.60965146262567, 57.750757676995995], [16.609651339919328, 57.750757678555104], [16.60969125522991, 57.75165556166055]]]]}}, {"type": "Feature", "properties": {"T": 0, "v": 0, "p": 0, "B": 3}, "geometry": {"type": "MultiPolygon", "coordinates": [[[[16.68553459449892, 57.900701714367436], [16.685534600562512, 57.90070171428697], [16.68722093417962, 57.90067932252235], [16.687178855126263, 57.899781495636645], [16.685492557454076, 57.89980388670653], [16.68553459449892, 57.900701714367436]]]]}}, {"type": "Feature", "properties": {"T": 0, "v": 0, "p": 0, "B": 13}, "geometry": {"type": "MultiPolygon", "coordinates": [[[[16.649385245496177, 57.73766890963366], [16.649426125140995, 57.73856677622478], [16.651104943533177, 57.738544902167426], [16.651064022296303, 57.73764703567314], [16.649385245466203, 57.73766890897529], [16.649385245496177, 57.73766890963366]]]]}}, {"type": "Feature", "properties": {"T": 0, "v": 0, "p": 0, "B": 3}, "geometry": {"type": "MultiPolygon", "coordinates": [[[[16.55625494155256, 57.837669091835984], [16.55625494190425, 57.83766909999143], [16.55793844352965, 57.83764843838402], [16.55793844317758, 57.83764843022856], [16.55789968259602, 57.83675054510409], [16.55621622281429, 57.83677120599694], [16.55625494155256, 57.837669091835984]]]]}}, {"type": "Feature", "properties": {"T": 0, "v": 0, "p": 0, "B": 3}, "geometry": {"type": "MultiPolygon", "coordinates": [[[[16.72135951695349, 57.83823154532389], [16.72135957590321, 57.83823154452404], [16.723042905821693, 57.83820869338092], [16.72300003739805, 57.83731087431818], [16.72131674930952, 57.83733372467104], [16.721316690361267, 57.83733372547086], [16.72135951695349, 57.83823154532389]]]]}}, {"type": "Feature", "properties": {"T": 0, "v": 0, "p": 0, "B": 3}, "geometry": {"type": "MultiPolygon", "coordinates": [[[[16.403000254306004, 57.881678417741846], [16.403000255787305, 57.88167845578095], [16.404685929561573, 57.88165981845334], [16.404685928078496, 57.88165978041426], [16.404650921125967, 57.88076186930308], [16.402965351971144, 57.880780505293416], [16.402965289329472, 57.880780505985584], [16.403000254306004, 57.881678417741846]]]]}}, {"type": "Feature", "properties": {"T": 0, "v": 0, "p": 0, "B": 18}, "geometry": {"type": "MultiPolygon", "coordinates": [[[[16.649712355012767, 57.74485193263515], [16.651391464412786, 57.744830053290066], [16.651350526142174, 57.743932187822274], [16.649671539739316, 57.743954065351524], [16.649671458321514, 57.743954066411874], [16.649712355012767, 57.74485193263515]]]]}}, {"type": "Feature", "properties": {"T": 0, "v": 0, "p": 0, "B": 23}, "geometry": {"type": "MultiPolygon", "coordinates": [[[[16.648196687922177, 57.748465256180175], [16.64823755518199, 57.749363122425386], [16.649916874948424, 57.74934126155269], [16.649875966096705, 57.748443396062385], [16.648196687922177, 57.748465256180175]]]]}}, {"type": "Feature", "properties": {"T": 0, "v": 0, "p": 0, "B": 3}, "geometry": {"type": "MultiPolygon", "coordinates": [[[[16.672619377759794, 57.7679100616594], [16.672619483047544, 57.767910060269664], [16.674299675736957, 57.767887871361374], [16.674299672469537, 57.767887800746074], [16.674258132746807, 57.76699001961019], [16.672577981699195, 57.76701220775201], [16.672577876414056, 57.76701220914171], [16.672619377759794, 57.7679100616594]]]]}}, {"type": "Feature", "properties": {"T": 0, "v": 0, "p": 0, "B": 34}, "geometry": {"type": "MultiPolygon", "coordinates": [[[[16.608889620503255, 57.771430387401864], [16.608929548802656, 57.772328267893556], [16.61060996693589, 57.7723069226414], [16.610569996977997, 57.7714090428871], [16.608889620503255, 57.771430387401864]]]]}}, {"type": "Feature", "properties": {"T": 0, "v": 0, "p": 0, "B": 4}, "geometry": {"type": "MultiPolygon", "coordinates": [[[[16.697635586054655, 57.90682924916765], [16.69763562638992, 57.90682924862855], [16.699322202218355, 57.90680669519887], [16.69932220099503, 57.906806669290106], [16.69927981139295, 57.905908874793745], [16.697593277588098, 57.90593142744258], [16.697593237253837, 57.90593142798168], [16.697635586054655, 57.90682924916765]]]]}}, {"type": "Feature", "properties": {"T": 0, "v": 0, "p": 0, "B": 11}, "geometry": {"type": "MultiPolygon", "coordinates": [[[[16.61905247965888, 57.77309773468299], [16.619052547646646, 57.773097733814424], [16.620732925145127, 57.773076255058825], [16.62073292269482, 57.77307620036278], [16.620692702840408, 57.77217837989116], [16.619012299013942, 57.77219985877326], [16.61905247965888, 57.77309773468299]]]]}}, {"type": "Feature", "properties": {"T": 0, "v": 0, "p": 0, "B": 15}, "geometry": {"type": "MultiPolygon", "coordinates": [[[[16.468232487652386, 57.82703965798931], [16.468232527525647, 57.82703965752781], [16.469915562080438, 57.827020166360654], [16.46987900565858, 57.82612223508949], [16.46819601292375, 57.82614172558264], [16.468195973051483, 57.82614172604412], [16.468232487652386, 57.82703965798931]]]]}}, {"type": "Feature", "properties": {"T": 0, "v": 0, "p": 0, "B": 4}, "geometry": {"type": "MultiPolygon", "coordinates": [[[[16.61417123677459, 57.77675355275775], [16.61417130993204, 57.776753551826], [16.6158518560922, 57.77673213699121], [16.615851854217887, 57.776732095031996], [16.615811749225912, 57.775834260182826], [16.614131171578578, 57.77585567520947], [16.61417123677459, 57.77675355275775]]]]}}, {"type": "Feature", "properties": {"T": 0, "v": 0, "p": 0, "B": 12}, "geometry": {"type": "MultiPolygon", "coordinates": [[[[16.610729891080243, 57.77500056103003], [16.610769870552577, 57.77589844020152], [16.612450591547297, 57.77587706796194], [16.612410570403338, 57.77497918952885], [16.610729891080243, 57.77500056103003]]]]}}, {"type": "Feature", "properties": {"T": 0, "v": 0, "p": 0, "B": 25}, "geometry": {"type": "MultiPolygon", "coordinates": [[[[16.58008689088393, 57.76640239507315], [16.58176705748413, 57.76638143352035], [16.58172781211267, 57.76548354031887], [16.580047702337566, 57.76550450095829], [16.58004768715695, 57.76550450114759], [16.58008689088393, 57.76640239507315]]]]}}, {"type": "Feature", "properties": {"T": 0, "v": 0, "p": 0, "B": 14}, "geometry": {"type": "MultiPolygon", "coordinates": [[[[16.606491683758414, 57.7552897328639], [16.60649171758445, 57.755289732434996], [16.608171313171322, 57.75526842387291], [16.608171311900396, 57.7552683952617], [16.608131429975842, 57.754370540613586], [16.60645184217463, 57.75439184886865], [16.606491683758414, 57.7552897328639]]]]}}, {"type": "Feature", "properties": {"T": 0, "v": 0, "p": 0, "B": 3}, "geometry": {"type": "MultiPolygon", "coordinates": [[[[16.7100593130468, 57.706318048101394], [16.710059313887665, 57.70631806593643], [16.71173658768037, 57.70629539638289], [16.711736586838683, 57.70629537854786], [16.711694216958605, 57.7053975531903], [16.710017048520587, 57.70542022109854], [16.710016984634215, 57.70542022196159], [16.7100593130468, 57.706318048101394]]]]}}, {"type": "Feature", "properties": {"T": 0, "v": 0, "p": 0, "B": 6}, "geometry": {"type": "MultiPolygon", "coordinates": [[[[16.52092100258816, 57.718613911932124], [16.520921005632985, 57.718613984514974], [16.522599004528576, 57.7185938177362], [16.522599001480394, 57.7185937451534], [16.522561296477893, 57.71769589257543], [16.52088333909985, 57.71771605865808], [16.52092100258816, 57.718613911932124]]]]}}, {"type": "Feature", "properties": {"T": 0, "v": 0, "p": 0, "B": 4}, "geometry": {"type": "MultiPolygon", "coordinates": [[[[16.650695839329874, 57.729566202626664], [16.650695840605255, 57.72956623062608], [16.6506959664061, 57.729566228986286], [16.652374379458823, 57.72954434008], [16.65237437818215, 57.729544312080606], [16.65233344099781, 57.72864647287502], [16.650655069482617, 57.72866836102569], [16.650654943684884, 57.72866836266543], [16.650695839329874, 57.729566202626664]]]]}}, {"type": "Feature", "properties": {"T": 0, "v": 0, "p": 0, "B": 3}, "geometry": {"type": "MultiPolygon", "coordinates": [[[[16.58365359180845, 57.8094802990267], [16.58365359255789, 57.809480316123555], [16.58365365227201, 57.80948031537783], [16.585335758670684, 57.80945929746843], [16.585296359243433, 57.80856141195702], [16.583614234893922, 57.808582429885575], [16.58365359180845, 57.8094802990267]]]]}}, {"type": "Feature", "properties": {"T": 0, "v": 0, "p": 0, "B": 26}, "geometry": {"type": "MultiPolygon", "coordinates": [[[[16.63832380362459, 57.75308530555186], [16.64000330433219, 57.75306357518518], [16.639962635369077, 57.752165705762266], [16.638283176264466, 57.75218743537849], [16.63832380362459, 57.75308530555186]]]]}}, {"type": "Feature", "properties": {"T": 0, "v": 0, "p": 0, "B": 15}, "geometry": {"type": "MultiPolygon", "coordinates": [[[[16.605688116003993, 57.77506453835872], [16.605727970467132, 57.77596241974062], [16.607408698592188, 57.77594111433145], [16.607368802456833, 57.77504323368563], [16.605688116003993, 57.77506453835872]]]]}}, {"type": "Feature", "properties": {"T": 0, "v": 0, "p": 0, "B": 6}, "geometry": {"type": "MultiPolygon", "coordinates": [[[[16.65729180414801, 57.7636193764287], [16.657332920772017, 57.764517233165805], [16.65901307430897, 57.76449524632154], [16.658971915900647, 57.76359738711266], [16.657291924758123, 57.76361937161803], [16.65729180400004, 57.763619373197464], [16.65729180414801, 57.7636193764287]]]]}}, {"type": "Feature", "properties": {"T": 0, "v": 0, "p": 0, "B": 3}, "geometry": {"type": "MultiPolygon", "coordinates": [[[[16.717193623071246, 57.715205666844184], [16.717193626659235, 57.71520574260415], [16.71719372980529, 57.71520574120512], [16.718871443527018, 57.71518297446832], [16.71887143993553, 57.71518289870844], [16.71882888165162, 57.71428513589466], [16.717151209422852, 57.71430790184573], [16.71715110627935, 57.71430790324469], [16.717193623071246, 57.715205666844184]]]]}}, {"type": "Feature", "properties": {"T": 0, "v": 0, "p": 0, "B": 57}, "geometry": {"type": "MultiPolygon", "coordinates": [[[[16.638526976672246, 57.75757465422378], [16.63856761853258, 57.75847252351916], [16.640247368910007, 57.758450788648965], [16.640206685431856, 57.75755292010425], [16.638526976672246, 57.75757465422378]]]]}}, {"type": "Feature", "properties": {"T": 0, "v": 0, "p": 0, "B": 3}, "geometry": {"type": "MultiPolygon", "coordinates": [[[[16.403805064092975, 57.90233135185527], [16.403805126772113, 57.90233135116254], [16.40549170405137, 57.9023126996815], [16.405491701920745, 57.90231264510882], [16.40545664752044, 57.90141475378154], [16.403770049597433, 57.90143340530948], [16.403805064092975, 57.90233135185527]]]]}}, {"type": "Feature", "properties": {"T": 0, "v": 0, "p": 0, "B": 78}, "geometry": {"type": "MultiPolygon", "coordinates": [[[[16.64516432630596, 57.75569184938551], [16.646843942145676, 57.755670027741026], [16.646803099482906, 57.754772161767235], [16.64512352525279, 57.75479398265806], [16.64516432630596, 57.75569184938551]]]]}}, {"type": "Feature", "properties": {"T": 0, "v": 0, "p": 0, "B": 3}, "geometry": {"type": "MultiPolygon", "coordinates": [[[[16.69567695746724, 57.721784578307236], [16.69567695996855, 57.72178463177906], [16.69567703934805, 57.721784630716016], [16.697354961674616, 57.721762148953346], [16.697312921748576, 57.720864301258864], [16.69563504093206, 57.72088678224557], [16.69563496155453, 57.72088678330856], [16.69567695746724, 57.721784578307236]]]]}}, {"type": "Feature", "properties": {"T": 0, "v": 0, "p": 0, "B": 3}, "geometry": {"type": "MultiPolygon", "coordinates": [[[[16.69907518319329, 57.72263748881533], [16.70075322141474, 57.72261496075935], [16.700753219055258, 57.7226149104718], [16.700711095958813, 57.721717114767074], [16.699033129071378, 57.721739641645335], [16.699033099251434, 57.72173964204547], [16.69907518319329, 57.72263748881533]]]]}}, {"type": "Feature", "properties": {"T": 0, "v": 0, "p": 0, "B": 3}, "geometry": {"type": "MultiPolygon", "coordinates": [[[[16.61464799921823, 57.71206297628669], [16.614647999303475, 57.71206297820124], [16.614648022782184, 57.7120629779018], [16.616325619918335, 57.71204157117266], [16.616325619833002, 57.71204156925811], [16.61628560139243, 57.711143685342044], [16.614608045747808, 57.711165091332376], [16.614608022269685, 57.71116509163183], [16.61464799921823, 57.71206297628669]]]]}}, {"type": "Feature", "properties": {"T": 0, "v": 0, "p": 0, "B": 21}, "geometry": {"type": "MultiPolygon", "coordinates": [[[[16.590878702783684, 57.78243836545705], [16.592559605344814, 57.782417257177165], [16.592520067778747, 57.781519370951806], [16.590839206905493, 57.781540478502315], [16.590878702783684, 57.78243836545705]]]]}}, {"type": "Feature", "properties": {"T": 0, "v": 0, "p": 0, "B": 27}, "geometry": {"type": "MultiPolygon", "coordinates": [[[[16.603052764974404, 57.753536514752795], [16.6030925209663, 57.75443440036327], [16.604772113503916, 57.75441313662206], [16.604732315902417, 57.75351525174595], [16.603052764974404, 57.753536514752795]]]]}}, {"type": "Feature", "properties": {"T": 0, "v": 0, "p": 0, "B": 25}, "geometry": {"type": "MultiPolygon", "coordinates": [[[[16.651145867202807, 57.73944276851506], [16.6511867973973, 57.7403407244847], [16.65286583493513, 57.7403188248674], [16.652824863166234, 57.73942086965397], [16.651145867202807, 57.73944276851506]]]]}}, {"type": "Feature", "properties": {"T": 0, "v": 0, "p": 0, "B": 30}, "geometry": {"type": "MultiPolygon", "coordinates": [[[[16.635045750712486, 57.754924415605075], [16.635045752004626, 57.75492444421591], [16.635045848926136, 57.75492444296506], [16.636725479256164, 57.754902755071825], [16.636684888671564, 57.75400488444136], [16.635005203031785, 57.75402657283638], [16.635045750712486, 57.754924415605075]]]]}}, {"type": "Feature", "properties": {"T": 0, "v": 0, "p": 0, "B": 20}, "geometry": {"type": "MultiPolygon", "coordinates": [[[[16.595921542013052, 57.782374972031164], [16.595961165315906, 57.78327285665012], [16.597642102499844, 57.78325168079578], [16.597602437507213, 57.78235379690851], [16.595921542013052, 57.782374972031164]]]]}}, {"type": "Feature", "properties": {"T": 0, "v": 0, "p": 0, "B": 29}, "geometry": {"type": "MultiPolygon", "coordinates": [[[[16.52099634263622, 57.720409769583064], [16.520996345414204, 57.7204098357971], [16.52267442735229, 57.720389667626044], [16.522674424571242, 57.720389601412045], [16.52263671481998, 57.719491742753085], [16.520958674404376, 57.719511910227965], [16.52099634263622, 57.720409769583064]]]]}}, {"type": "Feature", "properties": {"T": 0, "v": 0, "p": 0, "B": 4}, "geometry": {"type": "MultiPolygon", "coordinates": [[[[16.630856299530514, 57.77384477659951], [16.632536908444987, 57.77382313853943], [16.632496392106354, 57.77292526873399], [16.630815926988223, 57.772946904732294], [16.63081582485618, 57.77294690604655], [16.630856299530514, 57.77384477659951]]]]}}, {"type": "Feature", "properties": {"T": 0, "v": 0, "p": 0, "B": 15}, "geometry": {"type": "MultiPolygon", "coordinates": [[[[16.65905423516577, 57.765393105383644], [16.659054261850407, 57.76539310503425], [16.66073428935435, 57.765371097328014], [16.66069308686237, 57.76447323902611], [16.65901307430897, 57.76449524632154], [16.65905423516577, 57.765393105383644]]]]}}, {"type": "Feature", "properties": {"T": 0, "v": 0, "p": 0, "B": 4}, "geometry": {"type": "MultiPolygon", "coordinates": [[[[16.74574218223876, 57.819930163695346], [16.745742185249743, 57.81993022597801], [16.745742218326487, 57.81993022552272], [16.747424699440863, 57.819907055194484], [16.747424696426982, 57.81990699291188], [16.747381255355602, 57.81900924510423], [16.745698816018887, 57.81903241463143], [16.745698782942966, 57.81903241508669], [16.74574218223876, 57.819930163695346]]]]}}, {"type": "Feature", "properties": {"T": 0, "v": 0, "p": 0, "B": 31}, "geometry": {"type": "MultiPolygon", "coordinates": [[[[16.652906805043827, 57.741216690165565], [16.65294777758835, 57.74211455531707], [16.654626757388133, 57.74209263374813], [16.65458574327206, 57.741194769353555], [16.652906805043827, 57.741216690165565]]]]}}, {"type": "Feature", "properties": {"T": 0, "v": 0, "p": 0, "B": 4}, "geometry": {"type": "MultiPolygon", "coordinates": [[[[16.496417226261855, 57.73507663895168], [16.496417226892245, 57.73507665421542], [16.496417280147227, 57.73507665358623], [16.498096006889277, 57.73505680853902], [16.49805888194282, 57.73415887559823], [16.496380196764136, 57.734178719960205], [16.49638014351047, 57.7341787205894], [16.496417226261855, 57.73507663895168]]]]}}, {"type": "Feature", "properties": {"T": 0, "v": 0, "p": 0, "B": 3}, "geometry": {"type": "MultiPolygon", "coordinates": [[[[16.40303522297445, 57.882576370580416], [16.40303522433182, 57.882576405434996], [16.404720940086364, 57.882557767462295], [16.404720938727362, 57.88255773260769], [16.404685929561573, 57.88165981845334], [16.403000255787305, 57.88167845578095], [16.40303522297445, 57.882576370580416]]]]}}, {"type": "Feature", "properties": {"T": 0, "v": 0, "p": 0, "B": 3}, "geometry": {"type": "MultiPolygon", "coordinates": [[[[16.549600881825782, 57.721859712280256], [16.549600884383917, 57.72185977212465], [16.551279149314393, 57.72183922294334], [16.55127914675349, 57.72183916309899], [16.551240726341714, 57.72094131031185], [16.551240722871167, 57.72094131035437], [16.54956259343732, 57.72096185767636], [16.549562502938898, 57.72096185878384], [16.549600881825782, 57.721859712280256]]]]}}, {"type": "Feature", "properties": {"T": 0, "v": 0, "p": 0, "B": 28}, "geometry": {"type": "MultiPolygon", "coordinates": [[[[16.630289869122052, 57.761274485789926], [16.6303303125048, 57.762172358242715], [16.632010379972215, 57.76215072989772], [16.631969894957333, 57.761252858191966], [16.630289869122052, 57.761274485789926]]]]}}, {"type": "Feature", "properties": {"T": 0, "v": 0, "p": 0, "B": 3}, "geometry": {"type": "MultiPolygon", "coordinates": [[[[16.749890399532443, 57.83604439888439], [16.749890399773466, 57.83604440385511], [16.74989052195299, 57.836044402169776], [16.751573800019017, 57.836021172085594], [16.751573799777763, 57.836021167114886], [16.75153022566714, 57.83512336627837], [16.749846989424334, 57.83514659555924], [16.749846867247847, 57.8351465972445], [16.749890399532443, 57.83604439888439]]]]}}, {"type": "Feature", "properties": {"T": 0, "v": 0, "p": 0, "B": 3}, "geometry": {"type": "MultiPolygon", "coordinates": [[[[16.445048812094424, 57.710518831946565], [16.445048812678245, 57.71051884659934], [16.446726633046474, 57.7104996851878], [16.446690814801944, 57.709601728036596], [16.445013140691955, 57.709620887591186], [16.44501303593815, 57.70962088878683], [16.445048812094424, 57.710518831946565]]]]}}, {"type": "Feature", "properties": {"T": 0, "v": 0, "p": 0, "B": 21}, "geometry": {"type": "MultiPolygon", "coordinates": [[[[16.611410811246756, 57.75253209156675], [16.613090308710152, 57.752510718018705], [16.61305030781477, 57.751612836534555], [16.61137085195506, 57.75163420934446], [16.611410811246756, 57.75253209156675]]]]}}, {"type": "Feature", "properties": {"T": 0, "v": 0, "p": 0, "B": 3}, "geometry": {"type": "MultiPolygon", "coordinates": [[[[16.399558998339305, 57.879919718140265], [16.39955900006426, 57.879919762548404], [16.399559112488223, 57.87991976130917], [16.401244733050685, 57.8799011697172], [16.40124473132365, 57.87990112530909], [16.40120981273864, 57.87900321899498], [16.399524121728795, 57.879021811182646], [16.399558998339305, 57.879919718140265]]]]}}, {"type": "Feature", "properties": {"T": 0, "v": 0, "p": 0, "B": 36}, "geometry": {"type": "MultiPolygon", "coordinates": [[[[16.61369060815179, 57.765978932387675], [16.613730647275815, 57.766876814723645], [16.61373065070894, 57.76687689170959], [16.61373072384644, 57.766876890778185], [16.615410811789676, 57.76685548407985], [16.615370727157238, 57.76595751589771], [16.61369060772372, 57.76597892278789], [16.61369060815179, 57.765978932387675]]]]}}, {"type": "Feature", "properties": {"T": 0, "v": 0, "p": 0, "B": 28}, "geometry": {"type": "MultiPolygon", "coordinates": [[[[16.585166857160353, 57.76723742325794], [16.5851668671803, 57.767237423132585], [16.586847058399155, 57.76721639417621], [16.586847055023163, 57.76721631718925], [16.58680768223406, 57.766318423125604], [16.586807681813113, 57.766318413525696], [16.58512753224454, 57.7663394417556], [16.58512752222484, 57.76633944188094], [16.585166857160353, 57.76723742325794]]]]}}, {"type": "Feature", "properties": {"T": 0, "v": 0, "p": 0, "B": 17}, "geometry": {"type": "MultiPolygon", "coordinates": [[[[16.52274985914036, 57.72218551694019], [16.524428021889438, 57.72216532514599], [16.524390263347545, 57.72126740125788], [16.522712142125688, 57.72128759235509], [16.52274985914036, 57.72218551694019]]]]}}, {"type": "Feature", "properties": {"T": 0, "v": 0, "p": 0, "B": 3}, "geometry": {"type": "MultiPolygon", "coordinates": [[[[16.694093163213346, 57.90328299994073], [16.695779755412484, 57.90326049200307], [16.695779753591854, 57.9032604533581], [16.695737458738463, 57.90236266944731], [16.69573745444144, 57.9023626695047], [16.694050998695964, 57.90238517540342], [16.694050908557774, 57.90238517660572], [16.694093163213346, 57.90328299994073]]]]}}, {"type": "Feature", "properties": {"T": 0, "v": 0, "p": 0, "B": 3}, "geometry": {"type": "MultiPolygon", "coordinates": [[[[16.439869742601715, 57.833653181571464], [16.439869743689247, 57.833653208834136], [16.43986985914533, 57.83365320752378], [16.44155328642098, 57.833634090494165], [16.44155328533218, 57.83363406323152], [16.441517426040544, 57.83273614886397], [16.43983392515368, 57.832755266542726], [16.439869742601715, 57.833653181571464]]]]}}, {"type": "Feature", "properties": {"T": 0, "v": 0, "p": 0, "B": 7}, "geometry": {"type": "MultiPolygon", "coordinates": [[[[16.590799713377855, 57.78064259140234], [16.590839206905493, 57.781540478502315], [16.592520067778747, 57.781519370951806], [16.592480532565705, 57.78062148458111], [16.590799713377855, 57.78064259140234]]]]}}, {"type": "Feature", "properties": {"T": 0, "v": 0, "p": 0, "B": 14}, "geometry": {"type": "MultiPolygon", "coordinates": [[[[16.463255897307814, 57.82889386804159], [16.46325594235368, 57.828893867522005], [16.46493906190652, 57.82887444203746], [16.46490262660943, 57.82797650903162], [16.463219503837202, 57.82799593436397], [16.463255897307814, 57.82889386804159]]]]}}, {"type": "Feature", "properties": {"T": 0, "v": 0, "p": 0, "B": 3}, "geometry": {"type": "MultiPolygon", "coordinates": [[[[16.57865735684508, 57.88770120144829], [16.578657357256112, 57.88770121082624], [16.578657472068993, 57.887701209398834], [16.58034331711343, 57.887680238949294], [16.580303922705227, 57.88678236241838], [16.57861811964255, 57.886803332142044], [16.578618004832528, 57.88680333356942], [16.57865735684508, 57.88770120144829]]]]}}, {"type": "Feature", "properties": {"T": 0, "v": 0, "p": 0, "B": 10}, "geometry": {"type": "MultiPolygon", "coordinates": [[[[16.52282529764769, 57.72398131220233], [16.52282529989428, 57.72398136567869], [16.522825371766846, 57.72398136481437], [16.524503545705194, 57.7239611724904], [16.52446578267526, 57.72306324889017], [16.522787578396496, 57.7230834413814], [16.52282529764769, 57.72398131220233]]]]}}, {"type": "Feature", "properties": {"T": 0, "v": 0, "p": 0, "B": 22}, "geometry": {"type": "MultiPolygon", "coordinates": [[[[16.53117885409547, 57.72298225326522], [16.531178871245466, 57.722982253057836], [16.53285704712917, 57.72296194961394], [16.53285704473322, 57.722961892953464], [16.532819078690846, 57.72206402936657], [16.531140927185902, 57.72208433231697], [16.53117885409547, 57.72298225326522]]]]}}, {"type": "Feature", "properties": {"T": 0, "v": 0, "p": 0, "B": 124}, "geometry": {"type": "MultiPolygon", "coordinates": [[[[16.64131663312684, 57.74496099745457], [16.64299575466027, 57.74493922934491], [16.642955024291886, 57.74404136010728], [16.64127594433882, 57.744063127465274], [16.64131663312684, 57.74496099745457]]]]}}, {"type": "Feature", "properties": {"T": 0, "v": 0, "p": 0, "B": 3}, "geometry": {"type": "MultiPolygon", "coordinates": [[[[16.40658208667972, 57.88702884527302], [16.40826800819026, 57.887010159321804], [16.40826800745009, 57.88701014038969], [16.40823290322842, 57.88611221231244], [16.406547036569073, 57.88613089747438], [16.406547023710324, 57.88613089761681], [16.40658208667972, 57.88702884527302]]]]}}, {"type": "Feature", "properties": {"T": 0, "v": 0, "p": 0, "B": 14}, "geometry": {"type": "MultiPolygon", "coordinates": [[[[16.592678232163124, 57.78511091498157], [16.592678281508952, 57.78511091436154], [16.594359257449064, 57.78508978223076], [16.594319671127632, 57.78419189717146], [16.592638687536805, 57.78421302919206], [16.592678232163124, 57.78511091498157]]]]}}, {"type": "Feature", "properties": {"T": 0, "v": 0, "p": 0, "B": 3}, "geometry": {"type": "MultiPolygon", "coordinates": [[[[16.707798125596746, 57.90759137946736], [16.707798126675115, 57.907591402192], [16.707798156648717, 57.90759140178899], [16.709484769641108, 57.907568713128754], [16.709442124119633, 57.906670897573065], [16.70775555315232, 57.90669358544774], [16.707755523179465, 57.906693585850746], [16.707798125596746, 57.90759137946736]]]]}}, {"type": "Feature", "properties": {"T": 0, "v": 0, "p": 0, "B": 19}, "geometry": {"type": "MultiPolygon", "coordinates": [[[[16.40359500847366, 57.89694367046145], [16.403630012518466, 57.89784161771362], [16.405316442325002, 57.8978229687687], [16.405281396257344, 57.89692502216221], [16.40359500847366, 57.89694367046145]]]]}}, {"type": "Feature", "properties": {"T": 0, "v": 0, "p": 0, "B": 3}, "geometry": {"type": "MultiPolygon", "coordinates": [[[[16.631301679947608, 57.78372134303727], [16.631301782110043, 57.78372134172246], [16.632982747332864, 57.78369969675194], [16.63298274658846, 57.78369968026671], [16.63294220446343, 57.78280182855439], [16.631261178769723, 57.7828234740918], [16.631301679947608, 57.78372134303727]]]]}}, {"type": "Feature", "properties": {"T": 0, "v": 0, "p": 0, "B": 8}, "geometry": {"type": "MultiPolygon", "coordinates": [[[[16.64319094001111, 57.786262948468526], [16.644871976917557, 57.78624114574238], [16.6448719766022, 57.7862411388098], [16.644831134938165, 57.78534328324091], [16.64315013972586, 57.7853650852137], [16.64319094001111, 57.786262948468526]]]]}}, {"type": "Feature", "properties": {"T": 0, "v": 0, "p": 0, "B": 16}, "geometry": {"type": "MultiPolygon", "coordinates": [[[[16.64778814485896, 57.73948649589833], [16.64778818183917, 57.73948649541723], [16.649467007246074, 57.73946464332769], [16.649426125140995, 57.73856677622478], [16.64774734129793, 57.73858862755985], [16.647747304318635, 57.738588628040915], [16.64778814485896, 57.73948649589833]]]]}}, {"type": "Feature", "properties": {"T": 0, "v": 0, "p": 0, "B": 54}, "geometry": {"type": "MultiPolygon", "coordinates": [[[[16.604931327581628, 57.758004674670495], [16.606611222728425, 57.75798338397593], [16.60657137403512, 57.75708550041754], [16.604891648399065, 57.7571067887568], [16.604891520511053, 57.757106790376774], [16.604931327581628, 57.758004674670495]]]]}}, {"type": "Feature", "properties": {"T": 0, "v": 0, "p": 0, "B": 54}, "geometry": {"type": "MultiPolygon", "coordinates": [[[[16.64127594131077, 57.74406306064404], [16.64127594433882, 57.744063127465274], [16.642955024291886, 57.74404136010728], [16.642914296345122, 57.743143490723185], [16.641235257969942, 57.743165257329565], [16.64127594131077, 57.74406306064404]]]]}}, {"type": "Feature", "properties": {"T": 0, "v": 0, "p": 0, "B": 6}, "geometry": {"type": "MultiPolygon", "coordinates": [[[[16.66069308686237, 57.76447323902611], [16.662373096964927, 57.764451209467616], [16.6623318554398, 57.763553355011034], [16.66233185529138, 57.76355335177982], [16.660651886821334, 57.763575380577386], [16.66069308686237, 57.76447323902611]]]]}}, {"type": "Feature", "properties": {"T": 0, "v": 0, "p": 0, "B": 42}, "geometry": {"type": "MultiPolygon", "coordinates": [[[[16.63192941235056, 57.760354986340026], [16.631969894957333, 57.761252858191966], [16.633649779859958, 57.76123121011522], [16.633609255627153, 57.76033333901101], [16.63192941235056, 57.760354986340026]]]]}}, {"type": "Feature", "properties": {"T": 0, "v": 0, "p": 0, "B": 39}, "geometry": {"type": "MultiPolygon", "coordinates": [[[[16.64823755518199, 57.749363122425386], [16.648278424872025, 57.75026098852407], [16.649957786232836, 57.75023912689643], [16.649916874948424, 57.74934126155269], [16.64823755518199, 57.749363122425386]]]]}}, {"type": "Feature", "properties": {"T": 0, "v": 0, "p": 0, "B": 22}, "geometry": {"type": "MultiPolygon", "coordinates": [[[[16.59928333064083, 57.78233259950567], [16.60096436001863, 57.78231137807199], [16.60092461400921, 57.781413495505], [16.59924362632175, 57.781434716205425], [16.59928333064083, 57.78233259950567]]]]}}, {"type": "Feature", "properties": {"T": 0, "v": 0, "p": 0, "B": 9}, "geometry": {"type": "MultiPolygon", "coordinates": [[[[16.655858319783512, 57.76902858713536], [16.65585839609602, 57.76902858613819], [16.657538545438218, 57.76900662057438], [16.657538542349222, 57.769006553142624], [16.65749741643395, 57.76810876133974], [16.655817232424727, 57.768130727141916], [16.655858319783512, 57.76902858713536]]]]}}, {"type": "Feature", "properties": {"T": 0, "v": 0, "p": 0, "B": 8}, "geometry": {"type": "MultiPolygon", "coordinates": [[[[16.456559305159526, 57.82986924662814], [16.456559306773432, 57.829869286628416], [16.456559312448455, 57.82986928656325], [16.458242521861933, 57.82984994925269], [16.458242520246166, 57.82984990925246], [16.45820625171391, 57.82895201370676], [16.456523078455085, 57.82897135041375], [16.456559305159526, 57.82986924662814]]]]}}, {"type": "Feature", "properties": {"T": 0, "v": 0, "p": 0, "B": 3}, "geometry": {"type": "MultiPolygon", "coordinates": [[[[16.386592281069905, 57.89353702439356], [16.386626856479516, 57.89443497526465], [16.388313138983353, 57.894416552725765], [16.388278521429843, 57.89351859913322], [16.386592314521724, 57.893537020667644], [16.38659228094056, 57.89353702103431], [16.386592281069905, 57.89353702439356]]]]}}, {"type": "Feature", "properties": {"T": 0, "v": 0, "p": 0, "B": 25}, "geometry": {"type": "MultiPolygon", "coordinates": [[[[16.63761908730934, 57.774655961699324], [16.639299589655433, 57.77463423558288], [16.63925890425109, 57.77373636892136], [16.637578446437352, 57.77375809425015], [16.637578443567538, 57.77375809428722], [16.63761908730934, 57.774655961699324]]]]}}, {"type": "Feature", "properties": {"T": 0, "v": 0, "p": 0, "B": 10}, "geometry": {"type": "MultiPolygon", "coordinates": [[[[16.687347186412754, 57.90337280229624], [16.689033649621468, 57.903350385743565], [16.688991521015552, 57.90245256007558], [16.68730509982266, 57.90247497585217], [16.687347186412754, 57.90337280229624]]]]}}, {"type": "Feature", "properties": {"T": 0, "v": 0, "p": 0, "B": 20}, "geometry": {"type": "MultiPolygon", "coordinates": [[[[16.65130959030552, 57.74303432220784], [16.652988752568895, 57.743012420321904], [16.65294777758835, 57.74211455531707], [16.651268656902623, 57.74213645644675], [16.65130959030552, 57.74303432220784]]]]}}, {"type": "Feature", "properties": {"T": 0, "v": 0, "p": 0, "B": 4}, "geometry": {"type": "MultiPolygon", "coordinates": [[[[16.614131171578578, 57.77585567520947], [16.615811749225912, 57.775834260182826], [16.615811747209477, 57.77583421503938], [16.615771644746154, 57.77493638322868], [16.61409110876662, 57.774957797515434], [16.614131171578578, 57.77585567520947]]]]}}, {"type": "Feature", "properties": {"T": 0, "v": 0, "p": 0, "B": 13}, "geometry": {"type": "MultiPolygon", "coordinates": [[[[16.40152417057958, 57.88708477040949], [16.403210098360677, 57.88706615158596], [16.403175119380155, 57.886168202638345], [16.401489233592027, 57.88618682081736], [16.40152417057958, 57.88708477040949]]]]}}, {"type": "Feature", "properties": {"T": 0, "v": 0, "p": 0, "B": 7}, "geometry": {"type": "MultiPolygon", "coordinates": [[[[16.683016795042647, 57.846831554950285], [16.68301679782846, 57.8468316146619], [16.683016803883007, 57.84683161458159], [16.684700621415068, 57.846809269260774], [16.68470061862647, 57.84680920954921], [16.68465869270404, 57.845911433541374], [16.68297491703046, 57.84593377808931], [16.682974910976068, 57.84593377816961], [16.683016795042647, 57.846831554950285]]]]}}, {"type": "Feature", "properties": {"T": 0, "v": 0, "p": 0, "B": 3}, "geometry": {"type": "MultiPolygon", "coordinates": [[[[16.44491459491795, 57.79137311078918], [16.4449504822504, 57.79227105435381], [16.44495049825009, 57.792271054171465], [16.446631955497367, 57.79225187879517], [16.446596026333864, 57.79135393327306], [16.444914610812532, 57.79137310798665], [16.444914594813238, 57.79137310816899], [16.44491459491795, 57.79137311078918]]]]}}, {"type": "Feature", "properties": {"T": 0, "v": 0, "p": 0, "B": 14}, "geometry": {"type": "MultiPolygon", "coordinates": [[[[16.4118863654093, 57.89325833478102], [16.41188637309074, 57.893258334695616], [16.413572574640323, 57.89323957715757], [16.41353732897586, 57.8923416330838], [16.41185116175429, 57.892360390057824], [16.4118863654093, 57.89325833478102]]]]}}, {"type": "Feature", "properties": {"T": 0, "v": 0, "p": 0, "B": 5}, "geometry": {"type": "MultiPolygon", "coordinates": [[[[16.530951323241904, 57.7175946496475], [16.53095132644114, 57.71759472541442], [16.530951343588594, 57.71759472520708], [16.53262927033926, 57.71757442596783], [16.532629267136517, 57.71757435020096], [16.532591315435646, 57.716676504855684], [16.53091343019853, 57.716696803394285], [16.530913413051497, 57.71669680360161], [16.530951323241904, 57.7175946496475]]]]}}, {"type": "Feature", "properties": {"T": 0, "v": 0, "p": 0, "B": 14}, "geometry": {"type": "MultiPolygon", "coordinates": [[[[16.46493906190652, 57.82887444203746], [16.46493915149374, 57.8288744410029], [16.466622358462484, 57.82885499215897], [16.46662236312855, 57.828854992105], [16.466622361374192, 57.8288549489205], [16.466585886001717, 57.8279570597718], [16.46490262660943, 57.82797650903162], [16.46493906190652, 57.82887444203746]]]]}}, {"type": "Feature", "properties": {"T": 0, "v": 0, "p": 0, "B": 15}, "geometry": {"type": "MultiPolygon", "coordinates": [[[[16.647583966433512, 57.73499715514571], [16.649262621021542, 57.734975306347195], [16.64922175106589, 57.73407743851131], [16.64754313803028, 57.73409928655549], [16.647583966433512, 57.73499715514571]]]]}}, {"type": "Feature", "properties": {"T": 0, "v": 0, "p": 0, "B": 22}, "geometry": {"type": "MultiPolygon", "coordinates": [[[[16.62533069362353, 57.76313498067299], [16.625371016912567, 57.76403285507015], [16.62705117486341, 57.76401129202899], [16.62701080993669, 57.763113418376655], [16.62533069362353, 57.76313498067299]]]]}}, {"type": "Feature", "properties": {"T": 0, "v": 0, "p": 0, "B": 5}, "geometry": {"type": "MultiPolygon", "coordinates": [[[[16.622313258417872, 57.69579374589319], [16.622313261065987, 57.69579380512443], [16.622313368132374, 57.69579380375209], [16.623990261580126, 57.695772298584686], [16.623990258929275, 57.69577223935351], [16.623950078572804, 57.69487441382991], [16.622273226572677, 57.69489591825531], [16.622273119508936, 57.69489591962762], [16.622313258417872, 57.69579374589319]]]]}}, {"type": "Feature", "properties": {"T": 0, "v": 0, "p": 0, "B": 12}, "geometry": {"type": "MultiPolygon", "coordinates": [[[[16.596040418996935, 57.78506862545193], [16.597721439567852, 57.7850474481341], [16.597681769853324, 57.78414956453763], [16.59600079097714, 57.784170741123724], [16.596040418996935, 57.78506862545193]]]]}}, {"type": "Feature", "properties": {"T": 0, "v": 0, "p": 0, "B": 36}, "geometry": {"type": "MultiPolygon", "coordinates": [[[[16.62369099509838, 57.76405439406872], [16.623731279149315, 57.76495226906389], [16.625411342600422, 57.76493072932127], [16.625371016912567, 57.76403285507015], [16.62369099509838, 57.76405439406872]]]]}}, {"type": "Feature", "properties": {"T": 0, "v": 0, "p": 0, "B": 29}, "geometry": {"type": "MultiPolygon", "coordinates": [[[[16.630047259336955, 57.755887248004036], [16.63172703543135, 57.75586562488759], [16.63168656726905, 57.75496775215857], [16.630006832789487, 57.75498937452823], [16.630047259336955, 57.755887248004036]]]]}}, {"type": "Feature", "properties": {"T": 0, "v": 0, "p": 0, "B": 4}, "geometry": {"type": "MultiPolygon", "coordinates": [[[[16.53945553819339, 57.72018675827475], [16.541133733718056, 57.720166343896665], [16.541133730903326, 57.72016627768324], [16.541095564437047, 57.71926842673234], [16.539417511240217, 57.71928883918024], [16.539417410436236, 57.71928884040578], [16.53945553819339, 57.72018675827475]]]]}}, {"type": "Feature", "properties": {"T": 0, "v": 0, "p": 0, "B": 3}, "geometry": {"type": "MultiPolygon", "coordinates": [[[[16.370893537612453, 57.79129677942652], [16.37089353763385, 57.79129677999084], [16.372575019078692, 57.791278586650456], [16.37257501905727, 57.79127858608615], [16.372540930146148, 57.79038061241446], [16.370859490430263, 57.79039880512606], [16.370893537612453, 57.79129677942652]]]]}}, {"type": "Feature", "properties": {"T": 0, "v": 0, "p": 0, "B": 54}, "geometry": {"type": "MultiPolygon", "coordinates": [[[[16.626687976945377, 57.75593042389943], [16.626728322668956, 57.756828298720336], [16.628408006679948, 57.75680672115575], [16.628367619342097, 57.75590884708005], [16.626687976945377, 57.75593042389943]]]]}}, {"type": "Feature", "properties": {"T": 0, "v": 0, "p": 0, "B": 7}, "geometry": {"type": "MultiPolygon", "coordinates": [[[[16.69479551142356, 57.702929662549984], [16.69479551285186, 57.70292969312173], [16.694795592190143, 57.70292969205944], [16.696472643318366, 57.70290722658434], [16.696472641888654, 57.70290719601262], [16.69643065580559, 57.70200937578801], [16.694753646135744, 57.70203184048796], [16.69475356679942, 57.7020318415502], [16.69479551142356, 57.702929662549984]]]]}}, {"type": "Feature", "properties": {"T": 0, "v": 0, "p": 0, "B": 3}, "geometry": {"type": "MultiPolygon", "coordinates": [[[[16.68738927385309, 57.90427059313201], [16.687389275515518, 57.90427062859311], [16.68907578074255, 57.90424821126432], [16.689033649621468, 57.903350385743565], [16.687347186412754, 57.90337280229624], [16.68738927385309, 57.90427059313201]]]]}}, {"type": "Feature", "properties": {"T": 0, "v": 0, "p": 0, "B": 3}, "geometry": {"type": "MultiPolygon", "coordinates": [[[[16.615250499587464, 57.7632638797861], [16.616930630256125, 57.76324245108306], [16.616890517530948, 57.76234457282772], [16.61521054608344, 57.7623659992917], [16.615210428498678, 57.76236600079059], [16.615250499587464, 57.7632638797861]]]]}}, {"type": "Feature", "properties": {"T": 0, "v": 0, "p": 0, "B": 20}, "geometry": {"type": "MultiPolygon", "coordinates": [[[[16.605847548087358, 57.77865606301279], [16.605887412038363, 57.77955394381233], [16.607568306877063, 57.779532635458516], [16.607528401243933, 57.77863475539518], [16.605847548087358, 57.77865606301279]]]]}}, {"type": "Feature", "properties": {"T": 0, "v": 0, "p": 0, "B": 7}, "geometry": {"type": "MultiPolygon", "coordinates": [[[[16.696514632044064, 57.703805049845364], [16.696514633324945, 57.70380507723293], [16.6965147570479, 57.70380507557474], [16.698191941060696, 57.70378258585474], [16.698149909588107, 57.70288473598222], [16.696472767038266, 57.70290722492616], [16.696472643318366, 57.70290722658434], [16.696514632044064, 57.703805049845364]]]]}}, {"type": "Feature", "properties": {"T": 0, "v": 0, "p": 0, "B": 4}, "geometry": {"type": "MultiPolygon", "coordinates": [[[[16.581845559156204, 57.768177309259414], [16.581845618802216, 57.76817730851486], [16.58352580672177, 57.76815632398981], [16.583486515030906, 57.767258431803405], [16.581806309114565, 57.76727941634809], [16.581845559156204, 57.768177309259414]]]]}}, {"type": "Feature", "properties": {"T": 0, "v": 0, "p": 0, "B": 3}, "geometry": {"type": "MultiPolygon", "coordinates": [[[[16.70369743653906, 57.74952778792751], [16.703697555259165, 57.749527786330844], [16.705376854786255, 57.749505190163745], [16.70537685268903, 57.74950514563342], [16.705334570963586, 57.74860735016456], [16.703655194307466, 57.748629947148], [16.70369743653906, 57.74952778792751]]]]}}, {"type": "Feature", "properties": {"T": 0, "v": 0, "p": 0, "B": 26}, "geometry": {"type": "MultiPolygon", "coordinates": [[[[16.60173072617058, 57.76163872736206], [16.603410654039994, 57.76161748000685], [16.6033708791266, 57.76071959556085], [16.601690992886766, 57.76074084218217], [16.60173072617058, 57.76163872736206]]]]}}, {"type": "Feature", "properties": {"T": 0, "v": 0, "p": 0, "B": 5}, "geometry": {"type": "MultiPolygon", "coordinates": [[[[16.44854777315587, 57.71407232575001], [16.448547773232356, 57.71407232766473], [16.448547828444063, 57.71407232703307], [16.4502256170267, 57.714053120735365], [16.450225616950124, 57.714053118820644], [16.45018970724769, 57.713155165478945], [16.448511904963862, 57.713174371745374], [16.44854777315587, 57.71407232575001]]]]}}, {"type": "Feature", "properties": {"T": 0, "v": 0, "p": 0, "B": 3}, "geometry": {"type": "MultiPolygon", "coordinates": [[[[16.689006624689753, 57.722772194091164], [16.689006664820237, 57.72277219355586], [16.69068467787873, 57.72274979939679], [16.690642801517146, 57.721851948750356], [16.688964829972967, 57.721874342136445], [16.688964789843475, 57.72187434267174], [16.689006624689753, 57.722772194091164]]]]}}, {"type": "Feature", "properties": {"T": 0, "v": 0, "p": 0, "B": 4}, "geometry": {"type": "MultiPolygon", "coordinates": [[[[16.39859108420601, 57.724515969371126], [16.39859108639227, 57.724516026035], [16.39859119317826, 57.724516024855646], [16.400269588288545, 57.724497477347526], [16.40026958609966, 57.72449742068369], [16.4002349012646, 57.72359950409251], [16.39855654769792, 57.723618050960326], [16.398556440914575, 57.723618052139635], [16.39859108420601, 57.724515969371126]]]]}}, {"type": "Feature", "properties": {"T": 0, "v": 0, "p": 0, "B": 9}, "geometry": {"type": "MultiPolygon", "coordinates": [[[[16.63168656726905, 57.75496775215857], [16.633366160841376, 57.75494610931509], [16.633366159550565, 57.754946080704244], [16.633325653477065, 57.754048237187334], [16.631646101513464, 57.754069879283364], [16.63168656726905, 57.75496775215857]]]]}}, {"type": "Feature", "properties": {"T": 0, "v": 0, "p": 0, "B": 40}, "geometry": {"type": "MultiPolygon", "coordinates": [[[[16.613890830460743, 57.77046840685877], [16.613930881355387, 57.77136628528166], [16.615611250688477, 57.77134487395395], [16.615571158138415, 57.77044699627073], [16.613890830460743, 57.77046840685877]]]]}}, {"type": "Feature", "properties": {"T": 0, "v": 0, "p": 0, "B": 11}, "geometry": {"type": "MultiPolygon", "coordinates": [[[[16.5907207318082, 57.778846781175424], [16.590720733373445, 57.77884681676663], [16.592401469197927, 57.77882571140392], [16.59240146763103, 57.77882567581276], [16.5923619410428, 57.777927824597356], [16.590681251756298, 57.77794892916986], [16.59068124689629, 57.77794892923087], [16.5907207318082, 57.778846781175424]]]]}}, {"type": "Feature", "properties": {"T": 0, "v": 0, "p": 0, "B": 7}, "geometry": {"type": "MultiPolygon", "coordinates": [[[[16.71930461991398, 57.901147381005785], [16.719304622063852, 57.90114742601832], [16.72099095303588, 57.90112458579585], [16.720990950883895, 57.901124540783364], [16.720948031273423, 57.900226774724985], [16.71926180653955, 57.9002496132872], [16.71926174230821, 57.90024961415674], [16.71930461991398, 57.901147381005785]]]]}}, {"type": "Feature", "properties": {"T": 0, "v": 0, "p": 0, "B": 4}, "geometry": {"type": "MultiPolygon", "coordinates": [[[[16.667795278900382, 57.699694646626064], [16.667795280891255, 57.699694689935], [16.667795341602822, 57.69969468913504], [16.669472285083703, 57.69967258181761], [16.669472283090826, 57.699672538508736], [16.669430970793748, 57.69877471812108], [16.66775406876513, 57.69879682467572], [16.667754008055066, 57.69879682547565], [16.667795278900382, 57.699694646626064]]]]}}, {"type": "Feature", "properties": {"T": 0, "v": 0, "p": 0, "B": 12}, "geometry": {"type": "MultiPolygon", "coordinates": [[[[16.6575796739462, 57.769904415414715], [16.657579676889505, 57.76990447966226], [16.657579797668536, 57.769904478082424], [16.659260080300655, 57.76988248826042], [16.659260077354368, 57.769882424012934], [16.65921890719818, 57.768984629932234], [16.657538666214258, 57.76900661899461], [16.657538545438218, 57.76900662057438], [16.6575796739462, 57.769904415414715]]]]}}, {"type": "Feature", "properties": {"T": 0, "v": 0, "p": 0, "B": 13}, "geometry": {"type": "MultiPolygon", "coordinates": [[[[16.393441610033165, 57.89615714199423], [16.395127968295398, 57.89613862864369], [16.39509317505022, 57.895240588115264], [16.393406858811062, 57.895259100824795], [16.393441610033165, 57.89615714199423]]]]}}, {"type": "Feature", "properties": {"T": 0, "v": 0, "p": 0, "B": 25}, "geometry": {"type": "MultiPolygon", "coordinates": [[[[16.40204847921203, 57.90055408711762], [16.402048497256846, 57.90055408691844], [16.403735037192384, 57.900535458622436], [16.403700026877654, 57.89963751179411], [16.402013528972212, 57.899656139445106], [16.402013510927848, 57.8996561396443], [16.40204847921203, 57.90055408711762]]]]}}, {"type": "Feature", "properties": {"T": 0, "v": 0, "p": 0, "B": 18}, "geometry": {"type": "MultiPolygon", "coordinates": [[[[16.604692520667697, 57.752617366724266], [16.604732315902417, 57.75351525174595], [16.606412002960283, 57.753493964727745], [16.606372166115197, 57.75259608044122], [16.604692520667697, 57.752617366724266]]]]}}, {"type": "Feature", "properties": {"T": 0, "v": 0, "p": 0, "B": 48}, "geometry": {"type": "MultiPolygon", "coordinates": [[[[16.597364495265467, 57.776966448571905], [16.597364497118356, 57.7769664905315], [16.599045140166535, 57.776945297522644], [16.599005450022158, 57.77604741334977], [16.597324848646217, 57.77606860562642], [16.597364495265467, 57.776966448571905]]]]}}, {"type": "Feature", "properties": {"T": 0, "v": 0, "p": 0, "B": 3}, "geometry": {"type": "MultiPolygon", "coordinates": [[[[16.65327564565833, 57.74929747124887], [16.653275677489823, 57.749297470833426], [16.654954958119404, 57.749275543623284], [16.654954955938667, 57.74927549590764], [16.654913924489744, 57.74837768040238], [16.653234653619972, 57.748399607270734], [16.65327564565833, 57.74929747124887]]]]}}, {"type": "Feature", "properties": {"T": 0, "v": 0, "p": 0, "B": 3}, "geometry": {"type": "MultiPolygon", "coordinates": [[[[16.599045140166535, 57.776945297522644], [16.599084832672876, 57.77784318155007], [16.600765653623736, 57.777821963782294], [16.60072591943944, 57.77692408048792], [16.599045140166535, 57.776945297522644]]]]}}, {"type": "Feature", "properties": {"T": 0, "v": 0, "p": 0, "B": 4}, "geometry": {"type": "MultiPolygon", "coordinates": [[[[16.389860793561816, 57.89080629514276], [16.391547042926046, 57.89078782887352], [16.39151234962503, 57.88988987599468], [16.389826142268454, 57.88990834162464], [16.389860793561816, 57.89080629514276]]]]}}, {"type": "Feature", "properties": {"T": 0, "v": 0, "p": 0, "B": 4}, "geometry": {"type": "MultiPolygon", "coordinates": [[[[16.40011733686467, 57.89428697173717], [16.40015225035183, 57.89518491415835], [16.401838697323086, 57.89516631038208], [16.40180374156235, 57.89426836206126], [16.40011744907902, 57.89428696395353], [16.400117336610244, 57.89428696519344], [16.40011733686467, 57.89428697173717]]]]}}, {"type": "Feature", "properties": {"T": 0, "v": 0, "p": 0, "B": 10}, "geometry": {"type": "MultiPolygon", "coordinates": [[[[16.62385214971057, 57.76764598294285], [16.62553233809143, 57.76762444096788], [16.625492005205714, 57.766726567154855], [16.62381185846919, 57.766748108385706], [16.62385214971057, 57.76764598294285]]]]}}, {"type": "Feature", "properties": {"T": 0, "v": 0, "p": 0, "B": 3}, "geometry": {"type": "MultiPolygon", "coordinates": [[[[16.728566299933867, 57.84801601191046], [16.728566302490027, 57.84801606525264], [16.728566400842293, 57.84801606391278], [16.73025028027869, 57.847993113387], [16.73025027772004, 57.84799306004487], [16.730207216298375, 57.847095299124405], [16.728523378720947, 57.847118248856376], [16.728523280371125, 57.847118250196175], [16.728566299933867, 57.84801601191046]]]]}}, {"type": "Feature", "properties": {"T": 0, "v": 0, "p": 0, "B": 50}, "geometry": {"type": "MultiPolygon", "coordinates": [[[[16.40345500969019, 57.89335179026314], [16.403490005377325, 57.894249738080454], [16.40517626710329, 57.8942310917181], [16.405141229403327, 57.89333314454633], [16.40345500969019, 57.89335179026314]]]]}}, {"type": "Feature", "properties": {"T": 0, "v": 0, "p": 0, "B": 38}, "geometry": {"type": "MultiPolygon", "coordinates": [[[[16.618891771422494, 57.769506230168794], [16.618931944895948, 57.77040410651614], [16.620612265410276, 57.77038262911802], [16.620572050284473, 57.769484753512614], [16.618891771422494, 57.769506230168794]]]]}}, {"type": "Feature", "properties": {"T": 0, "v": 0, "p": 0, "B": 3}, "geometry": {"type": "MultiPolygon", "coordinates": [[[[16.637822342300154, 57.779145296565474], [16.63782234517039, 57.77914529652838], [16.639503052996115, 57.779123566695596], [16.639503051527203, 57.77912353428945], [16.639462355484785, 57.778225700765695], [16.637781686463747, 57.77824742988482], [16.637822342300154, 57.779145296565474]]]]}}, {"type": "Feature", "properties": {"T": 0, "v": 0, "p": 0, "B": 22}, "geometry": {"type": "MultiPolygon", "coordinates": [[[[16.62209145810967, 57.76587166213438], [16.62213170933585, 57.766769627350456], [16.62381185846919, 57.766748108385706], [16.623771565596787, 57.76585014391302], [16.62209145810967, 57.76587166213438]]]]}}, {"type": "Feature", "properties": {"T": 0, "v": 0, "p": 0, "B": 3}, "geometry": {"type": "MultiPolygon", "coordinates": [[[[16.6774934930877, 57.7642519425273], [16.677535111633304, 57.7651497867695], [16.677535211751927, 57.76514978544403], [16.679215277259757, 57.76512753197393], [16.67917361707807, 57.76422968850042], [16.679173616780407, 57.7642296820851], [16.677493492790333, 57.76425193611197], [16.6774934930877, 57.7642519425273]]]]}}, {"type": "Feature", "properties": {"T": 0, "v": 0, "p": 0, "B": 3}, "geometry": {"type": "MultiPolygon", "coordinates": [[[[16.70704268166944, 57.71354610688146], [16.707084950724017, 57.71444395427122], [16.707084954440692, 57.714444033215706], [16.707085067892194, 57.71444403168594], [16.708762744933086, 57.71442139919235], [16.708762741212762, 57.71442132024792], [16.708720430663742, 57.713523473639306], [16.70872043030382, 57.71352346600142], [16.707042794758564, 57.71354609771388], [16.707042681309872, 57.71354609924357], [16.70704268166944, 57.71354610688146]]]]}}, {"type": "Feature", "properties": {"T": 0, "v": 0, "p": 0, "B": 10}, "geometry": {"type": "MultiPolygon", "coordinates": [[[[16.401838697323086, 57.89516631038208], [16.40187365866578, 57.89606434833852], [16.403560006518475, 57.896045723068], [16.403525003153565, 57.89514768575645], [16.401838697323086, 57.89516631038208]]]]}}, {"type": "Feature", "properties": {"T": 0, "v": 0, "p": 0, "B": 3}, "geometry": {"type": "MultiPolygon", "coordinates": [[[[16.39948924350237, 57.87812380889851], [16.399489245474484, 57.878123859675654], [16.401174894510255, 57.8781052681315], [16.40113997836536, 57.87720731712675], [16.399454483716717, 57.877225906788325], [16.399454371301157, 57.87722590802744], [16.39948924350237, 57.87812380889851]]]]}}, {"type": "Feature", "properties": {"T": 0, "v": 0, "p": 0, "B": 3}, "geometry": {"type": "MultiPolygon", "coordinates": [[[[16.615170359793467, 57.761468121649294], [16.61517047737531, 57.76146812015044], [16.616850407191823, 57.761446694426546], [16.61685040690944, 57.76144668810513], [16.61681029923855, 57.76054881587954], [16.61513041105057, 57.76057024086338], [16.61513029347164, 57.76057024236217], [16.615170359793467, 57.761468121649294]]]]}}, {"type": "Feature", "properties": {"T": 0, "v": 0, "p": 0, "B": 5}, "geometry": {"type": "MultiPolygon", "coordinates": [[[[16.682294248725285, 57.7228615524408], [16.68229424960432, 57.722861552429116], [16.68397231184327, 57.72283924665491], [16.683930601547555, 57.72194139292106], [16.682252579945686, 57.721963697937035], [16.682294248725285, 57.7228615524408]]]]}}, {"type": "Feature", "properties": {"T": 0, "v": 0, "p": 0, "B": 10}, "geometry": {"type": "MultiPolygon", "coordinates": [[[[16.580165309255477, 57.76819827226056], [16.580165324437225, 57.76819827207126], [16.581845559156204, 57.768177309259414], [16.581806309114565, 57.76727941634809], [16.580126100863257, 57.7673003786251], [16.580165309255477, 57.76819827226056]]]]}}, {"type": "Feature", "properties": {"T": 0, "v": 0, "p": 0, "B": 17}, "geometry": {"type": "MultiPolygon", "coordinates": [[[[16.581806309114565, 57.76727941634809], [16.583486515030906, 57.767258431803405], [16.583447221749555, 57.76636044970063], [16.58176705748413, 57.76638143352035], [16.581806309114565, 57.76727941634809]]]]}}, {"type": "Feature", "properties": {"T": 0, "v": 0, "p": 0, "B": 56}, "geometry": {"type": "MultiPolygon", "coordinates": [[[[16.400326853819077, 57.899674746641544], [16.402013510927848, 57.8996561396443], [16.402013508430688, 57.899656075518095], [16.401978544731303, 57.898758192029725], [16.40029192965421, 57.89877679838273], [16.400326853819077, 57.899674746641544]]]]}}, {"type": "Feature", "properties": {"T": 0, "v": 0, "p": 0, "B": 18}, "geometry": {"type": "MultiPolygon", "coordinates": [[[[16.66921763002739, 57.76705644394927], [16.66921763343167, 57.76705651774892], [16.67089775615601, 57.767034374577804], [16.67085629891786, 57.7661365211474], [16.669176217832437, 57.76615866355365], [16.66921763002739, 57.76705644394927]]]]}}, {"type": "Feature", "properties": {"T": 0, "v": 0, "p": 0, "B": 4}, "geometry": {"type": "MultiPolygon", "coordinates": [[[[16.595644242919807, 57.77608973048435], [16.5956442449111, 57.77608977562826], [16.597324848646217, 57.77606860562642], [16.597285202533364, 57.775170720575936], [16.595604640468203, 57.77519188984639], [16.595644242919807, 57.77608973048435]]]]}}, {"type": "Feature", "properties": {"T": 0, "v": 0, "p": 0, "B": 3}, "geometry": {"type": "MultiPolygon", "coordinates": [[[[16.504624946467647, 57.730487516539014], [16.50462494776245, 57.73048754772481], [16.506303508905592, 57.73046759427849], [16.506303507609346, 57.73046756309273], [16.506266187225684, 57.729569664057514], [16.50458766763398, 57.72958961681497], [16.504624946467647, 57.730487516539014]]]]}}, {"type": "Feature", "properties": {"T": 0, "v": 0, "p": 0, "B": 3}, "geometry": {"type": "MultiPolygon", "coordinates": [[[[16.41729854010529, 57.902181448363606], [16.417298542253796, 57.90218150293598], [16.418985165396844, 57.90216267165069], [16.41898516324578, 57.90216261707834], [16.418949772578703, 57.90126473094549], [16.417263191469647, 57.901283561578744], [16.41729854010529, 57.902181448363606]]]]}}, {"type": "Feature", "properties": {"T": 0, "v": 0, "p": 0, "B": 31}, "geometry": {"type": "MultiPolygon", "coordinates": [[[[16.604811913472396, 57.755311021352554], [16.606491683758414, 57.7552897328639], [16.60645184217463, 57.75439184886865], [16.604772113503916, 57.75441313662206], [16.604811913472396, 57.755311021352554]]]]}}, {"type": "Feature", "properties": {"T": 0, "v": 0, "p": 0, "B": 3}, "geometry": {"type": "MultiPolygon", "coordinates": [[[[16.50455056125331, 57.849971532532244], [16.5062346775363, 57.84995155418448], [16.506234675175698, 57.8499514976521], [16.506197184833944, 57.84905364097456], [16.50451311411699, 57.84907361858753], [16.504513110432864, 57.84907361863121], [16.50455056125331, 57.849971532532244]]]]}}, {"type": "Feature", "properties": {"T": 0, "v": 0, "p": 0, "B": 29}, "geometry": {"type": "MultiPolygon", "coordinates": [[[[16.410516567799327, 57.90135866332743], [16.412203296412645, 57.90133992070096], [16.412203294147012, 57.901339862943985], [16.41216807383801, 57.90044197725079], [16.410481387260344, 57.90046071922829], [16.410516567799327, 57.90135866332743]]]]}}, {"type": "Feature", "properties": {"T": 0, "v": 0, "p": 0, "B": 24}, "geometry": {"type": "MultiPolygon", "coordinates": [[[[16.60465272779956, 57.751719481557], [16.604692520667697, 57.752617366724266], [16.606372166115197, 57.75259608044122], [16.60633233163916, 57.751698196009066], [16.60465272779956, 57.751719481557]]]]}}, {"type": "Feature", "properties": {"T": 0, "v": 0, "p": 0, "B": 3}, "geometry": {"type": "MultiPolygon", "coordinates": [[[[16.489372088941426, 57.8088259163224], [16.489372089908784, 57.80882593978884], [16.489372153607643, 57.80882593904071], [16.49105429992042, 57.808806171646815], [16.491054298951973, 57.808806148180395], [16.491017244006276, 57.80790824634578], [16.48933513946077, 57.80792801305632], [16.489335075763492, 57.807928013804414], [16.489372088941426, 57.8088259163224]]]]}}, {"type": "Feature", "properties": {"T": 0, "v": 0, "p": 0, "B": 3}, "geometry": {"type": "MultiPolygon", "coordinates": [[[[16.393754431269322, 57.904238649971575], [16.39375443313572, 57.90423869817548], [16.39375450618132, 57.90423869737399], [16.39544116968064, 57.90422017905482], [16.395441167811992, 57.90422013085092], [16.395406361215127, 57.903322229573625], [16.393719739755422, 57.90334074725156], [16.393719666711643, 57.903340748053054], [16.393754431269322, 57.904238649971575]]]]}}, {"type": "Feature", "properties": {"T": 0, "v": 0, "p": 0, "B": 3}, "geometry": {"type": "MultiPolygon", "coordinates": [[[[16.412586487334337, 57.86809700380389], [16.41262167610185, 57.86899494772729], [16.41262172837012, 57.86899494714565], [16.4143067498529, 57.86897618526648], [16.41427151914386, 57.868078241992386], [16.414271518988073, 57.86807823802178], [16.41258653944571, 57.86809699925168], [16.41258648717874, 57.8680969998333], [16.412586487334337, 57.86809700380389]]]]}}, {"type": "Feature", "properties": {"T": 0, "v": 0, "p": 0, "B": 11}, "geometry": {"type": "MultiPolygon", "coordinates": [[[[16.39333736966776, 57.893463200976264], [16.393372113137385, 57.89436114929146], [16.395058387360177, 57.89434263722288], [16.395023601746708, 57.89344468618933], [16.39333744256155, 57.893463196815844], [16.393337369537782, 57.89346319761701], [16.39333736966776, 57.893463200976264]]]]}}, {"type": "Feature", "properties": {"T": 0, "v": 0, "p": 0, "B": 12}, "geometry": {"type": "MultiPolygon", "coordinates": [[[[16.637781686463747, 57.77824742988482], [16.639462355484785, 57.778225700765695], [16.639462353871632, 57.77822566517536], [16.63942166039525, 57.777327834689466], [16.637741033046662, 57.777349563057854], [16.637781686463747, 57.77824742988482]]]]}}, {"type": "Feature", "properties": {"T": 0, "v": 0, "p": 0, "B": 4}, "geometry": {"type": "MultiPolygon", "coordinates": [[[[16.447120775039824, 57.720377224828475], [16.44712077781002, 57.72037729422921], [16.447120788622943, 57.72037729410564], [16.448798914383488, 57.72035810488935], [16.448763031192556, 57.71946014996711], [16.447084946959688, 57.719479338521], [16.447084936147032, 57.71947933864458], [16.447120775039824, 57.720377224828475]]]]}}, {"type": "Feature", "properties": {"T": 0, "v": 0, "p": 0, "B": 7}, "geometry": {"type": "MultiPolygon", "coordinates": [[[[16.62553233809143, 57.76762444096788], [16.625532445370034, 57.76762443959174], [16.62721266262188, 57.76760287494701], [16.627212659303176, 57.76760280114583], [16.627172288088595, 57.76670500187896], [16.625492005205714, 57.766726567154855], [16.62553233809143, 57.76762444096788]]]]}}, {"type": "Feature", "properties": {"T": 0, "v": 0, "p": 0, "B": 16}, "geometry": {"type": "MultiPolygon", "coordinates": [[[[16.401838697323086, 57.89516631038208], [16.403525003153565, 57.89514768575645], [16.403490005377325, 57.894249738080454], [16.40180374156235, 57.89426836206126], [16.401838697323086, 57.89516631038208]]]]}}, {"type": "Feature", "properties": {"T": 0, "v": 0, "p": 0, "B": 5}, "geometry": {"type": "MultiPolygon", "coordinates": [[[[16.388174680928184, 57.890824731315305], [16.388174681166934, 57.89082473750956], [16.388174759365025, 57.89082473665476], [16.389860793561816, 57.89080629514276], [16.389826142268454, 57.88990834162464], [16.388140150074076, 57.88992678249824], [16.38814007187793, 57.88992678335301], [16.388174680928184, 57.890824731315305]]]]}}, {"type": "Feature", "properties": {"T": 0, "v": 0, "p": 0, "B": 3}, "geometry": {"type": "MultiPolygon", "coordinates": [[[[16.596571971058893, 57.759008659157644], [16.59657197175905, 57.75900867503192], [16.598251781828623, 57.75898749666034], [16.598212138882758, 57.758089609578576], [16.596532414584832, 57.758110786662364], [16.596532370435927, 57.75811078721868], [16.596571971058893, 57.759008659157644]]]]}}, {"type": "Feature", "properties": {"T": 0, "v": 0, "p": 0, "B": 3}, "geometry": {"type": "MultiPolygon", "coordinates": [[[[16.675541595603942, 57.90352909514106], [16.67722807634831, 57.90350683526585], [16.677228074547575, 57.90350679662051], [16.677186241864412, 57.90260900418136], [16.67549981956231, 57.90263126306923], [16.675499803137313, 57.902631263285905], [16.675541595603942, 57.90352909514106]]]]}}, {"type": "Feature", "properties": {"T": 0, "v": 0, "p": 0, "B": 3}, "geometry": {"type": "MultiPolygon", "coordinates": [[[[16.408654304606255, 57.896887656870014], [16.408654362095437, 57.896887656232366], [16.41034068610614, 57.89686894141768], [16.41034068322023, 57.896868867738284], [16.41030551606715, 57.895970996611524], [16.408619176587095, 57.895989711415865], [16.408654304606255, 57.896887656870014]]]]}}, {"type": "Feature", "properties": {"T": 0, "v": 0, "p": 0, "B": 4}, "geometry": {"type": "MultiPolygon", "coordinates": [[[[16.433378618840496, 57.88223745487694], [16.4333786202272, 57.882237489731075], [16.43337865180146, 57.88223748937466], [16.43506429799108, 57.88221844907065], [16.435064296602746, 57.88221841421652], [16.435028531830376, 57.881320511806656], [16.433342927617094, 57.881339551451646], [16.43334289604362, 57.88133955180806], [16.433378618840496, 57.88223745487694]]]]}}, {"type": "Feature", "properties": {"T": 0, "v": 0, "p": 0, "B": 4}, "geometry": {"type": "MultiPolygon", "coordinates": [[[[16.581949453634206, 57.69360949137123], [16.581949456632664, 57.693609560156624], [16.581949466632295, 57.69360956003163], [16.58362625105649, 57.69358859052293], [16.583626248054863, 57.693588521737595], [16.583587069835524, 57.69269068773607], [16.58191032685522, 57.69271165652129], [16.581910316855833, 57.69271165664627], [16.581949453634206, 57.69360949137123]]]]}}, {"type": "Feature", "properties": {"T": 0, "v": 0, "p": 0, "B": 32}, "geometry": {"type": "MultiPolygon", "coordinates": [[[[16.618289452009442, 57.75603797768232], [16.619969106378793, 57.75601651215092], [16.61992892951073, 57.75511863421075], [16.61824931675416, 57.7551400990008], [16.618289452009442, 57.75603797768232]]]]}}, {"type": "Feature", "properties": {"T": 0, "v": 0, "p": 0, "B": 3}, "geometry": {"type": "MultiPolygon", "coordinates": [[[[16.51860837650394, 57.90370562622604], [16.518608378403112, 57.903705671243], [16.51860841636351, 57.90370567078914], [16.520294996401976, 57.90368549465293], [16.520294994500695, 57.903685449636], [16.52025707501545, 57.90278759491872], [16.518570537006664, 57.902807770356354], [16.518570499047208, 57.902807770810206], [16.51860837650394, 57.90370562622604]]]]}}, {"type": "Feature", "properties": {"T": 0, "v": 0, "p": 0, "B": 13}, "geometry": {"type": "MultiPolygon", "coordinates": [[[[16.645613298532815, 57.76556838331946], [16.645654128864294, 57.76646625147336], [16.64565413236526, 57.76646632845809], [16.647334247717176, 57.76644449776694], [16.64733424421264, 57.766444420782285], [16.647293372241744, 57.76554655338247], [16.64729337180477, 57.76554654378285], [16.645613298096286, 57.76556837371981], [16.645613298532815, 57.76556838331946]]]]}}, {"type": "Feature", "properties": {"T": 0, "v": 0, "p": 0, "B": 3}, "geometry": {"type": "MultiPolygon", "coordinates": [[[[16.40486100221829, 57.88614953996815], [16.404861003080836, 57.886149562084775], [16.406547023710324, 57.88613089761681], [16.40654702284674, 57.88613087550022], [16.406511962833484, 57.885232949819276], [16.40482609145923, 57.88525161245447], [16.404825984197576, 57.88525161364113], [16.40486100221829, 57.88614953996815]]]]}}, {"type": "Feature", "properties": {"T": 0, "v": 0, "p": 0, "B": 38}, "geometry": {"type": "MultiPolygon", "coordinates": [[[[16.646558094507377, 57.7493849628475], [16.64823755518199, 57.749363122425386], [16.648196687922177, 57.748465256180175], [16.646517268843105, 57.748487095848056], [16.646558094507377, 57.7493849628475]]]]}}, {"type": "Feature", "properties": {"T": 0, "v": 0, "p": 0, "B": 10}, "geometry": {"type": "MultiPolygon", "coordinates": [[[[16.51928049046969, 57.719531987736204], [16.519280493377888, 57.719532057134685], [16.519280614802422, 57.719532055677774], [16.520958674404376, 57.719511910227965], [16.520921005632985, 57.718613984514974], [16.51924298755165, 57.71863412926939], [16.51924286613012, 57.71863413072626], [16.51928049046969, 57.719531987736204]]]]}}, {"type": "Feature", "properties": {"T": 0, "v": 0, "p": 0, "B": 27}, "geometry": {"type": "MultiPolygon", "coordinates": [[[[16.395301948287706, 57.90062838028327], [16.395302065957434, 57.900628378990625], [16.39698865367946, 57.90060983981053], [16.396953811491418, 57.89971189040679], [16.395267148134366, 57.899730430237604], [16.395301948287706, 57.90062838028327]]]]}}, {"type": "Feature", "properties": {"T": 0, "v": 0, "p": 0, "B": 16}, "geometry": {"type": "MultiPolygon", "coordinates": [[[[16.608929548802656, 57.772328267893556], [16.608969479477903, 57.77322614823957], [16.610649939272097, 57.773204802249964], [16.61060996693589, 57.7723069226414], [16.608929548802656, 57.772328267893556]]]]}}, {"type": "Feature", "properties": {"T": 0, "v": 0, "p": 0, "B": 5}, "geometry": {"type": "MultiPolygon", "coordinates": [[[[16.62400136549887, 57.733504953870536], [16.624001472676547, 57.73350495249619], [16.62568010915092, 57.73348341613257], [16.62568010846613, 57.73348340086977], [16.62563982575025, 57.73258553751366], [16.623961230826914, 57.732607073133735], [16.623961123651892, 57.73260707450803], [16.62400136549887, 57.733504953870536]]]]}}, {"type": "Feature", "properties": {"T": 0, "v": 0, "p": 0, "B": 3}, "geometry": {"type": "MultiPolygon", "coordinates": [[[[16.400824860947953, 57.738865024472894], [16.40082486116876, 57.738865030183575], [16.40082487397524, 57.738865030041964], [16.402503887622537, 57.738846450527596], [16.402503887401462, 57.738846444816936], [16.402469126009983, 57.737948480178126], [16.40079015394451, 57.737967059050916], [16.400790141138348, 57.737967059192535], [16.400824860947953, 57.738865024472894]]]]}}, {"type": "Feature", "properties": {"T": 0, "v": 0, "p": 0, "B": 20}, "geometry": {"type": "MultiPolygon", "coordinates": [[[[16.634964656470405, 57.75312870131059], [16.636644300500894, 57.75310701366458], [16.63660371474396, 57.75220914274153], [16.634924112320288, 57.752230829638535], [16.634964656470405, 57.75312870131059]]]]}}, {"type": "Feature", "properties": {"T": 0, "v": 0, "p": 0, "B": 22}, "geometry": {"type": "MultiPolygon", "coordinates": [[[[16.639962635369077, 57.752165705762266], [16.64000330433219, 57.75306357518518], [16.641682941113608, 57.753041820769965], [16.641642230544274, 57.75214395209834], [16.639962635369077, 57.752165705762266]]]]}}, {"type": "Feature", "properties": {"T": 0, "v": 0, "p": 0, "B": 10}, "geometry": {"type": "MultiPolygon", "coordinates": [[[[16.390034081057678, 57.895296060617774], [16.39172054049775, 57.89527759115166], [16.391685836840622, 57.894379638978165], [16.38999941942073, 57.89439810780483], [16.390034081057678, 57.895296060617774]]]]}}, {"type": "Feature", "properties": {"T": 0, "v": 0, "p": 0, "B": 44}, "geometry": {"type": "MultiPolygon", "coordinates": [[[[16.621769566669236, 57.75868865330794], [16.621809794722843, 57.75958652992211], [16.62348961078479, 57.75956501690304], [16.62344934110891, 57.75866714103191], [16.621769566669236, 57.75868865330794]]]]}}, {"type": "Feature", "properties": {"T": 0, "v": 0, "p": 0, "B": 14}, "geometry": {"type": "MultiPolygon", "coordinates": [[[[16.412379440834748, 57.90582963583028], [16.414066238465466, 57.905810869111995], [16.41406623682197, 57.90581082727742], [16.414030963329395, 57.90491292701883], [16.412344207743217, 57.9049316930873], [16.412379440834748, 57.90582963583028]]]]}}, {"type": "Feature", "properties": {"T": 0, "v": 0, "p": 0, "B": 10}, "geometry": {"type": "MultiPolygon", "coordinates": [[[[16.3867651800202, 57.89802681005823], [16.38676518273535, 57.89802688055386], [16.388451633326657, 57.89800845546337], [16.388417007505687, 57.8971105024348], [16.38673063252347, 57.89712892652066], [16.386730598938957, 57.89712892688735], [16.3867651800202, 57.89802681005823]]]]}}, {"type": "Feature", "properties": {"T": 0, "v": 0, "p": 0, "B": 28}, "geometry": {"type": "MultiPolygon", "coordinates": [[[[16.597602437507213, 57.78235379690851], [16.597642102499844, 57.78325168079578], [16.59932303732304, 57.78323048266048], [16.59928333064083, 57.78233259950567], [16.597602437507213, 57.78235379690851]]]]}}, {"type": "Feature", "properties": {"T": 0, "v": 0, "p": 0, "B": 3}, "geometry": {"type": "MultiPolygon", "coordinates": [[[[16.462296779886547, 57.7219996207952], [16.462296782429053, 57.72199968382651], [16.463974982782176, 57.7219802930652], [16.463938721527956, 57.721082344424694], [16.46226056270612, 57.72110173451664], [16.462296779886547, 57.7219996207952]]]]}}, {"type": "Feature", "properties": {"T": 0, "v": 0, "p": 0, "B": 78}, "geometry": {"type": "MultiPolygon", "coordinates": [[[[16.635005203031785, 57.75402657283638], [16.636684888671564, 57.75400488444136], [16.636644300500894, 57.75310701366458], [16.634964656470405, 57.75312870131059], [16.635005203031785, 57.75402657283638]]]]}}, {"type": "Feature", "properties": {"T": 0, "v": 0, "p": 0, "B": 5}, "geometry": {"type": "MultiPolygon", "coordinates": [[[[16.613930881355387, 57.77136628528166], [16.613970934633098, 57.772264163558795], [16.615651345624087, 57.77224275149135], [16.615611250688477, 57.77134487395395], [16.613930881355387, 57.77136628528166]]]]}}, {"type": "Feature", "properties": {"T": 0, "v": 0, "p": 0, "B": 5}, "geometry": {"type": "MultiPolygon", "coordinates": [[[[16.664233916709374, 57.914458327889136], [16.664233916729568, 57.91445832832567], [16.66592105841828, 57.91443621412279], [16.66592105839807, 57.91443621368626], [16.66587948829178, 57.91353837942031], [16.664192509915644, 57.913560491268825], [16.66419238865532, 57.91356049285742], [16.664233916709374, 57.914458327889136]]]]}}, {"type": "Feature", "properties": {"T": 0, "v": 0, "p": 0, "B": 16}, "geometry": {"type": "MultiPolygon", "coordinates": [[[[16.396884133355517, 57.8979159911759], [16.398570571506, 57.89789743177169], [16.398570568767752, 57.89789736127642], [16.398535693534253, 57.89699948258709], [16.396849297407314, 57.897018041348716], [16.396884133355517, 57.8979159911759]]]]}}, {"type": "Feature", "properties": {"T": 0, "v": 0, "p": 0, "B": 32}, "geometry": {"type": "MultiPolygon", "coordinates": [[[[16.644960345302977, 57.751202514283506], [16.645001136651402, 57.75210038159686], [16.64668058606754, 57.75207856296671], [16.646639753119395, 57.75118069640683], [16.644960345302977, 57.751202514283506]]]]}}, {"type": "Feature", "properties": {"T": 0, "v": 0, "p": 0, "B": 7}, "geometry": {"type": "MultiPolygon", "coordinates": [[[[16.5216950769288, 57.85695395814342], [16.521695078239322, 57.856953989200676], [16.5216951109761, 57.856953988808165], [16.523379507185684, 57.85693378185079], [16.523379505873717, 57.85693375079356], [16.523341577575362, 57.85603587674442], [16.521657223264967, 57.8560560830027], [16.521657190529, 57.8560560833952], [16.5216950769288, 57.85695395814342]]]]}}, {"type": "Feature", "properties": {"T": 0, "v": 0, "p": 0, "B": 5}, "geometry": {"type": "MultiPolygon", "coordinates": [[[[16.57828910415796, 57.763729651749856], [16.57832826157552, 57.764627546641776], [16.578328370836797, 57.76462754528085], [16.580008485762168, 57.76460660707694], [16.579969286701466, 57.76370871290833], [16.57996928669941, 57.76370871286126], [16.578289213414475, 57.76372965034193], [16.57828910415591, 57.763729651702796], [16.57828910415796, 57.763729651749856]]]]}}, {"type": "Feature", "properties": {"T": 0, "v": 0, "p": 0, "B": 4}, "geometry": {"type": "MultiPolygon", "coordinates": [[[[16.724856238094038, 57.69982837321703], [16.72653319893432, 57.699805509277326], [16.726490472763214, 57.698907672120825], [16.724813601792768, 57.6989305346118], [16.72481355337216, 57.698930535271636], [16.724856238094038, 57.69982837321703]]]]}}, {"type": "Feature", "properties": {"T": 0, "v": 0, "p": 0, "B": 4}, "geometry": {"type": "MultiPolygon", "coordinates": [[[[16.641523870767614, 57.89768461111749], [16.64152387354586, 57.89768467205248], [16.641523970850958, 57.897684670794746], [16.64321024866697, 57.89766286333436], [16.64321024588587, 57.897662802399424], [16.6431692717154, 57.89676501595953], [16.64148303590427, 57.89678682266496], [16.641482938601595, 57.89678682392265], [16.641523870767614, 57.89768461111749]]]]}}, {"type": "Feature", "properties": {"T": 0, "v": 0, "p": 0, "B": 52}, "geometry": {"type": "MultiPolygon", "coordinates": [[[[16.632839749793643, 57.7432736902432], [16.632839752949586, 57.74327376024896], [16.63283980540743, 57.74327375957275], [16.634518803394656, 57.74325210487383], [16.634478285755275, 57.742354231592934], [16.63279932934316, 57.742375885544114], [16.632799276886622, 57.7423758862203], [16.632839749793643, 57.7432736902432]]]]}}, {"type": "Feature", "properties": {"T": 0, "v": 0, "p": 0, "B": 13}, "geometry": {"type": "MultiPolygon", "coordinates": [[[[16.40345500969019, 57.89335179026314], [16.405141229403327, 57.89333314454633], [16.405106193794804, 57.892435197233254], [16.403420016091992, 57.89245384230455], [16.40345500969019, 57.89335179026314]]]]}}, {"type": "Feature", "properties": {"T": 0, "v": 0, "p": 0, "B": 3}, "geometry": {"type": "MultiPolygon", "coordinates": [[[[16.714031728708562, 57.896726680732264], [16.714031731609385, 57.89672674166499], [16.71571786024105, 57.89670397252283], [16.71571785733738, 57.896703911590144], [16.715675077274042, 57.89580615834269], [16.71398906004038, 57.89582892575991], [16.713988990637304, 57.895828926696645], [16.714031728708562, 57.896726680732264]]]]}}, {"type": "Feature", "properties": {"T": 0, "v": 0, "p": 0, "B": 13}, "geometry": {"type": "MultiPolygon", "coordinates": [[[[16.575124403799403, 57.76826095557171], [16.575124407011984, 57.76826102937476], [16.57512442735533, 57.768261029121895], [16.576804663903523, 57.76824013318123], [16.576765538814154, 57.767342238099715], [16.575085323572615, 57.76736313357137], [16.575124403799403, 57.76826095557171]]]]}}, {"type": "Feature", "properties": {"T": 0, "v": 0, "p": 0, "B": 7}, "geometry": {"type": "MultiPolygon", "coordinates": [[[[16.69603358849289, 57.908647424242034], [16.697720291242103, 57.90862489109733], [16.69767793738401, 57.90772707020622], [16.6959912766646, 57.90774960257072], [16.69603358849289, 57.908647424242034]]]]}}, {"type": "Feature", "properties": {"T": 0, "v": 0, "p": 0, "B": 5}, "geometry": {"type": "MultiPolygon", "coordinates": [[[[16.583329367713635, 57.76366677183535], [16.583329471810888, 57.76366677053461], [16.585009543253793, 57.7636457661926], [16.584970221608856, 57.76274787400615], [16.58329019180347, 57.76276887762264], [16.583290087708797, 57.76276887892332], [16.583329367713635, 57.76366677183535]]]]}}, {"type": "Feature", "properties": {"T": 0, "v": 0, "p": 0, "B": 3}, "geometry": {"type": "MultiPolygon", "coordinates": [[[[16.683806118219206, 57.8998262572413], [16.685492557454076, 57.89980388670653], [16.685450522918558, 57.898906058898426], [16.683764226183325, 57.89892842732644], [16.68376412569337, 57.89892842865874], [16.683806118219206, 57.8998262572413]]]]}}, {"type": "Feature", "properties": {"T": 0, "v": 0, "p": 0, "B": 42}, "geometry": {"type": "MultiPolygon", "coordinates": [[[[16.532743148582764, 57.72026818843944], [16.532781112508772, 57.72116610897507], [16.534459220231458, 57.72114578449593], [16.53442121478181, 57.720247864661886], [16.532743148582764, 57.72026818843944]]]]}}, {"type": "Feature", "properties": {"T": 0, "v": 0, "p": 0, "B": 65}, "geometry": {"type": "MultiPolygon", "coordinates": [[[[16.616930630256125, 57.76324245108306], [16.61861062000535, 57.763221001882705], [16.618570465647412, 57.76232312436826], [16.61689054104223, 57.7623445725277], [16.616890517530948, 57.76234457282772], [16.616930630256125, 57.76324245108306]]]]}}, {"type": "Feature", "properties": {"T": 0, "v": 0, "p": 0, "B": 23}, "geometry": {"type": "MultiPolygon", "coordinates": [[[[16.40535149048497, 57.89872091523389], [16.407038099291746, 57.898702241717274], [16.40700300910313, 57.89780429589864], [16.405316442325002, 57.8978229687687], [16.40535149048497, 57.89872091523389]]]]}}, {"type": "Feature", "properties": {"T": 0, "v": 0, "p": 0, "B": 98}, "geometry": {"type": "MultiPolygon", "coordinates": [[[[16.63024942814494, 57.760376613190964], [16.630289869122052, 57.761274485789926], [16.631969894957333, 57.761252858191966], [16.63192941235056, 57.760354986340026], [16.63024942814494, 57.760376613190964]]]]}}, {"type": "Feature", "properties": {"T": 0, "v": 0, "p": 0, "B": 4}, "geometry": {"type": "MultiPolygon", "coordinates": [[[[16.45172386122337, 57.70954409776809], [16.451723861937328, 57.709544115605354], [16.45172386759353, 57.709544115540496], [16.453401493935672, 57.709524867545], [16.453365511823144, 57.70862691290406], [16.45168792697871, 57.708646160235254], [16.45168792132265, 57.7086461603001], [16.45172386122337, 57.70954409776809]]]]}}, {"type": "Feature", "properties": {"T": 0, "v": 0, "p": 0, "B": 13}, "geometry": {"type": "MultiPolygon", "coordinates": [[[[16.68722093417962, 57.90067932252235], [16.688907271348395, 57.90065690829784], [16.688865150286738, 57.899759082188105], [16.687178855126263, 57.899781495636645], [16.68722093417962, 57.90067932252235]]]]}}, {"type": "Feature", "properties": {"T": 0, "v": 0, "p": 0, "B": 3}, "geometry": {"type": "MultiPolygon", "coordinates": [[[[16.515798177954533, 57.79683399404935], [16.515798180674587, 57.79683405891237], [16.51579826302367, 57.79683405792783], [16.517479812311688, 57.79681394291784], [16.51747980958862, 57.79681387805485], [16.517442117296202, 57.79591602678789], [16.515760527392725, 57.795936142087164], [16.515798177954533, 57.79683399404935]]]]}}, {"type": "Feature", "properties": {"T": 0, "v": 0, "p": 0, "B": 23}, "geometry": {"type": "MultiPolygon", "coordinates": [[[[16.614889945580575, 57.75518296357736], [16.616569701610757, 57.755161541534555], [16.616529610352927, 57.75426366196659], [16.614850013495424, 57.75428508177114], [16.614849895936885, 57.75428508326956], [16.614889945580575, 57.75518296357736]]]]}}, {"type": "Feature", "properties": {"T": 0, "v": 0, "p": 0, "B": 31}, "geometry": {"type": "MultiPolygon", "coordinates": [[[[16.646639753119395, 57.75118069640683], [16.64668058606754, 57.75207856296671], [16.64836017154358, 57.75205672028174], [16.64831929699249, 57.7511588544762], [16.646639753119395, 57.75118069640683]]]]}}, {"type": "Feature", "properties": {"T": 0, "v": 0, "p": 0, "B": 3}, "geometry": {"type": "MultiPolygon", "coordinates": [[[[16.38136119095713, 57.88910235858966], [16.381361191438952, 57.88910237115296], [16.383047228074496, 57.88908401957482], [16.383047227592087, 57.88908400701155], [16.383012748919263, 57.88818606322572], [16.381326793039182, 57.88820441374697], [16.38132675428376, 57.888204414168555], [16.38136119095713, 57.88910235858966]]]]}}, {"type": "Feature", "properties": {"T": 0, "v": 0, "p": 0, "B": 4}, "geometry": {"type": "MultiPolygon", "coordinates": [[[[16.59932303732304, 57.78323048266048], [16.60100410839366, 57.78320926049352], [16.60100410752287, 57.78320924082376], [16.60096436001863, 57.78231137807199], [16.59928333064083, 57.78233259950567], [16.59932303732304, 57.78323048266048]]]]}}, {"type": "Feature", "properties": {"T": 0, "v": 0, "p": 0, "B": 32}, "geometry": {"type": "MultiPolygon", "coordinates": [[[[16.64627236582909, 57.74309989077454], [16.646313176931045, 57.74399775865307], [16.647992388069472, 57.74397592275565], [16.647951535386802, 57.743078055631074], [16.64627236582909, 57.74309989077454]]]]}}, {"type": "Feature", "properties": {"T": 0, "v": 0, "p": 0, "B": 13}, "geometry": {"type": "MultiPolygon", "coordinates": [[[[16.620330805747646, 57.76409740704602], [16.620371006520728, 57.764995283527], [16.622051213301784, 57.764973786541965], [16.62201097088796, 57.76407591080353], [16.620330805747646, 57.76409740704602]]]]}}, {"type": "Feature", "properties": {"T": 0, "v": 0, "p": 0, "B": 11}, "geometry": {"type": "MultiPolygon", "coordinates": [[[[16.401594050810512, 57.888880669169964], [16.40162899405424, 57.88977861833831], [16.403315047829253, 57.88975999758104], [16.403280062585054, 57.88886204905731], [16.401594050810512, 57.888880669169964]]]]}}, {"type": "Feature", "properties": {"T": 0, "v": 0, "p": 0, "B": 6}, "geometry": {"type": "MultiPolygon", "coordinates": [[[[16.635167412533026, 57.75761803841876], [16.635167413393898, 57.75761805747697], [16.636847265495547, 57.75759636608549], [16.63680666766796, 57.756698495893886], [16.635126954111794, 57.75672018528526], [16.635126857185483, 57.7567201865362], [16.635167412533026, 57.75761803841876]]]]}}, {"type": "Feature", "properties": {"T": 0, "v": 0, "p": 0, "B": 7}, "geometry": {"type": "MultiPolygon", "coordinates": [[[[16.60096436001863, 57.78231137807199], [16.602645248423524, 57.782290136107136], [16.602605460727393, 57.7813922542741], [16.60092461400921, 57.781413495505], [16.60096436001863, 57.78231137807199]]]]}}, {"type": "Feature", "properties": {"T": 0, "v": 0, "p": 0, "B": 68}, "geometry": {"type": "MultiPolygon", "coordinates": [[[[16.64332168480949, 57.75212217797409], [16.643362436981413, 57.75302004589373], [16.645041930425712, 57.752998248763745], [16.645001136651402, 57.75210038159686], [16.64332168480949, 57.75212217797409]]]]}}, {"type": "Feature", "properties": {"T": 0, "v": 0, "p": 0, "B": 3}, "geometry": {"type": "MultiPolygon", "coordinates": [[[[16.67602141667713, 57.76876344403217], [16.67602141980053, 57.7687635114633], [16.677701615928285, 57.76874127769484], [16.677659987180284, 57.76784342762606], [16.675979832695575, 57.767865660626484], [16.67602141667713, 57.76876344403217]]]]}}, {"type": "Feature", "properties": {"T": 0, "v": 0, "p": 0, "B": 7}, "geometry": {"type": "MultiPolygon", "coordinates": [[[[16.386626856731493, 57.894434981808416], [16.386661434082523, 57.89533292935403], [16.386661467665363, 57.895332928987365], [16.388347758603416, 57.89531450617729], [16.388313138983353, 57.894416552725765], [16.386626856479516, 57.89443497526465], [16.386626856731493, 57.894434981808416]]]]}}, {"type": "Feature", "properties": {"T": 0, "v": 0, "p": 0, "B": 3}, "geometry": {"type": "MultiPolygon", "coordinates": [[[[16.606924710310988, 57.802898843885785], [16.606924712062423, 57.80289888327206], [16.606924840112285, 57.80289888164926], [16.60860669151075, 57.80287755576369], [16.608606689757487, 57.80287751637742], [16.608566724065255, 57.801979679486344], [16.60688491441022, 57.80200100463478], [16.606884786363533, 57.80200100625757], [16.606924710310988, 57.802898843885785]]]]}}, {"type": "Feature", "properties": {"T": 0, "v": 0, "p": 0, "B": 12}, "geometry": {"type": "MultiPolygon", "coordinates": [[[[16.402118419918494, 57.90234992706781], [16.40211842204401, 57.90234998164055], [16.402118440089723, 57.902349981441354], [16.403805064092975, 57.90233135185527], [16.403770049597433, 57.90143340530948], [16.402083467629293, 57.901452034250504], [16.402083449584026, 57.90145203444971], [16.402118419918494, 57.90234992706781]]]]}}, {"type": "Feature", "properties": {"T": 0, "v": 0, "p": 0, "B": 16}, "geometry": {"type": "MultiPolygon", "coordinates": [[[[16.641113213376197, 57.74047164604392], [16.642792127032507, 57.74044988169218], [16.642751404699315, 57.73955192195324], [16.64107253261518, 57.73957368555344], [16.641113213376197, 57.74047164604392]]]]}}, {"type": "Feature", "properties": {"T": 0, "v": 0, "p": 0, "B": 5}, "geometry": {"type": "MultiPolygon", "coordinates": [[[[16.695864356336298, 57.90505613667237], [16.69755089098134, 57.9050336066482], [16.69750854723695, 57.9041357851673], [16.695822054611693, 57.90415831441143], [16.695864356336298, 57.90505613667237]]]]}}, {"type": "Feature", "properties": {"T": 0, "v": 0, "p": 0, "B": 6}, "geometry": {"type": "MultiPolygon", "coordinates": [[[[16.521202455910185, 57.76532620623771], [16.52124019953816, 57.76622412193528], [16.52124032111917, 57.76622412047576], [16.52292054319812, 57.76620393881912], [16.522882757918243, 57.76530602381877], [16.52288275778226, 57.76530602058732], [16.52120257735235, 57.765326201546785], [16.521202455774354, 57.76532620300628], [16.521202455910185, 57.76532620623771]]]]}}, {"type": "Feature", "properties": {"T": 0, "v": 0, "p": 0, "B": 3}, "geometry": {"type": "MultiPolygon", "coordinates": [[[[16.692913455855354, 57.91407936107278], [16.69291345587589, 57.91407936150931], [16.694600415909427, 57.914056868465956], [16.694600415888868, 57.914056868029434], [16.69455813096783, 57.91315904689939], [16.692871258504038, 57.91318153855716], [16.692871212979558, 57.91318153916386], [16.692913455855354, 57.91407936107278]]]]}}, {"type": "Feature", "properties": {"T": 0, "v": 0, "p": 0, "B": 46}, "geometry": {"type": "MultiPolygon", "coordinates": [[[[16.64512352525279, 57.75479398265806], [16.646803099482906, 57.754772161767235], [16.646803098181483, 57.754772133156564], [16.64676225924909, 57.75387429564689], [16.645082726626107, 57.753896115784144], [16.64512352525279, 57.75479398265806]]]]}}, {"type": "Feature", "properties": {"T": 0, "v": 0, "p": 0, "B": 3}, "geometry": {"type": "MultiPolygon", "coordinates": [[[[16.56416667646403, 57.825892930744196], [16.564166678610732, 57.82589298029538], [16.564166759031732, 57.82589297930367], [16.5658496248989, 57.82587221637983], [16.565810684925022, 57.82497432480396], [16.564127860866208, 57.824995087009846], [16.56412778044721, 57.82499508800151], [16.56416667646403, 57.825892930744196]]]]}}, {"type": "Feature", "properties": {"T": 0, "v": 0, "p": 0, "B": 3}, "geometry": {"type": "MultiPolygon", "coordinates": [[[[16.632010379972215, 57.76215072989772], [16.633690306503343, 57.76212908107323], [16.633649779859958, 57.76123121011522], [16.631969894957333, 57.761252858191966], [16.632010379972215, 57.76215072989772]]]]}}, {"type": "Feature", "properties": {"T": 0, "v": 0, "p": 0, "B": 38}, "geometry": {"type": "MultiPolygon", "coordinates": [[[[16.626849374238688, 57.7595219223066], [16.62688972956225, 57.76041979654321], [16.628569580055025, 57.760398215997334], [16.628529183107307, 57.7595003425061], [16.626849374238688, 57.7595219223066]]]]}}, {"type": "Feature", "properties": {"T": 0, "v": 0, "p": 0, "B": 13}, "geometry": {"type": "MultiPolygon", "coordinates": [[[[16.445084591086964, 57.71141679280122], [16.445084591543928, 57.71141680426948], [16.445084696302917, 57.711416803073774], [16.44676245341906, 57.71139764219657], [16.446726633046474, 57.7104996851878], [16.445048812678245, 57.71051884659934], [16.445084591086964, 57.71141679280122]]]]}}, {"type": "Feature", "properties": {"T": 0, "v": 0, "p": 0, "B": 57}, "geometry": {"type": "MultiPolygon", "coordinates": [[[[16.63975932682663, 57.74767635645212], [16.639759418570076, 57.74767635526455], [16.641438711717097, 57.74765460657373], [16.641438714007787, 57.74765460654406], [16.641438711556333, 57.74765455245966], [16.641398017961126, 57.74675673699395], [16.639718672371366, 57.74677848615098], [16.63975932682663, 57.74767635645212]]]]}}, {"type": "Feature", "properties": {"T": 0, "v": 0, "p": 0, "B": 7}, "geometry": {"type": "MultiPolygon", "coordinates": [[[[16.630087688288874, 57.756785121333714], [16.630087790375363, 57.75678512002027], [16.631767506000568, 57.756763497470466], [16.631767504997985, 57.75676347522802], [16.63172703543135, 57.75586562488759], [16.630047259336955, 57.755887248004036], [16.630087688288874, 57.756785121333714]]]]}}, {"type": "Feature", "properties": {"T": 0, "v": 0, "p": 0, "B": 3}, "geometry": {"type": "MultiPolygon", "coordinates": [[[[16.716556080252662, 57.70173801313287], [16.716556081849898, 57.70173804688837], [16.716556184957703, 57.701738045490075], [16.71823327653924, 57.701715290535084], [16.71823327494045, 57.7017152567796], [16.718190752569313, 57.70081744973827], [16.71651359933858, 57.70084020530637], [16.716556080252662, 57.70173801313287]]]]}}, {"type": "Feature", "properties": {"T": 0, "v": 0, "p": 0, "B": 5}, "geometry": {"type": "MultiPolygon", "coordinates": [[[[16.693915447081274, 57.755947813779954], [16.693915576141976, 57.75594781205436], [16.695595171579306, 57.75592534409476], [16.695595170537555, 57.75592532185306], [16.695553119791043, 57.75502750045865], [16.693873436902614, 57.755049969367825], [16.693915447081274, 57.755947813779954]]]]}}, {"type": "Feature", "properties": {"T": 0, "v": 0, "p": 0, "B": 78}, "geometry": {"type": "MultiPolygon", "coordinates": [[[[16.635207972014566, 57.758515928271436], [16.635248533047694, 57.75941379891969], [16.636928468395112, 57.75939210602978], [16.636887865737865, 57.75849423613077], [16.635207972014566, 57.758515928271436]]]]}}, {"type": "Feature", "properties": {"T": 0, "v": 0, "p": 0, "B": 3}, "geometry": {"type": "MultiPolygon", "coordinates": [[[[16.4538274121704, 57.803848243513194], [16.45382741388318, 57.80384828608679], [16.45382751374262, 57.803848284941864], [16.45550955777004, 57.803828988803005], [16.45550955605528, 57.803828946229444], [16.455473391986366, 57.80293104845793], [16.45379138971764, 57.80295034392981], [16.45379128986068, 57.80295034507466], [16.4538274121704, 57.803848243513194]]]]}}, {"type": "Feature", "properties": {"T": 0, "v": 0, "p": 0, "B": 49}, "geometry": {"type": "MultiPolygon", "coordinates": [[[[16.644471038268115, 57.7404280950974], [16.64614994708055, 57.74040628625968], [16.64614994346513, 57.74040620670178], [16.64610914192291, 57.739508335052925], [16.646109141603603, 57.73950832802615], [16.644430274362943, 57.73953013611078], [16.644471038268115, 57.7404280950974]]]]}}, {"type": "Feature", "properties": {"T": 0, "v": 0, "p": 0, "B": 3}, "geometry": {"type": "MultiPolygon", "coordinates": [[[[16.377333220954064, 57.9160960772124], [16.37733322121458, 57.91609608401802], [16.37733326518329, 57.91609608354136], [16.379020525195163, 57.91607778057095], [16.379020524934322, 57.91607777376535], [16.378986110454736, 57.915179826542214], [16.377298892517544, 57.915198128878714], [16.377298848549934, 57.91519812935537], [16.377333220954064, 57.9160960772124]]]]}}, {"type": "Feature", "properties": {"T": 0, "v": 0, "p": 0, "B": 3}, "geometry": {"type": "MultiPolygon", "coordinates": [[[[16.600845127652107, 57.77961769752783], [16.600845129086423, 57.77961772993461], [16.602525892438624, 57.7795964901715], [16.60248611184559, 57.778698607901944], [16.600805390172667, 57.778719846931196], [16.600845127652107, 57.77961769752783]]]]}}, {"type": "Feature", "properties": {"T": 0, "v": 0, "p": 0, "B": 3}, "geometry": {"type": "MultiPolygon", "coordinates": [[[[16.415223494093734, 57.89232285373011], [16.416909796147383, 57.89230405044552], [16.416874468569873, 57.89140610753133], [16.415188305446755, 57.8914249090849], [16.41518820852629, 57.891424910164965], [16.415223494093734, 57.89232285373011]]]]}}, {"type": "Feature", "properties": {"T": 0, "v": 0, "p": 0, "B": 12}, "geometry": {"type": "MultiPolygon", "coordinates": [[[[16.61041014092566, 57.76781752241304], [16.612090486964842, 57.76779615681756], [16.612050487246233, 57.76689827707284], [16.6103701828564, 57.76691964193027], [16.61041014092566, 57.76781752241304]]]]}}, {"type": "Feature", "properties": {"T": 0, "v": 0, "p": 0, "B": 15}, "geometry": {"type": "MultiPolygon", "coordinates": [[[[16.58352580672177, 57.76815632398981], [16.583525910831927, 57.76815632268883], [16.585206190503683, 57.76813531471857], [16.58520618727056, 57.768135240915846], [16.585166857160353, 57.76723742325794], [16.583486515030906, 57.767258431803405], [16.58352580672177, 57.76815632398981]]]]}}, {"type": "Feature", "properties": {"T": 0, "v": 0, "p": 0, "B": 42}, "geometry": {"type": "MultiPolygon", "coordinates": [[[[16.6072491282937, 57.77234959087445], [16.608929548802656, 57.772328267893556], [16.608889620503255, 57.771430387401864], [16.607209241652978, 57.77145170964613], [16.6072491282937, 57.77234959087445]]]]}}, {"type": "Feature", "properties": {"T": 0, "v": 0, "p": 0, "B": 6}, "geometry": {"type": "MultiPolygon", "coordinates": [[[[16.447049093589794, 57.71858130714774], [16.447049096613853, 57.71858138291755], [16.447049107426242, 57.71858138279398], [16.4487271501339, 57.71856219490243], [16.448727147106332, 57.7185621191327], [16.448691271207338, 57.7176642396953], [16.447013259210312, 57.71768342704807], [16.447049093589794, 57.71858130714774]]]]}}, {"type": "Feature", "properties": {"T": 0, "v": 0, "p": 0, "B": 5}, "geometry": {"type": "MultiPolygon", "coordinates": [[[[16.645735796814783, 57.76826198734174], [16.64573580002652, 57.768262057958054], [16.647415998664407, 57.76824022575864], [16.647375121974903, 57.767342361836036], [16.645694964981242, 57.767364193281296], [16.645735796814783, 57.76826198734174]]]]}}, {"type": "Feature", "properties": {"T": 0, "v": 0, "p": 0, "B": 29}, "geometry": {"type": "MultiPolygon", "coordinates": [[[[16.617091109032796, 57.766834052415675], [16.618771265341955, 57.76681260025138], [16.61873109741225, 57.765914633550736], [16.61705098274991, 57.765936084973944], [16.617091109032796, 57.766834052415675]]]]}}, {"type": "Feature", "properties": {"T": 0, "v": 0, "p": 0, "B": 34}, "geometry": {"type": "MultiPolygon", "coordinates": [[[[16.642792127032507, 57.74044988169218], [16.642832847715628, 57.741347751515626], [16.64451180052152, 57.741325964168595], [16.644471038268115, 57.7404280950974], [16.642792127032507, 57.74044988169218]]]]}}, {"type": "Feature", "properties": {"T": 0, "v": 0, "p": 0, "B": 12}, "geometry": {"type": "MultiPolygon", "coordinates": [[[[16.63840506559365, 57.754881045459626], [16.63844570020298, 57.75577891519401], [16.64012532573437, 57.755757182575735], [16.640084649514638, 57.75485931359193], [16.63840506559365, 57.754881045459626]]]]}}, {"type": "Feature", "properties": {"T": 0, "v": 0, "p": 0, "B": 9}, "geometry": {"type": "MultiPolygon", "coordinates": [[[[16.64729337180477, 57.76554654378285], [16.647293502891817, 57.76554654207872], [16.64897358162163, 57.76552468977865], [16.648932670587044, 57.764626826171394], [16.647252502410222, 57.76464867942073], [16.64729337180477, 57.76554654378285]]]]}}, {"type": "Feature", "properties": {"T": 0, "v": 0, "p": 0, "B": 12}, "geometry": {"type": "MultiPolygon", "coordinates": [[[[16.406722359486313, 57.89062063448428], [16.408408448991672, 57.89060194594538], [16.408373335647862, 57.889703999501556], [16.406687301004997, 57.88972268725103], [16.406687288144965, 57.889722687393494], [16.406722359486313, 57.89062063448428]]]]}}, {"type": "Feature", "properties": {"T": 0, "v": 0, "p": 0, "B": 3}, "geometry": {"type": "MultiPolygon", "coordinates": [[[[16.58537515983404, 57.810357168922124], [16.58537516044458, 57.810357182834736], [16.587057504692034, 57.810336139412385], [16.587057504080846, 57.810336125499774], [16.587018061149127, 57.80943825477352], [16.585335758670684, 57.80945929746843], [16.58537515983404, 57.810357168922124]]]]}}, {"type": "Feature", "properties": {"T": 0, "v": 0, "p": 0, "B": 3}, "geometry": {"type": "MultiPolygon", "coordinates": [[[[16.569311251090845, 57.71173467288033], [16.56931125131149, 57.71173467797929], [16.569311321172034, 57.71173467711332], [16.570988893689947, 57.71171387163566], [16.570988893469064, 57.711713866536705], [16.570949997860872, 57.710815965981], [16.5692724668361, 57.710836770740634], [16.569272396977286, 57.71083677160656], [16.569311251090845, 57.71173467288033]]]]}}, {"type": "Feature", "properties": {"T": 0, "v": 0, "p": 0, "B": 3}, "geometry": {"type": "MultiPolygon", "coordinates": [[[[16.41317676059691, 57.79712097631017], [16.41317676325738, 57.79712104436069], [16.414858485365407, 57.79710228914396], [16.414858482701778, 57.797102221093496], [16.414823338591187, 57.79620433186983], [16.41314166072014, 57.7962230864105], [16.413141658225236, 57.796223086438324], [16.41317676059691, 57.79712097631017]]]]}}, {"type": "Feature", "properties": {"T": 0, "v": 0, "p": 0, "B": 21}, "geometry": {"type": "MultiPolygon", "coordinates": [[[[16.61725162199142, 57.77042556164492], [16.618931944895948, 57.77040410651614], [16.618891771422494, 57.769506230168794], [16.617211490170526, 57.76952768455637], [16.61725162199142, 57.77042556164492]]]]}}, {"type": "Feature", "properties": {"T": 0, "v": 0, "p": 0, "B": 8}, "geometry": {"type": "MultiPolygon", "coordinates": [[[[16.401594050810512, 57.888880669169964], [16.403280062585054, 57.88886204905731], [16.40324507942892, 57.887964100392274], [16.401559109652354, 57.88798271986035], [16.401594050810512, 57.888880669169964]]]]}}, {"type": "Feature", "properties": {"T": 0, "v": 0, "p": 0, "B": 70}, "geometry": {"type": "MultiPolygon", "coordinates": [[[[16.634559320427446, 57.74414991118701], [16.634559323443113, 57.74414997800848], [16.63623855151659, 57.74412829785062], [16.636197989886018, 57.7432304254646], [16.634518803394656, 57.74325210487383], [16.634559320427446, 57.74414991118701]]]]}}, {"type": "Feature", "properties": {"T": 0, "v": 0, "p": 0, "B": 3}, "geometry": {"type": "MultiPolygon", "coordinates": [[[[16.428784406015694, 57.89396769133824], [16.428820033761326, 57.89486562270535], [16.42882007052673, 57.89486562229173], [16.43050630586333, 57.894846639960505], [16.430470636105298, 57.89394870925058], [16.430470635845364, 57.89394870270693], [16.428784442520556, 57.893967684381], [16.428784405756065, 57.89396768479462], [16.428784406015694, 57.89396769133824]]]]}}, {"type": "Feature", "properties": {"T": 0, "v": 0, "p": 0, "B": 5}, "geometry": {"type": "MultiPolygon", "coordinates": [[[[16.616685897666226, 57.72012262685292], [16.616685965554716, 57.72012262598611], [16.618363889445888, 57.72010119094712], [16.6183638866323, 57.72010112792044], [16.618323808001026, 57.71920330716958], [16.616645925622255, 57.7192247414687], [16.616645857735445, 57.71922474233549], [16.616685897666226, 57.72012262685292]]]]}}, {"type": "Feature", "properties": {"T": 0, "v": 0, "p": 0, "B": 5}, "geometry": {"type": "MultiPolygon", "coordinates": [[[[16.631018220565647, 57.77743621857533], [16.631018222314022, 57.77743625735005], [16.63269899791047, 57.777414616299474], [16.632658471927062, 57.776516747078745], [16.630977840146993, 57.77653838606717], [16.630977738004823, 57.77653838738162], [16.631018220565647, 57.77743621857533]]]]}}, {"type": "Feature", "properties": {"T": 0, "v": 0, "p": 0, "B": 3}, "geometry": {"type": "MultiPolygon", "coordinates": [[[[16.38318516527727, 57.892675843562266], [16.383185248659345, 57.892675842654114], [16.384871367879395, 57.89265746706196], [16.384836838481203, 57.891759511912674], [16.383150761268954, 57.89177788686863], [16.38315067788896, 57.891777887776755], [16.38318516527727, 57.892675843562266]]]]}}, {"type": "Feature", "properties": {"T": 0, "v": 0, "p": 0, "B": 24}, "geometry": {"type": "MultiPolygon", "coordinates": [[[[16.38679976859648, 57.8989248340794], [16.388486261214865, 57.89890640835093], [16.388451633326657, 57.89800845546337], [16.38676518273535, 57.89802688055386], [16.38679976859648, 57.8989248340794]]]]}}, {"type": "Feature", "properties": {"T": 0, "v": 0, "p": 0, "B": 110}, "geometry": {"type": "MultiPolygon", "coordinates": [[[[16.653111692128697, 57.74570601445633], [16.65315267685536, 57.74660387887447], [16.65483186454993, 57.74658195352041], [16.654790838239375, 57.74568408985939], [16.653111692128697, 57.74570601445633]]]]}}, {"type": "Feature", "properties": {"T": 0, "v": 0, "p": 0, "B": 3}, "geometry": {"type": "MultiPolygon", "coordinates": [[[[16.40661715174184, 57.887926792787866], [16.406617164601233, 57.88792679264542], [16.408303115247328, 57.88790810618976], [16.40830311463162, 57.887908090442146], [16.40826800819026, 57.887010159321804], [16.40658208667972, 57.88702884527302], [16.40661715174184, 57.887926792787866]]]]}}, {"type": "Feature", "properties": {"T": 0, "v": 0, "p": 0, "B": 20}, "geometry": {"type": "MultiPolygon", "coordinates": [[[[16.628731191877527, 57.76398970850124], [16.628731249526275, 57.76398970776024], [16.63041120648799, 57.76396810270992], [16.63037075829338, 57.763070230549395], [16.628690785316763, 57.76309183559442], [16.628731191877527, 57.76398970850124]]]]}}, {"type": "Feature", "properties": {"T": 0, "v": 0, "p": 0, "B": 3}, "geometry": {"type": "MultiPolygon", "coordinates": [[[[16.625586674913464, 57.693955003441665], [16.625586732451037, 57.693955002702644], [16.62726344948714, 57.693933455750575], [16.627223188368486, 57.693035572189636], [16.625546512772505, 57.69305711839832], [16.625546455236357, 57.69305711913731], [16.625586674913464, 57.693955003441665]]]]}}, {"type": "Feature", "properties": {"T": 0, "v": 0, "p": 0, "B": 42}, "geometry": {"type": "MultiPolygon", "coordinates": [[[[16.62525005424108, 57.76133923144058], [16.625290372733097, 57.7622371061298], [16.626970447411058, 57.76221554457825], [16.62693008728631, 57.76131767063377], [16.62525005424108, 57.76133923144058]]]]}}, {"type": "Feature", "properties": {"T": 0, "v": 0, "p": 0, "B": 16}, "geometry": {"type": "MultiPolygon", "coordinates": [[[[16.626137619440605, 57.78109253063996], [16.62613772675911, 57.7810925292631], [16.627818568981713, 57.78107095344019], [16.62777815839641, 57.78017308256307], [16.626097250540013, 57.78019465901734], [16.626137619440605, 57.78109253063996]]]]}}, {"type": "Feature", "properties": {"T": 0, "v": 0, "p": 0, "B": 23}, "geometry": {"type": "MultiPolygon", "coordinates": [[[[16.648401048525496, 57.752954585940735], [16.650080534684257, 57.75293272204804], [16.650039616100553, 57.75203485714409], [16.64836017154358, 57.75205672028174], [16.648401048525496, 57.752954585940735]]]]}}, {"type": "Feature", "properties": {"T": 0, "v": 0, "p": 0, "B": 3}, "geometry": {"type": "MultiPolygon", "coordinates": [[[[16.463328689263317, 57.83068969815346], [16.463328690755688, 57.830689734969155], [16.46332873580379, 57.83068973444954], [16.465011939014808, 57.83067030762136], [16.465011937520718, 57.830670270805705], [16.464975499374923, 57.82977237490071], [16.463292337994233, 57.82979180105705], [16.46329229294725, 57.829791801576654], [16.463328689263317, 57.83068969815346]]]]}}, {"type": "Feature", "properties": {"T": 0, "v": 0, "p": 0, "B": 5}, "geometry": {"type": "MultiPolygon", "coordinates": [[[[16.446631955497367, 57.79225187879517], [16.4466320159937, 57.792251878104864], [16.44831342660529, 57.79223268094383], [16.448277455820584, 57.791334738705416], [16.448277455715623, 57.791334736085226], [16.446596086828695, 57.79135393258278], [16.446596026333864, 57.79135393327306], [16.446631955497367, 57.79225187879517]]]]}}, {"type": "Feature", "properties": {"T": 0, "v": 0, "p": 0, "B": 28}, "geometry": {"type": "MultiPolygon", "coordinates": [[[[16.623650713443777, 57.76315651892758], [16.62369099509838, 57.76405439406872], [16.625371016912567, 57.76403285507015], [16.62533069362353, 57.76313498067299], [16.623650713443777, 57.76315651892758]]]]}}, {"type": "Feature", "properties": {"T": 0, "v": 0, "p": 0, "B": 3}, "geometry": {"type": "MultiPolygon", "coordinates": [[[[16.705334570963586, 57.74860735016456], [16.70533459564715, 57.74860734983226], [16.707013806634496, 57.74858473279522], [16.707013804385237, 57.748584685080836], [16.706971483741057, 57.74768689342922], [16.705292314338067, 57.74770950968526], [16.70529228965511, 57.74770951001755], [16.705334570963586, 57.74860735016456]]]]}}, {"type": "Feature", "properties": {"T": 0, "v": 0, "p": 0, "B": 6}, "geometry": {"type": "MultiPolygon", "coordinates": [[[[16.376062793790485, 57.88287154311683], [16.376062795121783, 57.88287157797184], [16.37606283904996, 57.88287157749577], [16.377748543964984, 57.88285329795873], [16.37774854263206, 57.88285326310376], [16.377714205162572, 57.8819553387203], [16.376028542229477, 57.8819736176246], [16.376028498302386, 57.88197361810065], [16.376062793790485, 57.88287154311683]]]]}}, {"type": "Feature", "properties": {"T": 0, "v": 0, "p": 0, "B": 3}, "geometry": {"type": "MultiPolygon", "coordinates": [[[[16.493441924046, 57.82584695712123], [16.49344192622737, 57.8258470098584], [16.49344194024906, 57.82584700969332], [16.495124925900132, 57.82582718408318], [16.495124923716308, 57.82582713134603], [16.495087744384062, 57.82492926287205], [16.493404786527034, 57.82494908796172], [16.493441924046, 57.82584695712123]]]]}}, {"type": "Feature", "properties": {"T": 0, "v": 0, "p": 0, "B": 3}, "geometry": {"type": "MultiPolygon", "coordinates": [[[[16.609928529914075, 57.79477525457251], [16.60992853294458, 57.79477532261686], [16.609928611303875, 57.794775321621806], [16.611609993349237, 57.79475395891768], [16.611609990315568, 57.79475389087337], [16.611569963874217, 57.7938560828057], [16.609888623547345, 57.79387744477153], [16.609888545189996, 57.793877445766576], [16.609928529914075, 57.79477525457251]]]]}}, {"type": "Feature", "properties": {"T": 0, "v": 0, "p": 0, "B": 3}, "geometry": {"type": "MultiPolygon", "coordinates": [[[[16.71831833075865, 57.70351094429686], [16.718318332055972, 57.70351097168413], [16.718318341252836, 57.703510971559275], [16.71999546884599, 57.703488193426665], [16.719995467547403, 57.70348816603942], [16.71995289836484, 57.7025903537122], [16.718275812231358, 57.70261313105887], [16.71827580303472, 57.70261313118371], [16.71831833075865, 57.70351094429686]]]]}}, {"type": "Feature", "properties": {"T": 0, "v": 0, "p": 0, "B": 10}, "geometry": {"type": "MultiPolygon", "coordinates": [[[[16.601373211682194, 57.75355775550429], [16.603052764974404, 57.753536514752795], [16.60301301134682, 57.75263862899677], [16.601333538644848, 57.75265986852195], [16.601333499661937, 57.7526598690147], [16.601373211682194, 57.75355775550429]]]]}}, {"type": "Feature", "properties": {"T": 0, "v": 0, "p": 0, "B": 37}, "geometry": {"type": "MultiPolygon", "coordinates": [[[[16.532705186912633, 57.71937026775969], [16.532743148582764, 57.72026818843944], [16.53442121478181, 57.720247864661886], [16.534383211590495, 57.719349944683664], [16.532705186912633, 57.71937026775969]]]]}}, {"type": "Feature", "properties": {"T": 0, "v": 0, "p": 0, "B": 3}, "geometry": {"type": "MultiPolygon", "coordinates": [[[[16.763472685982645, 57.872691157403075], [16.76347268862282, 57.87269121135532], [16.763472706219698, 57.87269121111086], [16.765157648662253, 57.87266779205403], [16.765157646019563, 57.87266773810183], [16.765113674185848, 57.871769998004126], [16.76342877366635, 57.87179341625058], [16.763428756069906, 57.87179341649505], [16.763472685982645, 57.872691157403075]]]]}}, {"type": "Feature", "properties": {"T": 0, "v": 0, "p": 0, "B": 10}, "geometry": {"type": "MultiPolygon", "coordinates": [[[[16.41185116175429, 57.892360390057824], [16.41353732897586, 57.8923416330838], [16.413502085415185, 57.891443688868534], [16.411815960200563, 57.89146244519322], [16.41185116175429, 57.892360390057824]]]]}}, {"type": "Feature", "properties": {"T": 0, "v": 0, "p": 0, "B": 22}, "geometry": {"type": "MultiPolygon", "coordinates": [[[[16.6511867973973, 57.7403407244847], [16.651227725933285, 57.74123859053906], [16.652906805043827, 57.741216690165565], [16.65286583493513, 57.7403188248674], [16.6511867973973, 57.7403407244847]]]]}}, {"type": "Feature", "properties": {"T": 0, "v": 0, "p": 0, "B": 126}, "geometry": {"type": "MultiPolygon", "coordinates": [[[[16.65143240511756, 57.74572791861123], [16.651473348256697, 57.74662578378577], [16.65315267685536, 57.74660387887447], [16.653111692128697, 57.74570601445633], [16.65143240511756, 57.74572791861123]]]]}}, {"type": "Feature", "properties": {"T": 0, "v": 0, "p": 0, "B": 20}, "geometry": {"type": "MultiPolygon", "coordinates": [[[[16.631099198160275, 57.7792319968485], [16.632780057112566, 57.77921035430247], [16.632780055649665, 57.779210321896215], [16.63273952630557, 57.778312485374066], [16.63105870903244, 57.77833412717235], [16.631099198160275, 57.7792319968485]]]]}}, {"type": "Feature", "properties": {"T": 0, "v": 0, "p": 0, "B": 29}, "geometry": {"type": "MultiPolygon", "coordinates": [[[[16.62660729269651, 57.75413467381942], [16.626647633621292, 57.75503254893246], [16.62832723440622, 57.75501097285828], [16.628286851872115, 57.75411309849041], [16.62660729269651, 57.75413467381942]]]]}}, {"type": "Feature", "properties": {"T": 0, "v": 0, "p": 0, "B": 3}, "geometry": {"type": "MultiPolygon", "coordinates": [[[[16.579851703086405, 57.76101501983811], [16.579851703501312, 57.76101502934392], [16.579851718680054, 57.76101502915467], [16.581531620271797, 57.7609940721351], [16.581531619856452, 57.760994062629315], [16.581492388905552, 57.76009617806308], [16.57981252894306, 57.760117134358794], [16.579812513764697, 57.76011713454803], [16.579851703086405, 57.76101501983811]]]]}}, {"type": "Feature", "properties": {"T": 0, "v": 0, "p": 0, "B": 6}, "geometry": {"type": "MultiPolygon", "coordinates": [[[[16.51954394475504, 57.7258174908583], [16.51954394672995, 57.725817537965895], [16.5212224184908, 57.72579738619029], [16.521184734046447, 57.72489946148447], [16.519506425269032, 57.72491961110719], [16.51950630382647, 57.72491961256442], [16.51954394475504, 57.7258174908583]]]]}}, {"type": "Feature", "properties": {"T": 0, "v": 0, "p": 0, "B": 14}, "geometry": {"type": "MultiPolygon", "coordinates": [[[[16.649385245466203, 57.73766890897529], [16.651064022296303, 57.73764703567314], [16.65102310349198, 57.736749169032265], [16.6493443682215, 57.73677104157919], [16.649385245466203, 57.73766890897529]]]]}}, {"type": "Feature", "properties": {"T": 0, "v": 0, "p": 0, "B": 13}, "geometry": {"type": "MultiPolygon", "coordinates": [[[[16.594121774857893, 57.77970246969517], [16.59580268625276, 57.77968131730213], [16.595763072381445, 57.77878343210171], [16.594082202670073, 57.77880458376393], [16.594121774857893, 57.77970246969517]]]]}}, {"type": "Feature", "properties": {"T": 0, "v": 0, "p": 0, "B": 13}, "geometry": {"type": "MultiPolygon", "coordinates": [[[[16.63273952630557, 57.778312485374066], [16.632739534338576, 57.77831248527058], [16.634420202577008, 57.778290823083594], [16.634379632508857, 57.777392954757424], [16.63269899791047, 57.777414616299474], [16.63273952630557, 57.778312485374066]]]]}}, {"type": "Feature", "properties": {"T": 0, "v": 0, "p": 0, "B": 31}, "geometry": {"type": "MultiPolygon", "coordinates": [[[[16.648033243181168, 57.74487378973365], [16.648074100722084, 57.745771656565125], [16.649753254135714, 57.74574979871186], [16.649712355012767, 57.74485193263515], [16.648033243181168, 57.74487378973365]]]]}}, {"type": "Feature", "properties": {"T": 0, "v": 0, "p": 0, "B": 3}, "geometry": {"type": "MultiPolygon", "coordinates": [[[[16.668621256764666, 57.71765203800702], [16.670299090553083, 57.71762991462538], [16.670299087356117, 57.71762984523198], [16.670257727151526, 57.716732053870864], [16.668579995606176, 57.716754175688436], [16.668579934866077, 57.71675417648891], [16.668621256764666, 57.71765203800702]]]]}}, {"type": "Feature", "properties": {"T": 0, "v": 0, "p": 0, "B": 6}, "geometry": {"type": "MultiPolygon", "coordinates": [[[[16.39326788856011, 57.891667293844854], [16.393267961580236, 57.89166729304375], [16.39495403674882, 57.89164878369888], [16.394919257364055, 57.89075083224196], [16.393233151181697, 57.890769341747124], [16.39326788856011, 57.891667293844854]]]]}}, {"type": "Feature", "properties": {"T": 0, "v": 0, "p": 0, "B": 7}, "geometry": {"type": "MultiPolygon", "coordinates": [[[[16.655817229193335, 57.768130656525955], [16.655817232424727, 57.768130727141916], [16.65749741643395, 57.76810876133974], [16.657456289876492, 57.76721090195836], [16.65577614751028, 57.76723286700175], [16.655817229193335, 57.768130656525955]]]]}}, {"type": "Feature", "properties": {"T": 0, "v": 0, "p": 0, "B": 3}, "geometry": {"type": "MultiPolygon", "coordinates": [[[[16.585263817345087, 57.69266962465238], [16.58526382048881, 57.692669696622], [16.585263919231533, 57.692669695385185], [16.58694070707886, 57.692648681570454], [16.586940703931813, 57.69264860960089], [16.58690144529819, 57.69175078008758], [16.58522469889314, 57.69177179317734], [16.585224600152856, 57.69177179441411], [16.585263817345087, 57.69266962465238]]]]}}, {"type": "Feature", "properties": {"T": 0, "v": 0, "p": 0, "B": 3}, "geometry": {"type": "MultiPolygon", "coordinates": [[[[16.421043901333885, 57.74043652735411], [16.42104403196753, 57.74043652588859], [16.42272312444927, 57.74041767786362], [16.42268785965757, 57.7395197155568], [16.421008808761044, 57.73953856293094], [16.42100867813063, 57.739538564396405], [16.421043901333885, 57.74043652735411]]]]}}, {"type": "Feature", "properties": {"T": 0, "v": 0, "p": 0, "B": 17}, "geometry": {"type": "MultiPolygon", "coordinates": [[[[16.405281396257344, 57.89692502216221], [16.405316442325002, 57.8978229687687], [16.40700300910313, 57.89780429589864], [16.406967921009326, 57.89690634993864], [16.405281396257344, 57.89692502216221]]]]}}, {"type": "Feature", "properties": {"T": 0, "v": 0, "p": 0, "B": 34}, "geometry": {"type": "MultiPolygon", "coordinates": [[[[16.61365057140966, 57.765081049905916], [16.61369060772372, 57.76597892278789], [16.615370727157238, 57.76595751589771], [16.615330648916547, 57.76505963733968], [16.6136505711236, 57.76508104349038], [16.61365057140966, 57.765081049905916]]]]}}, {"type": "Feature", "properties": {"T": 0, "v": 0, "p": 0, "B": 3}, "geometry": {"type": "MultiPolygon", "coordinates": [[[[16.40545664752044, 57.90141475378154], [16.40545675483021, 57.901414752594135], [16.407143382428206, 57.901396078325135], [16.40710828595411, 57.900498132930544], [16.40542159308252, 57.900516807740296], [16.40545664752044, 57.90141475378154]]]]}}, {"type": "Feature", "properties": {"T": 0, "v": 0, "p": 0, "B": 35}, "geometry": {"type": "MultiPolygon", "coordinates": [[[[16.605648263912336, 57.77416665683125], [16.60732890869543, 57.77414535289418], [16.60728901730778, 57.773247471957134], [16.605608414191956, 57.773268775158186], [16.605648263912336, 57.77416665683125]]]]}}, {"type": "Feature", "properties": {"T": 0, "v": 0, "p": 0, "B": 9}, "geometry": {"type": "MultiPolygon", "coordinates": [[[[16.592520067778747, 57.781519370951806], [16.592559605344814, 57.782417257177165], [16.594240505552833, 57.78239612661693], [16.59420092629908, 57.78149824112165], [16.592520067778747, 57.781519370951806]]]]}}, {"type": "Feature", "properties": {"T": 0, "v": 0, "p": 0, "B": 7}, "geometry": {"type": "MultiPolygon", "coordinates": [[[[16.603172040043795, 57.756230171147514], [16.603172123479666, 57.75623017009174], [16.60485171580804, 57.756208905937456], [16.604811913472396, 57.755311021352554], [16.603132279322697, 57.75533228582817], [16.603172040043795, 57.756230171147514]]]]}}, {"type": "Feature", "properties": {"T": 0, "v": 0, "p": 0, "B": 4}, "geometry": {"type": "MultiPolygon", "coordinates": [[[[16.51632556126229, 57.80940485909942], [16.516325562113522, 57.80940487938121], [16.516325644491232, 57.80940487839621], [16.518007778282087, 57.80938475364952], [16.518007777429908, 57.80938473336774], [16.517970051827152, 57.80848683953125], [16.516287959802643, 57.80850696358223], [16.51628787742698, 57.8085069645672], [16.51632556126229, 57.80940485909942]]]]}}, {"type": "Feature", "properties": {"T": 0, "v": 0, "p": 0, "B": 6}, "geometry": {"type": "MultiPolygon", "coordinates": [[[[16.658190371084803, 57.74653803425602], [16.658190397755565, 57.74653803390689], [16.6598695514536, 57.74651604215657], [16.659869548828798, 57.74651598488851], [16.65982840038914, 57.745618180771515], [16.658149261603636, 57.745640172111564], [16.658190371084803, 57.74653803425602]]]]}}, {"type": "Feature", "properties": {"T": 0, "v": 0, "p": 0, "B": 23}, "geometry": {"type": "MultiPolygon", "coordinates": [[[[16.631646101513464, 57.754069879283364], [16.633325653477065, 57.754048237187334], [16.63328514852174, 57.75315036491335], [16.631605646191833, 57.753172006158564], [16.631605638164398, 57.753172006261956], [16.631646101513464, 57.754069879283364]]]]}}, {"type": "Feature", "properties": {"T": 0, "v": 0, "p": 0, "B": 21}, "geometry": {"type": "MultiPolygon", "coordinates": [[[[16.618490164096915, 57.76052736890171], [16.618490232061088, 57.76052736803355], [16.62017002656726, 57.76050589966299], [16.620129837749154, 57.759608022452426], [16.618450016903953, 57.7596294909496], [16.618490164096915, 57.76052736890171]]]]}}, {"type": "Feature", "properties": {"T": 0, "v": 0, "p": 0, "B": 35}, "geometry": {"type": "MultiPolygon", "coordinates": [[[[16.62172934100831, 57.75779077654784], [16.621769566669236, 57.75868865330794], [16.62344934110891, 57.75866714103191], [16.623409073828178, 57.75776926501481], [16.62172934100831, 57.75779077654784]]]]}}, {"type": "Feature", "properties": {"T": 0, "v": 0, "p": 0, "B": 19}, "geometry": {"type": "MultiPolygon", "coordinates": [[[[16.607368802456833, 57.77504323368563], [16.607408698592188, 57.77594111433145], [16.60908928576064, 57.775919788403655], [16.609049347956695, 57.77502190849462], [16.607368802456833, 57.77504323368563]]]]}}, {"type": "Feature", "properties": {"T": 0, "v": 0, "p": 0, "B": 28}, "geometry": {"type": "MultiPolygon", "coordinates": [[[[16.638364433400916, 57.75398317557892], [16.63840506559365, 57.754881045459626], [16.640084649514638, 57.75485931359193], [16.640043975713976, 57.75396144446172], [16.638364433400916, 57.75398317557892]]]]}}, {"type": "Feature", "properties": {"T": 0, "v": 0, "p": 0, "B": 31}, "geometry": {"type": "MultiPolygon", "coordinates": [[[[16.61409110876662, 57.774957797515434], [16.615771644746154, 57.77493638322868], [16.615731542652725, 57.7740385061287], [16.614051048338517, 57.77405991967564], [16.61409110876662, 57.774957797515434]]]]}}, {"type": "Feature", "properties": {"T": 0, "v": 0, "p": 0, "B": 16}, "geometry": {"type": "MultiPolygon", "coordinates": [[[[16.636481969797124, 57.749515481378474], [16.636481971953547, 57.74951552909457], [16.63816130867931, 57.74949382398037], [16.638120690982003, 57.74859595322168], [16.63644139871737, 57.74861765754928], [16.636441395849545, 57.74861765758632], [16.636481969797124, 57.749515481378474]]]]}}, {"type": "Feature", "properties": {"T": 0, "v": 0, "p": 0, "B": 3}, "geometry": {"type": "MultiPolygon", "coordinates": [[[[16.723136629389607, 57.69895333290963], [16.72313663144647, 57.69895337621734], [16.72481355337216, 57.698930535271636], [16.724813551313307, 57.69893049196399], [16.724770871185054, 57.69803269717791], [16.723093994750634, 57.698055537280474], [16.723093990706342, 57.698055537335534], [16.723136629389607, 57.69895333290963]]]]}}, {"type": "Feature", "properties": {"T": 0, "v": 0, "p": 0, "B": 3}, "geometry": {"type": "MultiPolygon", "coordinates": [[[[16.38993010236058, 57.8926022019306], [16.389964759852838, 57.89350015485086], [16.391651135255056, 57.8934816866636], [16.39161643574764, 57.892583734382704], [16.391616435740886, 57.89258373420797], [16.389930225177384, 57.892602200411595], [16.389930102353837, 57.892602201755835], [16.38993010236058, 57.8926022019306]]]]}}, {"type": "Feature", "properties": {"T": 0, "v": 0, "p": 0, "B": 6}, "geometry": {"type": "MultiPolygon", "coordinates": [[[[16.67093921586056, 57.76793222786118], [16.670939276686443, 57.76793222705911], [16.672619377759794, 57.7679100616594], [16.672577876414056, 57.76701220914171], [16.67089775615601, 57.767034374577804], [16.67093921586056, 57.76793222786118]]]]}}, {"type": "Feature", "properties": {"T": 0, "v": 0, "p": 0, "B": 13}, "geometry": {"type": "MultiPolygon", "coordinates": [[[[16.67606300640363, 57.76966129790597], [16.676063009379718, 57.76966136215292], [16.67774324715299, 57.769639127616415], [16.677701615928285, 57.76874127769484], [16.67602141980053, 57.7687635114633], [16.67606300640363, 57.76966129790597]]]]}}, {"type": "Feature", "properties": {"T": 0, "v": 0, "p": 0, "B": 7}, "geometry": {"type": "MultiPolygon", "coordinates": [[[[16.589158203932552, 57.78156153947256], [16.58915820507667, 57.78156156551095], [16.590839206905493, 57.781540478502315], [16.590799713377855, 57.78064259140234], [16.589118753238065, 57.78066367768237], [16.589158203932552, 57.78156153947256]]]]}}, {"type": "Feature", "properties": {"T": 0, "v": 0, "p": 0, "B": 3}, "geometry": {"type": "MultiPolygon", "coordinates": [[[[16.714502049497597, 57.90660267065068], [16.714502050731838, 57.90660269655923], [16.714502120155664, 57.90660269562209], [16.71618864147295, 57.90657991874429], [16.716145830402926, 57.905682106190845], [16.71445928168428, 57.90570488321714], [16.714502049497597, 57.90660267065068]]]]}}, {"type": "Feature", "properties": {"T": 0, "v": 0, "p": 0, "B": 36}, "geometry": {"type": "MultiPolygon", "coordinates": [[[[16.62049162390537, 57.76768892806253], [16.620491627210384, 57.76768900186397], [16.62217195893269, 57.76766750265099], [16.62213170933585, 57.766769627350456], [16.620451419261713, 57.7667911258208], [16.62049162390537, 57.76768892806253]]]]}}, {"type": "Feature", "properties": {"T": 0, "v": 0, "p": 0, "B": 13}, "geometry": {"type": "MultiPolygon", "coordinates": [[[[16.63290166400688, 57.78190396021066], [16.63458250699528, 57.78188229492612], [16.634582505962364, 57.7818822720725], [16.63454192726846, 57.780984427184805], [16.63286112596302, 57.78100609172076], [16.63290166400688, 57.78190396021066]]]]}}, {"type": "Feature", "properties": {"T": 0, "v": 0, "p": 0, "B": 14}, "geometry": {"type": "MultiPolygon", "coordinates": [[[[16.608011794620147, 57.75167688996161], [16.60805167070045, 57.75257477365794], [16.60973117291429, 57.752553444620276], [16.60969125522991, 57.75165556166055], [16.608011794620147, 57.75167688996161]]]]}}, {"type": "Feature", "properties": {"T": 0, "v": 0, "p": 0, "B": 3}, "geometry": {"type": "MultiPolygon", "coordinates": [[[[16.476581084379045, 57.866470391109345], [16.476581163707547, 57.86647039018658], [16.478265992640402, 57.86645078036504], [16.478229172472677, 57.86555285808118], [16.476544385467804, 57.865572467224155], [16.476544306141275, 57.8655724681469], [16.476581084379045, 57.866470391109345]]]]}}, {"type": "Feature", "properties": {"T": 0, "v": 0, "p": 0, "B": 27}, "geometry": {"type": "MultiPolygon", "coordinates": [[[[16.60908928576064, 57.775919788403655], [16.609129225941206, 57.77681766816705], [16.61080985240401, 57.77679631922732], [16.610769870552577, 57.77589844020152], [16.60908928576064, 57.775919788403655]]]]}}, {"type": "Feature", "properties": {"T": 0, "v": 0, "p": 0, "B": 3}, "geometry": {"type": "MultiPolygon", "coordinates": [[[[16.67230838808356, 57.72479064181837], [16.672308399272836, 57.72479064167059], [16.67398654906334, 57.7247684678674], [16.673986547034914, 57.7247684239475], [16.67394508294638, 57.72387060981971], [16.67226696348887, 57.723892783005276], [16.67230838808356, 57.72479064181837]]]]}}, {"type": "Feature", "properties": {"T": 0, "v": 0, "p": 0, "B": 38}, "geometry": {"type": "MultiPolygon", "coordinates": [[[[16.636644300500894, 57.75310701366458], [16.636684888671564, 57.75400488444136], [16.638364433400916, 57.75398317557892], [16.63832380362459, 57.75308530555186], [16.636644300500894, 57.75310701366458]]]]}}, {"type": "Feature", "properties": {"T": 0, "v": 0, "p": 0, "B": 97}, "geometry": {"type": "MultiPolygon", "coordinates": [[[[16.62017002656726, 57.76050589966299], [16.62185002516933, 57.76048440639031], [16.621809794722843, 57.75958652992211], [16.620129837749154, 57.759608022452426], [16.62017002656726, 57.76050589966299]]]]}}, {"type": "Feature", "properties": {"T": 0, "v": 0, "p": 0, "B": 23}, "geometry": {"type": "MultiPolygon", "coordinates": [[[[16.393615377534463, 57.900646835897184], [16.39361537989349, 57.90064689683914], [16.39361545293181, 57.90064689603774], [16.395301948287706, 57.90062838028327], [16.395267148134366, 57.899730430237604], [16.393580694808062, 57.89974894535097], [16.39358062177156, 57.89974894615233], [16.393615377534463, 57.900646835897184]]]]}}, {"type": "Feature", "properties": {"T": 0, "v": 0, "p": 0, "B": 29}, "geometry": {"type": "MultiPolygon", "coordinates": [[[[16.640084649514638, 57.75485931359193], [16.64012532573437, 57.755757182575735], [16.641805087349272, 57.75573542590642], [16.641764369515908, 57.754837557674016], [16.640084649514638, 57.75485931359193]]]]}}, {"type": "Feature", "properties": {"T": 0, "v": 0, "p": 0, "B": 31}, "geometry": {"type": "MultiPolygon", "coordinates": [[[[16.649875966096705, 57.748443396062385], [16.649916874948424, 57.74934126155269], [16.651596192282277, 57.74931937842958], [16.651555241838853, 57.74842151369496], [16.649875966096705, 57.748443396062385]]]]}}, {"type": "Feature", "properties": {"T": 0, "v": 0, "p": 0, "B": 17}, "geometry": {"type": "MultiPolygon", "coordinates": [[[[16.590760222200572, 57.779744704157125], [16.5924409997055, 57.779723598065175], [16.592401469197927, 57.77882571140392], [16.590720733373445, 57.77884681676663], [16.590760222200572, 57.779744704157125]]]]}}, {"type": "Feature", "properties": {"T": 0, "v": 0, "p": 0, "B": 3}, "geometry": {"type": "MultiPolygon", "coordinates": [[[[16.48922404506154, 57.80523419878846], [16.48922404655363, 57.80523423499256], [16.489224110246163, 57.805234234244544], [16.49090608950476, 57.80521446958384], [16.49090608801099, 57.805214433379774], [16.490869042417284, 57.80431654371022], [16.489187104916024, 57.80433630768773], [16.48918704122507, 57.804336308435715], [16.48922404506154, 57.80523419878846]]]]}}, {"type": "Feature", "properties": {"T": 0, "v": 0, "p": 0, "B": 3}, "geometry": {"type": "MultiPolygon", "coordinates": [[[[16.448476038495556, 57.71227640739982], [16.448476038826417, 57.712276415683554], [16.450153799602187, 57.71225721008003], [16.450153799270947, 57.71225720179631], [16.45011789409002, 57.71135925453865], [16.448440230027444, 57.71137845884768], [16.448440174819837, 57.71137845947929], [16.448476038495556, 57.71227640739982]]]]}}, {"type": "Feature", "properties": {"T": 0, "v": 0, "p": 0, "B": 84}, "geometry": {"type": "MultiPolygon", "coordinates": [[[[16.633609255627153, 57.76033333901101], [16.633649779859958, 57.76123121011522], [16.635329662352113, 57.761209539777425], [16.635289096493477, 57.76031166942169], [16.633609255627153, 57.76033333901101]]]]}}, {"type": "Feature", "properties": {"T": 0, "v": 0, "p": 0, "B": 33}, "geometry": {"type": "MultiPolygon", "coordinates": [[[[16.648278424872025, 57.75026098852407], [16.64831929699249, 57.7511588544762], [16.64999869995015, 57.75113699209357], [16.649957786232836, 57.75023912689643], [16.648278424872025, 57.75026098852407]]]]}}, {"type": "Feature", "properties": {"T": 0, "v": 0, "p": 0, "B": 22}, "geometry": {"type": "MultiPolygon", "coordinates": [[[[16.65446271145306, 57.738501085521], [16.656141522539713, 57.738479144738555], [16.656100476644465, 57.73758128117303], [16.656100476614366, 57.73758128051464], [16.654421707089195, 57.73760322053954], [16.65446271145306, 57.738501085521]]]]}}, {"type": "Feature", "properties": {"T": 0, "v": 0, "p": 0, "B": 30}, "geometry": {"type": "MultiPolygon", "coordinates": [[[[16.61305030781477, 57.751612836534555], [16.614729761295848, 57.751591441471234], [16.614689721178195, 57.75069356058013], [16.613010309298133, 57.75071495490461], [16.61305030781477, 57.751612836534555]]]]}}, {"type": "Feature", "properties": {"T": 0, "v": 0, "p": 0, "B": 101}, "geometry": {"type": "MultiPolygon", "coordinates": [[[[16.635207972014566, 57.758515928271436], [16.636887865737865, 57.75849423613077], [16.636847265495547, 57.75759636608549], [16.635167413393898, 57.75761805747697], [16.635207972014566, 57.758515928271436]]]]}}, {"type": "Feature", "properties": {"T": 0, "v": 0, "p": 0, "B": 14}, "geometry": {"type": "MultiPolygon", "coordinates": [[[[16.656305734749537, 57.74207068993512], [16.65798484811931, 57.74204872206584], [16.657984844769178, 57.742048648876796], [16.65794375085731, 57.741150859187464], [16.656264799745436, 57.74117282472013], [16.65626467906211, 57.74117282629823], [16.656305734749537, 57.74207068993512]]]]}}, {"type": "Feature", "properties": {"T": 0, "v": 0, "p": 0, "B": 3}, "geometry": {"type": "MultiPolygon", "coordinates": [[[[16.688155905145834, 57.81262414386137], [16.688155905200773, 57.812624145036864], [16.688155950598595, 57.81262414443253], [16.689838129919078, 57.812601739762194], [16.689838129864086, 57.8126017385867], [16.689796128981513, 57.81170390154101], [16.688113991423183, 57.81172630543684], [16.688113946026487, 57.81172630604116], [16.688155905145834, 57.81262414386137]]]]}}, {"type": "Feature", "properties": {"T": 0, "v": 0, "p": 0, "B": 13}, "geometry": {"type": "MultiPolygon", "coordinates": [[[[16.63286112596302, 57.78100609172076], [16.63454192726846, 57.780984427184805], [16.634501349956608, 57.780086559297274], [16.632820590331647, 57.7801082230847], [16.63286112596302, 57.78100609172076]]]]}}, {"type": "Feature", "properties": {"T": 0, "v": 0, "p": 0, "B": 27}, "geometry": {"type": "MultiPolygon", "coordinates": [[[[16.621648896863697, 57.75599502258971], [16.623328546451372, 57.75597351254256], [16.623288286354903, 57.75507563608745], [16.621608678379616, 57.75509714539172], [16.621648896863697, 57.75599502258971]]]]}}, {"type": "Feature", "properties": {"T": 0, "v": 0, "p": 0, "B": 3}, "geometry": {"type": "MultiPolygon", "coordinates": [[[[16.615290573060022, 57.76416175863579], [16.615330648916547, 57.76505963733968], [16.617010862865406, 57.765038207156174], [16.616970745367546, 57.76414032919253], [16.615290573060022, 57.76416175863579]]]]}}, {"type": "Feature", "properties": {"T": 0, "v": 0, "p": 0, "B": 10}, "geometry": {"type": "MultiPolygon", "coordinates": [[[[16.610530029398227, 57.770511162987134], [16.610569996977997, 57.7714090428871], [16.61225050963933, 57.77138767433909], [16.612210500400312, 57.77048979517729], [16.610530029398227, 57.770511162987134]]]]}}, {"type": "Feature", "properties": {"T": 0, "v": 0, "p": 0, "B": 3}, "geometry": {"type": "MultiPolygon", "coordinates": [[[[16.76169980838613, 57.87091901874317], [16.761699920331587, 57.87091901718949], [16.763384826137465, 57.87089562148573], [16.763384823186033, 57.87089556116562], [16.763340898825266, 57.869997826327406], [16.761656034938785, 57.870021221221656], [16.761655922996113, 57.87002122277526], [16.76169980838613, 57.87091901874317]]]]}}, {"type": "Feature", "properties": {"T": 0, "v": 0, "p": 0, "B": 3}, "geometry": {"type": "MultiPolygon", "coordinates": [[[[16.537853658039708, 57.72200298545305], [16.537853714442733, 57.72200298476805], [16.53953180050509, 57.72198259357988], [16.53949366821628, 57.72108467599945], [16.537815567276446, 57.721105067168715], [16.537853658039708, 57.72200298545305]]]]}}, {"type": "Feature", "properties": {"T": 0, "v": 0, "p": 0, "B": 10}, "geometry": {"type": "MultiPolygon", "coordinates": [[[[16.629885565853797, 57.75229571506032], [16.62988556757174, 57.7522957532239], [16.63156517722165, 57.752274133094375], [16.631565175501937, 57.75227409493083], [16.63152471868502, 57.75137625978062], [16.629845252711377, 57.751397877850316], [16.629845150640058, 57.751397879163505], [16.629885565853797, 57.75229571506032]]]]}}, {"type": "Feature", "properties": {"T": 0, "v": 0, "p": 0, "B": 18}, "geometry": {"type": "MultiPolygon", "coordinates": [[[[16.642873570819766, 57.742245621192616], [16.642914296345122, 57.743143490723185], [16.644593332298992, 57.74312170187147], [16.644552565198413, 57.74222383309327], [16.642873570819766, 57.742245621192616]]]]}}, {"type": "Feature", "properties": {"T": 0, "v": 0, "p": 0, "B": 6}, "geometry": {"type": "MultiPolygon", "coordinates": [[[[16.401559109652354, 57.88798271986035], [16.40324507942892, 57.887964100392274], [16.403245078815424, 57.887964084644615], [16.403210098360677, 57.88706615158596], [16.40152417057958, 57.88708477040949], [16.401559109652354, 57.88798271986035]]]]}}, {"type": "Feature", "properties": {"T": 0, "v": 0, "p": 0, "B": 3}, "geometry": {"type": "MultiPolygon", "coordinates": [[[[16.629216260023004, 57.77476421342878], [16.62921626219948, 57.77476426175614], [16.630896776613266, 57.77474264700635], [16.630856299530514, 57.77384477659951], [16.62917582678027, 57.773866390602564], [16.629216260023004, 57.77476421342878]]]]}}, {"type": "Feature", "properties": {"T": 0, "v": 0, "p": 0, "B": 12}, "geometry": {"type": "MultiPolygon", "coordinates": [[[[16.618931944895948, 57.77040410651614], [16.618972120759693, 57.77130198271763], [16.620652482928858, 57.77128050457755], [16.620612265410276, 57.77038262911802], [16.618931944895948, 57.77040410651614]]]]}}, {"type": "Feature", "properties": {"T": 0, "v": 0, "p": 0, "B": 3}, "geometry": {"type": "MultiPolygon", "coordinates": [[[[16.74091090970497, 57.82448862424182], [16.74091091194051, 57.82448867060459], [16.74091095019065, 57.82448867007957], [16.742593642813556, 57.82446556275325], [16.74259364057586, 57.82446551639052], [16.742550311162812, 57.82356775100514], [16.740867660330508, 57.82359085753255], [16.740867622081318, 57.823590858057536], [16.74091090970497, 57.82448862424182]]]]}}, {"type": "Feature", "properties": {"T": 0, "v": 0, "p": 0, "B": 4}, "geometry": {"type": "MultiPolygon", "coordinates": [[[[16.665471672214128, 57.72218547945919], [16.665471674670933, 57.722185532931846], [16.667149859293794, 57.72216344836509], [16.667108566632507, 57.721265586819285], [16.6654305338361, 57.721287669172874], [16.66543042352876, 57.72128767062375], [16.665471672214128, 57.72218547945919]]]]}}, {"type": "Feature", "properties": {"T": 0, "v": 0, "p": 0, "B": 4}, "geometry": {"type": "MultiPolygon", "coordinates": [[[[16.554609978482084, 57.83858763056386], [16.554609978696238, 57.838587635535056], [16.554610069489158, 57.83858763442253], [16.55629365982021, 57.83856699388425], [16.55629366330205, 57.83856699384154], [16.55629366308766, 57.83856698887035], [16.55625494190425, 57.83766909999143], [16.556254938422498, 57.83766910003414], [16.554571389938904, 57.83768973985857], [16.55457129914824, 57.83768974097102], [16.554609978482084, 57.83858763056386]]]]}}, {"type": "Feature", "properties": {"T": 0, "v": 0, "p": 0, "B": 98}, "geometry": {"type": "MultiPolygon", "coordinates": [[[[16.63816130867931, 57.74949382398037], [16.639840642989782, 57.749472096615285], [16.63979998369937, 57.74857422660689], [16.63812073828884, 57.74859595260993], [16.638120690982003, 57.74859595322168], [16.63816130867931, 57.74949382398037]]]]}}, {"type": "Feature", "properties": {"T": 0, "v": 0, "p": 0, "B": 4}, "geometry": {"type": "MultiPolygon", "coordinates": [[[[16.664523512361654, 57.701534535949705], [16.664523514056572, 57.70153457289033], [16.66452362430391, 57.70153457144056], [16.666200744358573, 57.70151250584667], [16.66620074266195, 57.70151246890607], [16.66615950807869, 57.70061464091932], [16.664482429483808, 57.70063670575185], [16.66448231923919, 57.700636707201554], [16.664523512361654, 57.701534535949705]]]]}}, {"type": "Feature", "properties": {"T": 0, "v": 0, "p": 0, "B": 3}, "geometry": {"type": "MultiPolygon", "coordinates": [[[[16.68726301363516, 57.901577104247615], [16.687263015745014, 57.90157714926089], [16.6889493949246, 57.901554734260344], [16.688907271348395, 57.90065690829784], [16.68722093417962, 57.90067932252235], [16.68726301363516, 57.901577104247615]]]]}}, {"type": "Feature", "properties": {"T": 0, "v": 0, "p": 0, "B": 3}, "geometry": {"type": "MultiPolygon", "coordinates": [[[[16.61465220498735, 57.78752806821861], [16.61465220515474, 57.78752807196706], [16.61465227833396, 57.78752807103494], [16.61633332470889, 57.78750664731897], [16.616333324541326, 57.787506643570524], [16.616293189188845, 57.786608772260244], [16.614612184512104, 57.78663019523588], [16.6146121113347, 57.786630196168], [16.61465220498735, 57.78752806821861]]]]}}, {"type": "Feature", "properties": {"T": 0, "v": 0, "p": 0, "B": 19}, "geometry": {"type": "MultiPolygon", "coordinates": [[[[16.636644300500894, 57.75310701366458], [16.63832380362459, 57.75308530555186], [16.638283176264466, 57.75218743537849], [16.636603717612065, 57.752209142704466], [16.63660371474396, 57.75220914274153], [16.636644300500894, 57.75310701366458]]]]}}, {"type": "Feature", "properties": {"T": 0, "v": 0, "p": 0, "B": 3}, "geometry": {"type": "MultiPolygon", "coordinates": [[[[16.49976379227341, 57.81589036289213], [16.499763845647383, 57.81589036226095], [16.501446323236785, 57.815870455407605], [16.50140899892505, 57.814972535369826], [16.49972656312196, 57.81499244153492], [16.499726509749316, 57.814992442166066], [16.49976379227341, 57.81589036289213]]]]}}, {"type": "Feature", "properties": {"T": 0, "v": 0, "p": 0, "B": 5}, "geometry": {"type": "MultiPolygon", "coordinates": [[[[16.527860166726704, 57.72392066427142], [16.527860168980716, 57.723920717747646], [16.52786023569766, 57.72392071694267], [16.529538408051472, 57.7239004578612], [16.529538405794987, 57.72390040438502], [16.52950052042277, 57.72300253635686], [16.527822322883612, 57.7230227955439], [16.527860166726704, 57.72392066427142]]]]}}, {"type": "Feature", "properties": {"T": 0, "v": 0, "p": 0, "B": 15}, "geometry": {"type": "MultiPolygon", "coordinates": [[[[16.627818568981713, 57.78107095344019], [16.627818582178577, 57.78107095327071], [16.629499377517057, 57.78104935574039], [16.629458925250677, 57.78015148560949], [16.62777815839641, 57.78017308256307], [16.627818568981713, 57.78107095344019]]]]}}, {"type": "Feature", "properties": {"T": 0, "v": 0, "p": 0, "B": 12}, "geometry": {"type": "MultiPolygon", "coordinates": [[[[16.615290573060022, 57.76416175863579], [16.616970745367546, 57.76414032919253], [16.616930630256125, 57.76324245108306], [16.615250499587464, 57.7632638797861], [16.615290573060022, 57.76416175863579]]]]}}, {"type": "Feature", "properties": {"T": 0, "v": 0, "p": 0, "B": 16}, "geometry": {"type": "MultiPolygon", "coordinates": [[[[16.61213048906326, 57.76869403641655], [16.612170493541687, 57.769591915869796], [16.61385078194898, 57.76957052829016], [16.613810735819882, 57.768672649575734], [16.61213048906326, 57.76869403641655]]]]}}, {"type": "Feature", "properties": {"T": 0, "v": 0, "p": 0, "B": 3}, "geometry": {"type": "MultiPolygon", "coordinates": [[[[16.52452509418302, 57.764387899933276], [16.524562918994963, 57.76528581756398], [16.524562990949462, 57.76528581669828], [16.52624307795741, 57.76526559227311], [16.526205211499697, 57.764367675341056], [16.526205211497714, 57.764367675294], [16.524525166133753, 57.76438789902056], [16.524525094181037, 57.76438789988623], [16.52452509418302, 57.764387899933276]]]]}}, {"type": "Feature", "properties": {"T": 0, "v": 0, "p": 0, "B": 4}, "geometry": {"type": "MultiPolygon", "coordinates": [[[[16.69755089098134, 57.9050336066482], [16.69755093131459, 57.90503360610915], [16.699237423098378, 57.90501105424114], [16.699195037334423, 57.90411323354106], [16.6975085875692, 57.904135784628245], [16.69750854723695, 57.9041357851673], [16.69755089098134, 57.9050336066482]]]]}}, {"type": "Feature", "properties": {"T": 0, "v": 0, "p": 0, "B": 10}, "geometry": {"type": "MultiPolygon", "coordinates": [[[[16.439833923939194, 57.83275523609558], [16.43983392515368, 57.832755266542726], [16.441517426040544, 57.83273614886397], [16.44151742482464, 57.83273611841684], [16.44148156779727, 57.831838207091636], [16.439798224203123, 57.83185732279895], [16.43979810875278, 57.831857324109215], [16.439833923939194, 57.83275523609558]]]]}}, {"type": "Feature", "properties": {"T": 0, "v": 0, "p": 0, "B": 14}, "geometry": {"type": "MultiPolygon", "coordinates": [[[[16.659383611798386, 57.77257600766949], [16.659383614307057, 57.77257606236447], [16.65938364099699, 57.77257606201499], [16.661064001670347, 57.77255404822589], [16.661022779563208, 57.77165619109848], [16.659342433854896, 57.77167820447658], [16.659383611798386, 57.77257600766949]]]]}}, {"type": "Feature", "properties": {"T": 0, "v": 0, "p": 0, "B": 104}, "geometry": {"type": "MultiPolygon", "coordinates": [[[[16.60400756575872, 57.77508581900054], [16.605688116003993, 57.77506453835872], [16.605648263912336, 57.77416665683125], [16.60396775533356, 57.77418793673785], [16.60400756575872, 57.77508581900054]]]]}}, {"type": "Feature", "properties": {"T": 0, "v": 0, "p": 0, "B": 39}, "geometry": {"type": "MultiPolygon", "coordinates": [[[[16.649957786232836, 57.75023912689643], [16.64999869995015, 57.75113699209357], [16.65167810047482, 57.751115107458986], [16.651637145160866, 57.75021724301761], [16.649957786232836, 57.75023912689643]]]]}}, {"type": "Feature", "properties": {"T": 0, "v": 0, "p": 0, "B": 3}, "geometry": {"type": "MultiPolygon", "coordinates": [[[[16.379089360826278, 57.917873687769514], [16.37908936084301, 57.91787368820613], [16.380776886069636, 57.9178553595764], [16.380776886052878, 57.9178553591398], [16.380742425133725, 57.916957406464], [16.380742419268103, 57.916957406527764], [16.379055030613017, 57.91697573349698], [16.379054941991196, 57.91697573445891], [16.379089360826278, 57.917873687769514]]]]}}, {"type": "Feature", "properties": {"T": 0, "v": 0, "p": 0, "B": 24}, "geometry": {"type": "MultiPolygon", "coordinates": [[[[16.395058387360177, 57.89434263722288], [16.395058505009374, 57.89434263593054], [16.39674479855745, 57.894324101243186], [16.396709971057113, 57.893426154210616], [16.39670997092683, 57.893426150851376], [16.395023719392977, 57.893444684897034], [16.395023601746708, 57.89344468618933], [16.395058387360177, 57.89434263722288]]]]}}, {"type": "Feature", "properties": {"T": 0, "v": 0, "p": 0, "B": 31}, "geometry": {"type": "MultiPolygon", "coordinates": [[[[16.61225050963933, 57.77138767433909], [16.612290521258952, 57.772285553355125], [16.613970934633098, 57.772264163558795], [16.613930881355387, 57.77136628528166], [16.61225050963933, 57.77138767433909]]]]}}, {"type": "Feature", "properties": {"T": 0, "v": 0, "p": 0, "B": 18}, "geometry": {"type": "MultiPolygon", "coordinates": [[[[16.621689117739862, 57.75689289964177], [16.62172934100831, 57.75779077654784], [16.623409073828178, 57.75776926501481], [16.6233688089424, 57.75687138885169], [16.621689117739862, 57.75689289964177]]]]}}, {"type": "Feature", "properties": {"T": 0, "v": 0, "p": 0, "B": 4}, "geometry": {"type": "MultiPolygon", "coordinates": [[[[16.384767785867734, 57.889963601191226], [16.384767913861953, 57.88996359979551], [16.386453999421803, 57.889945202703174], [16.386453999060773, 57.88994519332443], [16.386419434200526, 57.88904724776799], [16.384733390643152, 57.88906564422346], [16.38473326265212, 57.889065645619105], [16.384767785867734, 57.889963601191226]]]]}}, {"type": "Feature", "properties": {"T": 0, "v": 0, "p": 0, "B": 3}, "geometry": {"type": "MultiPolygon", "coordinates": [[[[16.42181159355551, 57.84553536911182], [16.421811596536422, 57.845535444753224], [16.42181163842461, 57.84553544428389], [16.423495567993957, 57.845516565124306], [16.423495565009517, 57.84551648948296], [16.423460140449713, 57.844618618106495], [16.42177625275508, 57.84463749661301], [16.421776210867932, 57.844637497082346], [16.42181159355551, 57.84553536911182]]]]}}, {"type": "Feature", "properties": {"T": 0, "v": 0, "p": 0, "B": 6}, "geometry": {"type": "MultiPolygon", "coordinates": [[[[16.659136568341495, 57.76718891283545], [16.659136595027455, 57.76718891248604], [16.66081670581203, 57.767166903259245], [16.660816702424864, 57.767166829459285], [16.660775498417287, 57.766269045250986], [16.65909542927218, 57.7662910537175], [16.659095402586882, 57.76629105406688], [16.659136568341495, 57.76718891283545]]]]}}, {"type": "Feature", "properties": {"T": 0, "v": 0, "p": 0, "B": 3}, "geometry": {"type": "MultiPolygon", "coordinates": [[[[16.61708642647503, 57.72910143281843], [16.617086427866518, 57.729101464002575], [16.618764834922516, 57.72908002069589], [16.61876483352959, 57.729079989511774], [16.618724729651433, 57.72818213837774], [16.61704643203777, 57.7282035800771], [16.617046364134158, 57.72820358094417], [16.61708642647503, 57.72910143281843]]]]}}, {"type": "Feature", "properties": {"T": 0, "v": 0, "p": 0, "B": 8}, "geometry": {"type": "MultiPolygon", "coordinates": [[[[16.522787578396496, 57.7230834413814], [16.52446578267526, 57.72306324889017], [16.524428021889438, 57.72216532514599], [16.52274985914036, 57.72218551694019], [16.522787578396496, 57.7230834413814]]]]}}, {"type": "Feature", "properties": {"T": 0, "v": 0, "p": 0, "B": 18}, "geometry": {"type": "MultiPolygon", "coordinates": [[[[16.594082201101525, 57.77880454817278], [16.594082202670073, 57.77880458376393], [16.595763072381445, 57.77878343210171], [16.595723460867525, 57.777885546755925], [16.594042632837166, 57.77790669768732], [16.594082201101525, 57.77880454817278]]]]}}, {"type": "Feature", "properties": {"T": 0, "v": 0, "p": 0, "B": 19}, "geometry": {"type": "MultiPolygon", "coordinates": [[[[16.639718672371366, 57.74677848615098], [16.641398017961126, 57.74675673699395], [16.641398015365496, 57.74675667972538], [16.641357324334212, 57.74585886729747], [16.641357322043632, 57.745858867327165], [16.639678112072282, 57.745880614515976], [16.639678020333378, 57.74588061570347], [16.639718672371366, 57.74677848615098]]]]}}, {"type": "Feature", "properties": {"T": 0, "v": 0, "p": 0, "B": 3}, "geometry": {"type": "MultiPolygon", "coordinates": [[[[16.702431254771238, 57.72259236018978], [16.702431257133046, 57.722592410477304], [16.70243137576502, 57.72259240888229], [16.704109428717313, 57.72256983610696], [16.70406722023045, 57.72167199167221], [16.702389208792297, 57.7216945636684], [16.70238909016326, 57.72169456526337], [16.702431254771238, 57.72259236018978]]]]}}, {"type": "Feature", "properties": {"T": 0, "v": 0, "p": 0, "B": 78}, "geometry": {"type": "MultiPolygon", "coordinates": [[[[16.63803946024248, 57.74680015399655], [16.638039462832804, 57.74680021126524], [16.639718672371366, 57.74677848615098], [16.639678020333378, 57.74588061570347], [16.637998899683836, 57.74590233945587], [16.63799885238052, 57.74590234006754], [16.63803946024248, 57.74680015399655]]]]}}, {"type": "Feature", "properties": {"T": 0, "v": 0, "p": 0, "B": 3}, "geometry": {"type": "MultiPolygon", "coordinates": [[[[16.61797440296642, 57.786587317367115], [16.61797440327663, 57.78658732429978], [16.617974426803656, 57.78658732399949], [16.619655476350516, 57.78656585582364], [16.619655476039988, 57.78656584889097], [16.619615259821465, 57.78566798210207], [16.617934251971153, 57.78568944953609], [16.617934228444714, 57.78568944983639], [16.61797440296642, 57.786587317367115]]]]}}, {"type": "Feature", "properties": {"T": 0, "v": 0, "p": 0, "B": 39}, "geometry": {"type": "MultiPolygon", "coordinates": [[[[16.651514293830395, 57.74752364881369], [16.651555241838853, 57.74842151369496], [16.653234653619972, 57.748399607270734], [16.65319366401905, 57.74750174314595], [16.651514293830395, 57.74752364881369]]]]}}, {"type": "Feature", "properties": {"T": 0, "v": 0, "p": 0, "B": 3}, "geometry": {"type": "MultiPolygon", "coordinates": [[[[16.517517506982106, 57.79771179722548], [16.51751750957164, 57.79771185890409], [16.51751763642461, 57.79771185738579], [16.519199319371857, 57.79769171825712], [16.519199316779456, 57.79769165657858], [16.519161580372543, 57.79679380296699], [16.51747993916151, 57.79681394139958], [16.517479812311688, 57.79681394291784], [16.517517506982106, 57.79771179722548]]]]}}, {"type": "Feature", "properties": {"T": 0, "v": 0, "p": 0, "B": 49}, "geometry": {"type": "MultiPolygon", "coordinates": [[[[16.606611222728425, 57.75798338397593], [16.608290976991217, 57.7579620727769], [16.60825108667881, 57.75706418995456], [16.60657140786283, 57.75708549998861], [16.60657137403512, 57.75708550041754], [16.606611222728425, 57.75798338397593]]]]}}, {"type": "Feature", "properties": {"T": 0, "v": 0, "p": 0, "B": 15}, "geometry": {"type": "MultiPolygon", "coordinates": [[[[16.591036709360665, 57.78602990170635], [16.59103670980581, 57.786029911823405], [16.59271777914324, 57.78600880062579], [16.592717778697626, 57.786008790508745], [16.592678232163124, 57.78511091498157], [16.590997204523482, 57.785132025449684], [16.591036709360665, 57.78602990170635]]]]}}, {"type": "Feature", "properties": {"T": 0, "v": 0, "p": 0, "B": 18}, "geometry": {"type": "MultiPolygon", "coordinates": [[[[16.398187024819293, 57.888019893198674], [16.398221881977527, 57.888917843795156], [16.399907897920666, 57.8888992684383], [16.399872998764113, 57.888001318484854], [16.398187024819293, 57.888019893198674]]]]}}, {"type": "Feature", "properties": {"T": 0, "v": 0, "p": 0, "B": 27}, "geometry": {"type": "MultiPolygon", "coordinates": [[[[16.642832847715628, 57.741347751515626], [16.642873570819766, 57.742245621192616], [16.644552565198413, 57.74222383309327], [16.64451180052152, 57.741325964168595], [16.642832847715628, 57.741347751515626]]]]}}, {"type": "Feature", "properties": {"T": 0, "v": 0, "p": 0, "B": 6}, "geometry": {"type": "MultiPolygon", "coordinates": [[[[16.709484769641108, 57.907568713128754], [16.71117141006094, 57.90754600168077], [16.71117140898044, 57.907545978956165], [16.711128722513852, 57.90664818691142], [16.70944219872479, 57.90667089656896], [16.709442124119633, 57.906670897573065], [16.709484769641108, 57.907568713128754]]]]}}, {"type": "Feature", "properties": {"T": 0, "v": 0, "p": 0, "B": 37}, "geometry": {"type": "MultiPolygon", "coordinates": [[[[16.6030925209663, 57.75443440036327], [16.603132279322697, 57.75533228582817], [16.604811913472396, 57.755311021352554], [16.604772113503916, 57.75441313662206], [16.6030925209663, 57.75443440036327]]]]}}, {"type": "Feature", "properties": {"T": 0, "v": 0, "p": 0, "B": 6}, "geometry": {"type": "MultiPolygon", "coordinates": [[[[16.5557517715413, 57.82599641724506], [16.555751773676462, 57.82599646679641], [16.55743473152839, 57.82597581447584], [16.557434729390916, 57.825975764924515], [16.557396000611615, 57.82507791931771], [16.555713084570996, 57.82509857092417], [16.5557517715413, 57.82599641724506]]]]}}, {"type": "Feature", "properties": {"T": 0, "v": 0, "p": 0, "B": 3}, "geometry": {"type": "MultiPolygon", "coordinates": [[[[16.722290835333663, 57.89302134979684], [16.722290838857194, 57.89302142346532], [16.722290853281393, 57.8930214232697], [16.723976786734745, 57.89299854561237], [16.723976783207764, 57.892998471943955], [16.72393380405232, 57.89210073479264], [16.72224791258247, 57.89212361165805], [16.722247898158628, 57.892123611853684], [16.722290835333663, 57.89302134979684]]]]}}, {"type": "Feature", "properties": {"T": 0, "v": 0, "p": 0, "B": 10}, "geometry": {"type": "MultiPolygon", "coordinates": [[[[16.39516276013933, 57.89703657925385], [16.396849297407314, 57.897018041348716], [16.39681446353871, 57.896120091380375], [16.395127968295398, 57.89613862864369], [16.39516276013933, 57.89703657925385]]]]}}, {"type": "Feature", "properties": {"T": 0, "v": 0, "p": 0, "B": 14}, "geometry": {"type": "MultiPolygon", "coordinates": [[[[16.636197989886018, 57.7432304254646], [16.637877035510495, 57.743208725596396], [16.637877032344825, 57.74320865559081], [16.637836434715442, 57.74231085381335], [16.636157430666987, 57.74233255293226], [16.636197989886018, 57.7432304254646]]]]}}, {"type": "Feature", "properties": {"T": 0, "v": 0, "p": 0, "B": 29}, "geometry": {"type": "MultiPolygon", "coordinates": [[[[16.634924112320288, 57.752230829638535], [16.63660371474396, 57.75220914274153], [16.63660371301894, 57.75220910457811], [16.636563131400553, 57.75131127167218], [16.63488357058123, 57.751332957820246], [16.634924112320288, 57.752230829638535]]]]}}, {"type": "Feature", "properties": {"T": 0, "v": 0, "p": 0, "B": 35}, "geometry": {"type": "MultiPolygon", "coordinates": [[[[16.628286851872115, 57.75411309849041], [16.62832723440622, 57.75501097285828], [16.630006832789487, 57.75498937452823], [16.629966408646258, 57.75409150090627], [16.628286851872115, 57.75411309849041]]]]}}, {"type": "Feature", "properties": {"T": 0, "v": 0, "p": 0, "B": 4}, "geometry": {"type": "MultiPolygon", "coordinates": [[[[16.485807082599273, 57.76305105730563], [16.48580708285879, 57.76305106362744], [16.48580710201721, 57.76305106340279], [16.487487168009718, 57.76303135256111], [16.487487167749904, 57.76303134623931], [16.487450266060083, 57.76213341927748], [16.48577024170967, 57.762153129438296], [16.48577022255173, 57.76215312966294], [16.485807082599273, 57.76305105730563]]]]}}, {"type": "Feature", "properties": {"T": 0, "v": 0, "p": 0, "B": 10}, "geometry": {"type": "MultiPolygon", "coordinates": [[[[16.442706177643764, 57.90459042524126], [16.44270617944809, 57.90459047025975], [16.444393035826888, 57.904571299580674], [16.44439303402045, 57.904571254562214], [16.44435700604966, 57.903673369175344], [16.442670307393644, 57.90369253787672], [16.442670191713198, 57.90369253919062], [16.442706177643764, 57.90459042524126]]]]}}, {"type": "Feature", "properties": {"T": 0, "v": 0, "p": 0, "B": 25}, "geometry": {"type": "MultiPolygon", "coordinates": [[[[16.617412173155227, 57.77401706854066], [16.61741219667408, 57.77401706824049], [16.619092662694708, 57.77399561044681], [16.619092660389306, 57.773995558934985], [16.61905247965888, 57.77309773468299], [16.61737203178185, 57.7731191920355], [16.617412173155227, 57.77401706854066]]]]}}, {"type": "Feature", "properties": {"T": 0, "v": 0, "p": 0, "B": 3}, "geometry": {"type": "MultiPolygon", "coordinates": [[[[16.51797842863533, 57.72853144327125], [16.51965688886473, 57.728511313307294], [16.519619239248897, 57.72761338833733], [16.517940897600386, 57.727633516682964], [16.51794082056453, 57.72763351760634], [16.51797842863533, 57.72853144327125]]]]}}, {"type": "Feature", "properties": {"T": 0, "v": 0, "p": 0, "B": 21}, "geometry": {"type": "MultiPolygon", "coordinates": [[[[16.651637145160866, 57.75021724301761], [16.653316640134324, 57.75019533508034], [16.653316638101053, 57.75019529054885], [16.65327564565833, 57.74929747124887], [16.651596192282277, 57.74931937842958], [16.651637145160866, 57.75021724301761]]]]}}, {"type": "Feature", "properties": {"T": 0, "v": 0, "p": 0, "B": 3}, "geometry": {"type": "MultiPolygon", "coordinates": [[[[16.422807742443894, 57.785334673923934], [16.422807873239552, 57.785334672455875], [16.424489048143958, 57.78531579184752], [16.424489047369097, 57.78531577217619], [16.42445367829913, 57.784417836635], [16.422772545103694, 57.784436716590896], [16.42277241431128, 57.7844367180589], [16.422807742443894, 57.785334673923934]]]]}}, {"type": "Feature", "properties": {"T": 0, "v": 0, "p": 0, "B": 25}, "geometry": {"type": "MultiPolygon", "coordinates": [[[[16.658149261603636, 57.745640172111564], [16.65982840038914, 57.745618180771515], [16.659828397618558, 57.74561812031925], [16.659787251771387, 57.744720319239626], [16.6581081545667, 57.744742309820296], [16.658149261603636, 57.745640172111564]]]]}}, {"type": "Feature", "properties": {"T": 0, "v": 0, "p": 0, "B": 7}, "geometry": {"type": "MultiPolygon", "coordinates": [[[[16.544451585935512, 57.71922746666926], [16.54445158889185, 57.719227536066924], [16.54612973608079, 57.719207055703194], [16.54612973312124, 57.71920698630558], [16.546091444511585, 57.71830914051293], [16.544413434490053, 57.71832961900309], [16.544413338843476, 57.71832962016975], [16.544451585935512, 57.71922746666926]]]]}}, {"type": "Feature", "properties": {"T": 0, "v": 0, "p": 0, "B": 4}, "geometry": {"type": "MultiPolygon", "coordinates": [[[[16.48293794474855, 57.81608821746402], [16.48297481148951, 57.81698614287879], [16.48297483584526, 57.81698614259402], [16.484657406342663, 57.81696645783808], [16.48462049780984, 57.816068533103895], [16.484620497727274, 57.816068531095134], [16.482937944666077, 57.81608821545526], [16.48293794474855, 57.81608821746402]]]]}}, {"type": "Feature", "properties": {"T": 0, "v": 0, "p": 0, "B": 60}, "geometry": {"type": "MultiPolygon", "coordinates": [[[[16.643566234199252, 57.757509383295314], [16.643566276357774, 57.757509382748424], [16.645245935692564, 57.757487582400984], [16.64520512978582, 57.75658971596648], [16.64352546990725, 57.756611516107874], [16.643566234199252, 57.757509383295314]]]]}}, {"type": "Feature", "properties": {"T": 0, "v": 0, "p": 0, "B": 9}, "geometry": {"type": "MultiPolygon", "coordinates": [[[[16.54448983839231, 57.72012538560644], [16.544489841213164, 57.72012545181975], [16.544489936864473, 57.72012545065303], [16.546168029925397, 57.72010497074907], [16.54612973608079, 57.719207055703194], [16.54445158889185, 57.719227536066924], [16.54448983839231, 57.72012538560644]]]]}}, {"type": "Feature", "properties": {"T": 0, "v": 0, "p": 0, "B": 6}, "geometry": {"type": "MultiPolygon", "coordinates": [[[[16.5212224184908, 57.72579738619029], [16.521222445953455, 57.72579738586037], [16.522900749615513, 57.725777213841496], [16.52286302363389, 57.72487928983205], [16.521184761508415, 57.72489946115457], [16.521184734046447, 57.72489946148447], [16.5212224184908, 57.72579738619029]]]]}}, {"type": "Feature", "properties": {"T": 0, "v": 0, "p": 0, "B": 29}, "geometry": {"type": "MultiPolygon", "coordinates": [[[[16.625088804253203, 57.75774773122337], [16.626768670792238, 57.75772617339518], [16.626728322668956, 57.756828298720336], [16.62504849775029, 57.75684985580398], [16.625088804253203, 57.75774773122337]]]]}}, {"type": "Feature", "properties": {"T": 0, "v": 0, "p": 0, "B": 3}, "geometry": {"type": "MultiPolygon", "coordinates": [[[[16.45339406430552, 57.79307290375506], [16.45343016480242, 57.79397084951817], [16.45343016792241, 57.7939709271209], [16.453430267754587, 57.793970925976424], [16.455111852572944, 57.793951637172874], [16.45511184944935, 57.793951559570196], [16.455075707218437, 57.79305361447379], [16.455075706856636, 57.79305360548468], [16.453394163773837, 57.79307289362152], [16.45339406394414, 57.79307289476596], [16.45339406430552, 57.79307290375506]]]]}}, {"type": "Feature", "properties": {"T": 0, "v": 0, "p": 0, "B": 10}, "geometry": {"type": "MultiPolygon", "coordinates": [[[[16.60633233163916, 57.751698196009066], [16.608011794620147, 57.75167688996161], [16.60797192091117, 57.750779006119615], [16.60629253335383, 57.750800311002415], [16.606292499531985, 57.750800311431256], [16.60633233163916, 57.751698196009066]]]]}}, {"type": "Feature", "properties": {"T": 0, "v": 0, "p": 0, "B": 5}, "geometry": {"type": "MultiPolygon", "coordinates": [[[[16.55961458901299, 57.759468979196264], [16.56129445033331, 57.7594482905769], [16.5612557231565, 57.7585503875796], [16.55957593928179, 57.75857107504348], [16.559575903463163, 57.75857107548436], [16.55961458901299, 57.759468979196264]]]]}}, {"type": "Feature", "properties": {"T": 0, "v": 0, "p": 0, "B": 3}, "geometry": {"type": "MultiPolygon", "coordinates": [[[[16.683428271965738, 57.89174571466306], [16.683470244593114, 57.89264354760685], [16.683470248186055, 57.892643624460874], [16.683470348658492, 57.89264362312887], [16.68515635141359, 57.89262126012063], [16.685156347817053, 57.892621183266684], [16.685114333199873, 57.89172335109705], [16.685114332744707, 57.89172334137014], [16.683428371980963, 57.89174570360418], [16.68342827151103, 57.891745704936135], [16.683428271965738, 57.89174571466306]]]]}}, {"type": "Feature", "properties": {"T": 0, "v": 0, "p": 0, "B": 3}, "geometry": {"type": "MultiPolygon", "coordinates": [[[[16.41247325208555, 57.73604058715664], [16.41247325268061, 57.73604060242095], [16.412473299599654, 57.736040601897734], [16.414152139879665, 57.73602186896722], [16.414117093441345, 57.73512390270504], [16.412438294733708, 57.73514263498872], [16.412438247815825, 57.735142635511934], [16.41247325208555, 57.73604058715664]]]]}}, {"type": "Feature", "properties": {"T": 0, "v": 0, "p": 0, "B": 17}, "geometry": {"type": "MultiPolygon", "coordinates": [[[[16.600011104283634, 57.760762066541965], [16.601690992886766, 57.76074084218217], [16.60165126196635, 57.759842956856765], [16.599971414990524, 57.759864180483454], [16.600011104283634, 57.760762066541965]]]]}}, {"type": "Feature", "properties": {"T": 0, "v": 0, "p": 0, "B": 5}, "geometry": {"type": "MultiPolygon", "coordinates": [[[[16.478110615930305, 57.821534732015905], [16.47811061874064, 57.82153480067556], [16.479793429179196, 57.82151517918381], [16.479793426365664, 57.82151511052424], [16.479756634984838, 57.82061725111582], [16.47807389587873, 57.82063687158498], [16.478073866351213, 57.82063687192908], [16.478110615930305, 57.821534732015905]]]]}}, {"type": "Feature", "properties": {"T": 0, "v": 0, "p": 0, "B": 5}, "geometry": {"type": "MultiPolygon", "coordinates": [[[[16.611730570584662, 57.75971513140855], [16.611730571149696, 57.759715144098436], [16.611730599819555, 57.75971514373376], [16.613410401531546, 57.759693764644], [16.613370381599143, 57.75879588432607], [16.611690592840752, 57.75881726304209], [16.611730570584662, 57.75971513140855]]]]}}, {"type": "Feature", "properties": {"T": 0, "v": 0, "p": 0, "B": 3}, "geometry": {"type": "MultiPolygon", "coordinates": [[[[16.73143565820415, 57.6970432278548], [16.731435660574643, 57.69704327753048], [16.731435748215315, 57.69704327633153], [16.733112618927127, 57.69702032533399], [16.733112625184948, 57.6970203252483], [16.733112622812158, 57.69702027557267], [16.73306974085269, 57.696122490809366], [16.733069734595027, 57.696122490895036], [16.731392905325336, 57.69614544110077], [16.73139281768683, 57.696145442299674], [16.73143565820415, 57.6970432278548]]]]}}, {"type": "Feature", "properties": {"T": 0, "v": 0, "p": 0, "B": 4}, "geometry": {"type": "MultiPolygon", "coordinates": [[[[16.61476980379472, 57.752489322216476], [16.61476992134743, 57.75248932071813], [16.6164494349899, 57.75246790239307], [16.6164494332861, 57.75246786422925], [16.61640935088431, 57.75157002238755], [16.614729761295848, 57.751591441471234], [16.61476980379472, 57.752489322216476]]]]}}, {"type": "Feature", "properties": {"T": 0, "v": 0, "p": 0, "B": 3}, "geometry": {"type": "MultiPolygon", "coordinates": [[[[16.733617254264757, 57.882984821473606], [16.733617255175734, 57.88298484040279], [16.733617303843186, 57.882984839738256], [16.735302723370538, 57.88296181471404], [16.735302722458673, 57.88296179578489], [16.735259475198593, 57.882064007827516], [16.73357409762489, 57.88208703205486], [16.73357404895865, 57.882087032719376], [16.733617254264757, 57.882984821473606]]]]}}, {"type": "Feature", "properties": {"T": 0, "v": 0, "p": 0, "B": 5}, "geometry": {"type": "MultiPolygon", "coordinates": [[[[16.76001492400742, 57.87094233139873], [16.760014926953218, 57.870942391718955], [16.76001499431193, 57.870942390785], [16.76169980838613, 57.87091901874317], [16.761655922996113, 57.87002122277526], [16.759971150839178, 57.870044594008405], [16.75997108348214, 57.87004459494233], [16.76001492400742, 57.87094233139873]]]]}}, {"type": "Feature", "properties": {"T": 0, "v": 0, "p": 0, "B": 3}, "geometry": {"type": "MultiPolygon", "coordinates": [[[[16.768982846249852, 57.71000047319033], [16.768982942239646, 57.710000471848986], [16.770660376154687, 57.70997702026429], [16.77066037606122, 57.709977018349875], [16.77061654111667, 57.7090792056807], [16.768939148675905, 57.70910265645614], [16.768939052688484, 57.70910265779746], [16.768982846249852, 57.71000047319033]]]]}}, {"type": "Feature", "properties": {"T": 0, "v": 0, "p": 0, "B": 3}, "geometry": {"type": "MultiPolygon", "coordinates": [[[[16.629620748762196, 57.78374296525647], [16.631301679947608, 57.78372134303727], [16.631261178769723, 57.7828234740918], [16.629580289272617, 57.78284509556386], [16.629620748762196, 57.78374296525647]]]]}}, {"type": "Feature", "properties": {"T": 0, "v": 0, "p": 0, "B": 8}, "geometry": {"type": "MultiPolygon", "coordinates": [[[[16.66706727367296, 57.72036766528547], [16.667067276424802, 57.720367725126444], [16.668745237192635, 57.72034562167898], [16.668703907927743, 57.71944776060206], [16.66702600501249, 57.719469863071446], [16.66702598867047, 57.719469863286605], [16.66706727367296, 57.72036766528547]]]]}}, {"type": "Feature", "properties": {"T": 0, "v": 0, "p": 0, "B": 18}, "geometry": {"type": "MultiPolygon", "coordinates": [[[[16.602645248423524, 57.782290136107136], [16.60264528743833, 57.78229013561383], [16.604326134460436, 57.782268871862264], [16.60432613344662, 57.78226884900832], [16.604286305077796, 57.78137099076398], [16.602605460727393, 57.7813922542741], [16.602645248423524, 57.782290136107136]]]]}}, {"type": "Feature", "properties": {"T": 0, "v": 0, "p": 0, "B": 3}, "geometry": {"type": "MultiPolygon", "coordinates": [[[[16.41156691734761, 57.84205636097147], [16.411602045412927, 57.842954311571845], [16.4116020976435, 57.8429543109908], [16.41328590386395, 57.84293556792734], [16.413250733929377, 57.84203761797534], [16.413250733874644, 57.84203761657784], [16.411566969522216, 57.84205635899296], [16.41156691729294, 57.84205635957399], [16.41156691734761, 57.84205636097147]]]]}}, {"type": "Feature", "properties": {"T": 0, "v": 0, "p": 0, "B": 3}, "geometry": {"type": "MultiPolygon", "coordinates": [[[[16.500092292859218, 57.904824008854206], [16.50009229460261, 57.90482405068719], [16.500092397924263, 57.90482404946695], [16.501779118461954, 57.90480411802776], [16.5017791167166, 57.90480407619481], [16.501741657196323, 57.90390621079458], [16.500054978694706, 57.90392614154366], [16.500054875375625, 57.903926142763844], [16.500092292859218, 57.904824008854206]]]]}}, {"type": "Feature", "properties": {"T": 0, "v": 0, "p": 0, "B": 37}, "geometry": {"type": "MultiPolygon", "coordinates": [[[[16.623409073828178, 57.75776926501481], [16.62344934110891, 57.75866714103191], [16.62512911315354, 57.75864560649672], [16.625088804253203, 57.75774773122337], [16.623409073828178, 57.75776926501481]]]]}}, {"type": "Feature", "properties": {"T": 0, "v": 0, "p": 0, "B": 21}, "geometry": {"type": "MultiPolygon", "coordinates": [[[[16.60880977103118, 57.76963462598154], [16.608849694579494, 57.77053250676452], [16.610530029398227, 57.770511162987134], [16.610490064196377, 57.769613282941485], [16.60880977103118, 57.76963462598154]]]]}}, {"type": "Feature", "properties": {"T": 0, "v": 0, "p": 0, "B": 7}, "geometry": {"type": "MultiPolygon", "coordinates": [[[[16.6889493949246, 57.901554734260344], [16.688991521015552, 57.90245256007558], [16.69067807875664, 57.902430120066896], [16.690635910649117, 57.90153229502856], [16.6889493949246, 57.901554734260344]]]]}}, {"type": "Feature", "properties": {"T": 0, "v": 0, "p": 0, "B": 4}, "geometry": {"type": "MultiPolygon", "coordinates": [[[[16.43556524882194, 57.894789565594124], [16.43560104714431, 57.895687503913976], [16.435601050208717, 57.895687580777], [16.435601126419336, 57.89568757991554], [16.437287355797135, 57.89566850784473], [16.43728735272913, 57.89566843098174], [16.437251512392105, 57.89477049332223], [16.437251512003833, 57.89477048359416], [16.435565324642837, 57.89478955500461], [16.43556524843412, 57.89478955586604], [16.43556524882194, 57.894789565594124]]]]}}, {"type": "Feature", "properties": {"T": 0, "v": 0, "p": 0, "B": 28}, "geometry": {"type": "MultiPolygon", "coordinates": [[[[16.64012532573437, 57.755757182575735], [16.640166004373377, 57.75665505141318], [16.641845807604383, 57.75663329399245], [16.641805087349272, 57.75573542590642], [16.64012532573437, 57.755757182575735]]]]}}, {"type": "Feature", "properties": {"T": 0, "v": 0, "p": 0, "B": 19}, "geometry": {"type": "MultiPolygon", "coordinates": [[[[16.534383211590495, 57.719349944683664], [16.536061372380995, 57.71932959770106], [16.53602332992589, 57.71843167828102], [16.53434531661378, 57.71845202327733], [16.534345210657342, 57.71845202456128], [16.534383211590495, 57.719349944683664]]]]}}, {"type": "Feature", "properties": {"T": 0, "v": 0, "p": 0, "B": 3}, "geometry": {"type": "MultiPolygon", "coordinates": [[[[16.69546902371677, 57.753231812743586], [16.697148482403588, 57.75320932498544], [16.69714848091322, 57.75320929319142], [16.697106396518613, 57.75231148168307], [16.695427014434493, 57.75233396819615], [16.695426979430348, 57.7523339686646], [16.69546902371677, 57.753231812743586]]]]}}, {"type": "Feature", "properties": {"T": 0, "v": 0, "p": 0, "B": 3}, "geometry": {"type": "MultiPolygon", "coordinates": [[[[16.677701615928285, 57.76874127769484], [16.67938194812916, 57.768719019824], [16.679381944999502, 57.76871895239298], [16.679340277734884, 57.76782117052407], [16.677659987180284, 57.76784342762606], [16.677701615928285, 57.76874127769484]]]]}}, {"type": "Feature", "properties": {"T": 0, "v": 0, "p": 0, "B": 3}, "geometry": {"type": "MultiPolygon", "coordinates": [[[[16.75795709693405, 57.82874557222179], [16.757957098416565, 57.82874560266423], [16.757957165696624, 57.828745601731804], [16.759640012346164, 57.82872226765543], [16.75964001086223, 57.82872223721299], [16.7595962497467, 57.827824464684305], [16.757913444897323, 57.82784779795386], [16.75791337761894, 57.82784779888628], [16.75795709693405, 57.82874557222179]]]]}}, {"type": "Feature", "properties": {"T": 0, "v": 0, "p": 0, "B": 10}, "geometry": {"type": "MultiPolygon", "coordinates": [[[[16.616970745367546, 57.76414032919253], [16.617010862865406, 57.765038207156174], [16.61869093588757, 57.76501675647396], [16.618650776752002, 57.76411887925127], [16.616970745367546, 57.76414032919253]]]]}}, {"type": "Feature", "properties": {"T": 0, "v": 0, "p": 0, "B": 74}, "geometry": {"type": "MultiPolygon", "coordinates": [[[[16.620250411375462, 57.76230165364635], [16.621930493241706, 57.762280158888835], [16.621890258008882, 57.76138228271256], [16.62021021777596, 57.76140377672762], [16.620250411375462, 57.76230165364635]]]]}}, {"type": "Feature", "properties": {"T": 0, "v": 0, "p": 0, "B": 3}, "geometry": {"type": "MultiPolygon", "coordinates": [[[[16.697228846439504, 57.71906854240265], [16.697228849390044, 57.71906860542682], [16.69890686242855, 57.71904610084939], [16.698906859475095, 57.719046037825244], [16.698864788487796, 57.71814825348852], [16.69718694072906, 57.71817075563014], [16.69718681695714, 57.71817075728926], [16.697228846439504, 57.71906854240265]]]]}}, {"type": "Feature", "properties": {"T": 0, "v": 0, "p": 0, "B": 30}, "geometry": {"type": "MultiPolygon", "coordinates": [[[[16.617010862865406, 57.765038207156174], [16.61705098274991, 57.765936084973944], [16.61873109741225, 57.765914633550736], [16.61869093588757, 57.76501675647396], [16.617010862865406, 57.765038207156174]]]]}}, {"type": "Feature", "properties": {"T": 0, "v": 0, "p": 0, "B": 4}, "geometry": {"type": "MultiPolygon", "coordinates": [[[[16.516375105920694, 57.73034740328577], [16.516375138543133, 57.730347402895156], [16.518053651483186, 57.7303272941696], [16.51801603894149, 57.72942936879233], [16.51633753492915, 57.729449477214246], [16.516375105920694, 57.73034740328577]]]]}}, {"type": "Feature", "properties": {"T": 0, "v": 0, "p": 0, "B": 3}, "geometry": {"type": "MultiPolygon", "coordinates": [[[[16.629175824460525, 57.77386633909097], [16.62917582678027, 57.773866390602564], [16.630856299530514, 57.77384477659951], [16.63081582485618, 57.77294690604655], [16.62913545143005, 57.77296851856163], [16.629135393767005, 57.7729685193029], [16.629175824460525, 57.77386633909097]]]]}}, {"type": "Feature", "properties": {"T": 0, "v": 0, "p": 0, "B": 16}, "geometry": {"type": "MultiPolygon", "coordinates": [[[[16.64766563052124, 57.73679289188643], [16.6493443682215, 57.73677104157919], [16.649303493406677, 57.735873174036506], [16.647624797263767, 57.73589502358937], [16.64766563052124, 57.73679289188643]]]]}}, {"type": "Feature", "properties": {"T": 0, "v": 0, "p": 0, "B": 58}, "geometry": {"type": "MultiPolygon", "coordinates": [[[[16.39864033369651, 57.89969332971734], [16.400326853819077, 57.899674746641544], [16.40029192965421, 57.89877679838273], [16.398605519413792, 57.89879538006792], [16.39860545156003, 57.89879538081511], [16.39864033369651, 57.89969332971734]]]]}}, {"type": "Feature", "properties": {"T": 0, "v": 0, "p": 0, "B": 13}, "geometry": {"type": "MultiPolygon", "coordinates": [[[[16.664383602181825, 57.77161209571486], [16.666063940525127, 57.77159001552745], [16.666063937859825, 57.77158995764848], [16.666022595910825, 57.770692160539284], [16.66434229921942, 57.7707142399639], [16.664383602181825, 57.77161209571486]]]]}}, {"type": "Feature", "properties": {"T": 0, "v": 0, "p": 0, "B": 4}, "geometry": {"type": "MultiPolygon", "coordinates": [[[[16.68397231184327, 57.72283924665491], [16.685650372482755, 57.722816918642266], [16.6856503701442, 57.7228168683543], [16.68560862067112, 57.7219190656791], [16.683930646831882, 57.721941392318826], [16.683930601547555, 57.72194139292106], [16.68397231184327, 57.72283924665491]]]]}}, {"type": "Feature", "properties": {"T": 0, "v": 0, "p": 0, "B": 9}, "geometry": {"type": "MultiPolygon", "coordinates": [[[[16.672266961315685, 57.72389273590116], [16.67226696348887, 57.723892783005276], [16.67394508294638, 57.72387060981971], [16.67390361929346, 57.72297275162489], [16.67222555254448, 57.72299492389731], [16.672225541355754, 57.72299492404507], [16.672266961315685, 57.72389273590116]]]]}}, {"type": "Feature", "properties": {"T": 0, "v": 0, "p": 0, "B": 4}, "geometry": {"type": "MultiPolygon", "coordinates": [[[[16.690762422524283, 57.904225769701725], [16.69080459818483, 57.905123594298196], [16.692491140399035, 57.90510113142498], [16.692448922718082, 57.9042033076062], [16.690762422524283, 57.904225769701725]]]]}}, {"type": "Feature", "properties": {"T": 0, "v": 0, "p": 0, "B": 3}, "geometry": {"type": "MultiPolygon", "coordinates": [[[[16.51997486527646, 57.77612142895161], [16.51997486730714, 57.7761214772815], [16.51997494444613, 57.77612147635641], [16.52165553296631, 57.77610131043625], [16.52165553093338, 57.7761012621064], [16.52161776449053, 57.77520339308923], [16.519937217644475, 57.77522355831263], [16.5199371405074, 57.7752235592377], [16.51997486527646, 57.77612142895161]]]]}}, {"type": "Feature", "properties": {"T": 0, "v": 0, "p": 0, "B": 3}, "geometry": {"type": "MultiPolygon", "coordinates": [[[[16.587437928069402, 57.78068471072119], [16.587437929352006, 57.78068473994386], [16.587437983855203, 57.78068473926125], [16.589118753238065, 57.78066367768237], [16.589079303747337, 57.77976578970859], [16.58739852154459, 57.77978685124234], [16.587437928069402, 57.78068471072119]]]]}}, {"type": "Feature", "properties": {"T": 0, "v": 0, "p": 0, "B": 19}, "geometry": {"type": "MultiPolygon", "coordinates": [[[[16.619012299013942, 57.77219985877326], [16.620692702840408, 57.77217837989116], [16.620652482928858, 57.77128050457755], [16.618972120759693, 57.77130198271763], [16.619012299013942, 57.77219985877326]]]]}}, {"type": "Feature", "properties": {"T": 0, "v": 0, "p": 0, "B": 3}, "geometry": {"type": "MultiPolygon", "coordinates": [[[[16.49500379768043, 57.86355968126152], [16.495003798043975, 57.863559690028545], [16.495003812080316, 57.86355968986323], [16.496688556231945, 57.86353983542888], [16.496688555867994, 57.863539826661864], [16.496651281503365, 57.86264192023127], [16.49496657927184, 57.86266177397863], [16.494966565235845, 57.862661774143945], [16.49500379768043, 57.86355968126152]]]]}}, {"type": "Feature", "properties": {"T": 0, "v": 0, "p": 0, "B": 25}, "geometry": {"type": "MultiPolygon", "coordinates": [[[[16.60708959596904, 57.768758065087454], [16.60712947549084, 57.769655946752636], [16.60880977103118, 57.76963462598154], [16.60876984985812, 57.768736745052884], [16.60708959596904, 57.768758065087454]]]]}}, {"type": "Feature", "properties": {"T": 0, "v": 0, "p": 0, "B": 14}, "geometry": {"type": "MultiPolygon", "coordinates": [[[[16.39213714788237, 57.90605305417355], [16.3921371495004, 57.906053096008534], [16.39382397221194, 57.9060345979972], [16.393823970591953, 57.90603455616224], [16.393789201635762, 57.90513664815688], [16.39210244938119, 57.90515514521632], [16.392102420970843, 57.90515514552768], [16.39213714788237, 57.90605305417355]]]]}}, {"type": "Feature", "properties": {"T": 0, "v": 0, "p": 0, "B": 10}, "geometry": {"type": "MultiPolygon", "coordinates": [[[[16.66229061607106, 57.762655493945154], [16.663970678985677, 57.762633441827795], [16.663929400587584, 57.761735584607955], [16.66224937930376, 57.76175763596363], [16.66229061607106, 57.762655493945154]]]]}}, {"type": "Feature", "properties": {"T": 0, "v": 0, "p": 0, "B": 3}, "geometry": {"type": "MultiPolygon", "coordinates": [[[[16.753082608900975, 57.83240668129668], [16.753082609760998, 57.83240669900328], [16.753082682218288, 57.832406698001925], [16.75476569873307, 57.83238342772405], [16.754765697872223, 57.83238341001744], [16.75472205114143, 57.83148562293021], [16.75303907643728, 57.83150889240343], [16.75303900398179, 57.831508893404745], [16.753082608900975, 57.83240668129668]]]]}}, {"type": "Feature", "properties": {"T": 0, "v": 0, "p": 0, "B": 3}, "geometry": {"type": "MultiPolygon", "coordinates": [[[[16.66073428935435, 57.765371097328014], [16.660734360498058, 57.76537109639559], [16.662414341091893, 57.765349067008565], [16.662373097259614, 57.764451215882985], [16.662373096964927, 57.764451209467616], [16.66069308686237, 57.76447323902611], [16.66073428935435, 57.765371097328014]]]]}}, {"type": "Feature", "properties": {"T": 0, "v": 0, "p": 0, "B": 46}, "geometry": {"type": "MultiPolygon", "coordinates": [[[[16.406722359486313, 57.89062063448428], [16.406757432921083, 57.891518581433715], [16.40844356443141, 57.89149989224782], [16.408408448991672, 57.89060194594538], [16.406722359486313, 57.89062063448428]]]]}}, {"type": "Feature", "properties": {"T": 0, "v": 0, "p": 0, "B": 13}, "geometry": {"type": "MultiPolygon", "coordinates": [[[[16.610769870552577, 57.77589844020152], [16.61080985240401, 57.77679631922732], [16.61249061507284, 57.77677494624934], [16.612450591547297, 57.77587706796194], [16.610769870552577, 57.77589844020152]]]]}}, {"type": "Feature", "properties": {"T": 0, "v": 0, "p": 0, "B": 3}, "geometry": {"type": "MultiPolygon", "coordinates": [[[[16.645035369147482, 57.78983259428405], [16.64503541134365, 57.789832593736485], [16.64671657042357, 57.78981076625878], [16.646675677134297, 57.78891290771723], [16.646675677014976, 57.788912905097305], [16.644994517442747, 57.78893473236829], [16.645035369147482, 57.78983259428405]]]]}}, {"type": "Feature", "properties": {"T": 0, "v": 0, "p": 0, "B": 3}, "geometry": {"type": "MultiPolygon", "coordinates": [[[[16.706915889571196, 57.71085256382451], [16.706915889661307, 57.71085256573898], [16.706916003101586, 57.71085256420944], [16.70859351418714, 57.710829934840014], [16.708593514096943, 57.710829932925535], [16.70855121384094, 57.70993209082357], [16.706873630799564, 57.70995472094157], [16.706915889571196, 57.71085256382451]]]]}}, {"type": "Feature", "properties": {"T": 0, "v": 0, "p": 0, "B": 28}, "geometry": {"type": "MultiPolygon", "coordinates": [[[[16.61325033608304, 57.756102242497576], [16.61329034887509, 57.75700012325286], [16.61497005201416, 57.75697872375558], [16.61492999760627, 57.75608084373937], [16.61325033608304, 57.756102242497576]]]]}}, {"type": "Feature", "properties": {"T": 0, "v": 0, "p": 0, "B": 11}, "geometry": {"type": "MultiPolygon", "coordinates": [[[[16.63257742719452, 57.7747210081987], [16.634257936788618, 57.7746993489017], [16.634257934605415, 57.774699300574454], [16.634217376375943, 57.773801479990674], [16.632536908444987, 57.77382313853943], [16.63257742719452, 57.7747210081987]]]]}}, {"type": "Feature", "properties": {"T": 0, "v": 0, "p": 0, "B": 3}, "geometry": {"type": "MultiPolygon", "coordinates": [[[[16.48466542783166, 57.73521493914098], [16.484665428457106, 57.73521495440481], [16.48466544760081, 57.735214954180414], [16.486344223833896, 57.73519526443021], [16.486344223207745, 57.7351952491664], [16.486307389850925, 57.73429732670893], [16.484628655183325, 57.73431701577928], [16.48462863604009, 57.73431701600369], [16.48466542783166, 57.73521493914098]]]]}}, {"type": "Feature", "properties": {"T": 0, "v": 0, "p": 0, "B": 25}, "geometry": {"type": "MultiPolygon", "coordinates": [[[[16.623771565596787, 57.76585014391302], [16.62381185846919, 57.766748108385706], [16.625492005205714, 57.766726567154855], [16.625451670687283, 57.76582860342637], [16.623771565596787, 57.76585014391302]]]]}}, {"type": "Feature", "properties": {"T": 0, "v": 0, "p": 0, "B": 4}, "geometry": {"type": "MultiPolygon", "coordinates": [[[[16.67005094286789, 57.71224265812355], [16.67172866354928, 57.71222051527802], [16.671687273398458, 57.71132265440505], [16.670009699332137, 57.711344795099684], [16.670009594208487, 57.71134479648641], [16.67005094286789, 57.71224265812355]]]]}}, {"type": "Feature", "properties": {"T": 0, "v": 0, "p": 0, "B": 93}, "geometry": {"type": "MultiPolygon", "coordinates": [[[[16.644919554357283, 57.75030460229196], [16.644919556380238, 57.75030464682364], [16.64659892259941, 57.750282829700424], [16.646558094507377, 57.7493849628475], [16.644878769882986, 57.749406779217296], [16.644919554357283, 57.75030460229196]]]]}}, {"type": "Feature", "properties": {"T": 0, "v": 0, "p": 0, "B": 7}, "geometry": {"type": "MultiPolygon", "coordinates": [[[[16.403280062585054, 57.88886204905731], [16.403315047829253, 57.88975999758104], [16.405001099516124, 57.88974135444611], [16.40496607227162, 57.888843406567766], [16.403280062585054, 57.88886204905731]]]]}}, {"type": "Feature", "properties": {"T": 0, "v": 0, "p": 0, "B": 3}, "geometry": {"type": "MultiPolygon", "coordinates": [[[[16.53777747877664, 57.72020714874016], [16.53945553819339, 57.72018675827475], [16.539417410436236, 57.71928884040578], [16.537739392540107, 57.719309230167354], [16.53777747877664, 57.72020714874016]]]]}}, {"type": "Feature", "properties": {"T": 0, "v": 0, "p": 0, "B": 39}, "geometry": {"type": "MultiPolygon", "coordinates": [[[[16.63832380362459, 57.75308530555186], [16.638364433400916, 57.75398317557892], [16.640043975713976, 57.75396144446172], [16.64000330433219, 57.75306357518518], [16.63832380362459, 57.75308530555186]]]]}}, {"type": "Feature", "properties": {"T": 0, "v": 0, "p": 0, "B": 25}, "geometry": {"type": "MultiPolygon", "coordinates": [[[[16.616930630256125, 57.76324245108306], [16.616970745367546, 57.76414032919253], [16.618650776752002, 57.76411887925127], [16.61861062000535, 57.763221001882705], [16.616930630256125, 57.76324245108306]]]]}}, {"type": "Feature", "properties": {"T": 0, "v": 0, "p": 0, "B": 17}, "geometry": {"type": "MultiPolygon", "coordinates": [[[[16.619969106378793, 57.75601651215092], [16.620009285636474, 57.756914389945194], [16.621689117739862, 57.75689289964177], [16.621648896863697, 57.75599502258971], [16.619969106378793, 57.75601651215092]]]]}}, {"type": "Feature", "properties": {"T": 0, "v": 0, "p": 0, "B": 15}, "geometry": {"type": "MultiPolygon", "coordinates": [[[[16.59748345669247, 57.77966014437432], [16.59748350086765, 57.779660143817544], [16.59916422477222, 57.779638949168636], [16.599164223339407, 57.77963891676183], [16.59912452754137, 57.77874106543208], [16.59744380114129, 57.77876225990545], [16.59748345669247, 57.77966014437432]]]]}}, {"type": "Feature", "properties": {"T": 0, "v": 0, "p": 0, "B": 9}, "geometry": {"type": "MultiPolygon", "coordinates": [[[[16.594240505552833, 57.78239612661693], [16.595921542013052, 57.782374972031164], [16.595881921068372, 57.78147708726684], [16.59420092629908, 57.78149824112165], [16.594240505552833, 57.78239612661693]]]]}}, {"type": "Feature", "properties": {"T": 0, "v": 0, "p": 0, "B": 6}, "geometry": {"type": "MultiPolygon", "coordinates": [[[[16.714459280298442, 57.90570485412456], [16.71445928168428, 57.90570488321714], [16.716145830402926, 57.905682106190845], [16.716145829015726, 57.9056820770983], [16.716103021888777, 57.9047842934895], [16.714416584610472, 57.90480706879014], [16.714416515190102, 57.90480706972721], [16.714459280298442, 57.90570485412456]]]]}}, {"type": "Feature", "properties": {"T": 0, "v": 0, "p": 0, "B": 8}, "geometry": {"type": "MultiPolygon", "coordinates": [[[[16.656346792877923, 57.74296855342529], [16.65802594782474, 57.74294658479745], [16.65798484811931, 57.74204872206584], [16.656305734749537, 57.74207068993512], [16.656346792877923, 57.74296855342529]]]]}}, {"type": "Feature", "properties": {"T": 0, "v": 0, "p": 0, "B": 9}, "geometry": {"type": "MultiPolygon", "coordinates": [[[[16.65749741643395, 57.76810876133974], [16.657497537206993, 57.768108759760004], [16.659177736545193, 57.76808677145721], [16.65917773330725, 57.76808670084138], [16.659136568341495, 57.76718891283545], [16.657456289876492, 57.76721090195836], [16.65749741643395, 57.76810876133974]]]]}}, {"type": "Feature", "properties": {"T": 0, "v": 0, "p": 0, "B": 9}, "geometry": {"type": "MultiPolygon", "coordinates": [[[[16.63454192726846, 57.780984427184805], [16.634541979780927, 57.7809844265076], [16.636222726159048, 57.78096274037086], [16.636222724981074, 57.78096271433306], [16.636182107166913, 57.78006487323262], [16.634501349956608, 57.780086559297274], [16.63454192726846, 57.780984427184805]]]]}}, {"type": "Feature", "properties": {"T": 0, "v": 0, "p": 0, "B": 13}, "geometry": {"type": "MultiPolygon", "coordinates": [[[[16.610649939272097, 57.773204802249964], [16.610689913986814, 57.77410268171285], [16.612370551640755, 57.774081310949995], [16.61233053525936, 57.773183432225444], [16.610649939272097, 57.773204802249964]]]]}}, {"type": "Feature", "properties": {"T": 0, "v": 0, "p": 0, "B": 40}, "geometry": {"type": "MultiPolygon", "coordinates": [[[[16.633568733804733, 57.75943546776056], [16.633609255627153, 57.76033333901101], [16.635289096493477, 57.76031166942169], [16.635248533047694, 57.75941379891969], [16.633568733804733, 57.75943546776056]]]]}}, {"type": "Feature", "properties": {"T": 0, "v": 0, "p": 0, "B": 17}, "geometry": {"type": "MultiPolygon", "coordinates": [[[[16.644226511152166, 57.735040778930845], [16.644226511555797, 57.7350407878251], [16.645905170995373, 57.735018983504915], [16.645864384148183, 57.73412111416109], [16.64418585281391, 57.734142916604846], [16.644185766261423, 57.7341429177285], [16.644226511152166, 57.735040778930845]]]]}}, {"type": "Feature", "properties": {"T": 0, "v": 0, "p": 0, "B": 3}, "geometry": {"type": "MultiPolygon", "coordinates": [[[[16.641764369515908, 57.754837557674016], [16.641805087349272, 57.75573542590642], [16.643484708039665, 57.755713648773984], [16.6434439485963, 57.75481578129369], [16.641764369515908, 57.754837557674016]]]]}}, {"type": "Feature", "properties": {"T": 0, "v": 0, "p": 0, "B": 25}, "geometry": {"type": "MultiPolygon", "coordinates": [[[[16.62688972956225, 57.76041979654321], [16.62693008728631, 57.76131767063377], [16.628609979405706, 57.76129608934246], [16.628569580055025, 57.760398215997334], [16.62688972956225, 57.76041979654321]]]]}}, {"type": "Feature", "properties": {"T": 0, "v": 0, "p": 0, "B": 15}, "geometry": {"type": "MultiPolygon", "coordinates": [[[[16.65167810047482, 57.751115107458986], [16.653357637048156, 57.75109319876513], [16.65335763516016, 57.751093157417806], [16.653316640134324, 57.75019533508034], [16.651637145160866, 57.75021724301761], [16.65167810047482, 57.751115107458986]]]]}}, {"type": "Feature", "properties": {"T": 0, "v": 0, "p": 0, "B": 51}, "geometry": {"type": "MultiPolygon", "coordinates": [[[[16.647252502410222, 57.76464867942073], [16.648932670587044, 57.764626826171394], [16.6488917619861, 57.76372896241757], [16.64721176652738, 57.76375081320804], [16.64721163544683, 57.76375081491208], [16.647252502410222, 57.76464867942073]]]]}}, {"type": "Feature", "properties": {"T": 0, "v": 0, "p": 0, "B": 3}, "geometry": {"type": "MultiPolygon", "coordinates": [[[[16.713117162909473, 57.69998776264521], [16.713117164804107, 57.69998780276901], [16.714794143337187, 57.69996509427575], [16.714794141440706, 57.69996505415198], [16.714751707321927, 57.699067251613094], [16.71307478458664, 57.69908995912866], [16.713074770239537, 57.69908995932284], [16.713117162909473, 57.69998776264521]]]]}}, {"type": "Feature", "properties": {"T": 0, "v": 0, "p": 0, "B": 3}, "geometry": {"type": "MultiPolygon", "coordinates": [[[[16.49808125917243, 57.81591025007377], [16.49811850204392, 57.81680816933528], [16.498118510893413, 57.816808169230754], [16.49980107701852, 57.816788283474835], [16.499763792356816, 57.81589036490088], [16.49976379227341, 57.81589036289213], [16.498081267938392, 57.81591024796049], [16.498081259089115, 57.81591024806502], [16.49808125917243, 57.81591025007377]]]]}}, {"type": "Feature", "properties": {"T": 0, "v": 0, "p": 0, "B": 3}, "geometry": {"type": "MultiPolygon", "coordinates": [[[[16.69607590284763, 57.90954524576592], [16.69776264762915, 57.90952271184101], [16.69776264685747, 57.90952269548431], [16.697720291242103, 57.90862489109733], [16.69603358849289, 57.908647424242034], [16.69607590284763, 57.90954524576592]]]]}}, {"type": "Feature", "properties": {"T": 0, "v": 0, "p": 0, "B": 3}, "geometry": {"type": "MultiPolygon", "coordinates": [[[[16.667893547166667, 57.73832493489224], [16.667934886307517, 57.73922278980222], [16.667934902658438, 57.7392227895869], [16.669613719366453, 57.73920067032486], [16.66957233866345, 57.738302816178575], [16.669572338486358, 57.738302812336066], [16.66789356334027, 57.73832493083439], [16.667893546989752, 57.73832493104971], [16.667893547166667, 57.73832493489224]]]]}}, {"type": "Feature", "properties": {"T": 0, "v": 0, "p": 0, "B": 4}, "geometry": {"type": "MultiPolygon", "coordinates": [[[[16.608091549152288, 57.7534726572086], [16.609771092972675, 57.753451327434306], [16.60973117291429, 57.752553444620276], [16.60805167070045, 57.75257477365794], [16.608091549152288, 57.7534726572086]]]]}}, {"type": "Feature", "properties": {"T": 0, "v": 0, "p": 0, "B": 7}, "geometry": {"type": "MultiPolygon", "coordinates": [[[[16.652415713532104, 57.76727665829815], [16.65241571690216, 57.76727673209841], [16.652415842833932, 57.76727673045625], [16.654096002700044, 57.76725480977958], [16.654095999326568, 57.76725473597938], [16.654054961870475, 57.76635694873478], [16.652374717716963, 57.76637887029636], [16.652415713532104, 57.76727665829815]]]]}}, {"type": "Feature", "properties": {"T": 0, "v": 0, "p": 0, "B": 7}, "geometry": {"type": "MultiPolygon", "coordinates": [[[[16.40489602405415, 57.88704751038711], [16.40658208667972, 57.88702884527302], [16.406547023710324, 57.88613089761681], [16.404861003080836, 57.886149562084775], [16.40489602405415, 57.88704751038711]]]]}}, {"type": "Feature", "properties": {"T": 0, "v": 0, "p": 0, "B": 13}, "geometry": {"type": "MultiPolygon", "coordinates": [[[[16.626056882584923, 57.77929675484232], [16.626056884041805, 57.77929678724869], [16.627737750215967, 57.779275211539925], [16.627697344440183, 57.77837734037069], [16.626016627256302, 57.77839891395729], [16.626016519945775, 57.778398915334016], [16.626056882584923, 57.77929675484232]]]]}}, {"type": "Feature", "properties": {"T": 0, "v": 0, "p": 0, "B": 3}, "geometry": {"type": "MultiPolygon", "coordinates": [[[[16.53884459659069, 57.78487748899012], [16.538844597292222, 57.784877505476096], [16.538844609307507, 57.784877505330236], [16.54052565496765, 57.784857086527026], [16.54052565426535, 57.784857070041056], [16.54048740529667, 57.78395917833734], [16.538806401334995, 57.78397959643497], [16.538806389320012, 57.78397959658083], [16.53884459659069, 57.78487748899012]]]]}}, {"type": "Feature", "properties": {"T": 0, "v": 0, "p": 0, "B": 3}, "geometry": {"type": "MultiPolygon", "coordinates": [[[[16.667330520390863, 57.76258927444368], [16.66733063082391, 57.76258927299048], [16.669010575931104, 57.76256715553497], [16.668969172648715, 57.761669300604645], [16.667289269168965, 57.76169141729624], [16.66728915873865, 57.76169141874938], [16.667330520390863, 57.76258927444368]]]]}}, {"type": "Feature", "properties": {"T": 0, "v": 0, "p": 0, "B": 3}, "geometry": {"type": "MultiPolygon", "coordinates": [[[[16.439798630520855, 57.78963460016743], [16.439798630670133, 57.78963460391621], [16.439798651833602, 57.789634603675836], [16.441479985146348, 57.7896154972189], [16.44144418755987, 57.78871754928432], [16.439762895966027, 57.78873665508097], [16.439762874803083, 57.788736655321316], [16.439798630520855, 57.78963460016743]]]]}}, {"type": "Feature", "properties": {"T": 0, "v": 0, "p": 0, "B": 3}, "geometry": {"type": "MultiPolygon", "coordinates": [[[[16.660486997429775, 57.906421947653], [16.660487029399956, 57.90642194723505], [16.662173626612127, 57.90639988693463], [16.6621736252685, 57.90639985784125], [16.66213216287561, 57.90550204938171], [16.660445607689287, 57.90552410891832], [16.66044557571991, 57.905524109336255], [16.660486997429775, 57.906421947653]]]]}}, {"type": "Feature", "properties": {"T": 0, "v": 0, "p": 0, "B": 32}, "geometry": {"type": "MultiPolygon", "coordinates": [[[[16.649835059677482, 57.74754553042546], [16.649875966096705, 57.748443396062385], [16.651555241838853, 57.74842151369496], [16.651514293830395, 57.74752364881369], [16.649835059677482, 57.74754553042546]]]]}}, {"type": "Feature", "properties": {"T": 0, "v": 0, "p": 0, "B": 14}, "geometry": {"type": "MultiPolygon", "coordinates": [[[[16.405211306894863, 57.895129038748536], [16.405246352281814, 57.8960270754144], [16.406932835010156, 57.89600840383732], [16.406897747597874, 57.89511036781794], [16.405211306894863, 57.895129038748536]]]]}}, {"type": "Feature", "properties": {"T": 0, "v": 0, "p": 0, "B": 3}, "geometry": {"type": "MultiPolygon", "coordinates": [[[[16.399698532990715, 57.88351153492894], [16.39969853422118, 57.88351156659912], [16.39969864665634, 57.883511565359704], [16.40138443513893, 57.883492971193434], [16.401384433906983, 57.883492939523286], [16.40134950649051, 57.88259502103626], [16.399663759991707, 57.88261361455891], [16.39966364755935, 57.882613615798284], [16.399698532990715, 57.88351153492894]]]]}}, {"type": "Feature", "properties": {"T": 0, "v": 0, "p": 0, "B": 3}, "geometry": {"type": "MultiPolygon", "coordinates": [[[[16.776994509774696, 57.9075405343876], [16.77699451073953, 57.90754055392752], [16.776994562623226, 57.90754055320163], [16.778681089275246, 57.90751694630714], [16.778681088309494, 57.90751692676726], [16.77863671818525, 57.90661916377652], [16.77695023355144, 57.9066427698537], [16.776950181669033, 57.90664277057955], [16.776994509774696, 57.9075405343876]]]]}}, {"type": "Feature", "properties": {"T": 0, "v": 0, "p": 0, "B": 25}, "geometry": {"type": "MultiPolygon", "coordinates": [[[[16.61233053525936, 57.773183432225444], [16.612370551640755, 57.774081310949995], [16.614051048338517, 57.77405991967564], [16.614010990294076, 57.77316204169011], [16.61233053525936, 57.773183432225444]]]]}}, {"type": "Feature", "properties": {"T": 0, "v": 0, "p": 0, "B": 3}, "geometry": {"type": "MultiPolygon", "coordinates": [[[[16.716402734692252, 57.91106896930495], [16.7164027351687, 57.91106897929351], [16.716402849238712, 57.91106897775214], [16.71808967259706, 57.911046173265945], [16.718089672120147, 57.91104616327741], [16.7180468067062, 57.9101483622415], [16.716360025383267, 57.9101711659381], [16.716359911316093, 57.91017116747942], [16.716402734692252, 57.91106896930495]]]]}}, {"type": "Feature", "properties": {"T": 0, "v": 0, "p": 0, "B": 37}, "geometry": {"type": "MultiPolygon", "coordinates": [[[[16.636887865737865, 57.75849423613077], [16.636928468395112, 57.75939210602978], [16.638608262810315, 57.7593703926682], [16.63856761853258, 57.75847252351916], [16.636887865737865, 57.75849423613077]]]]}}, {"type": "Feature", "properties": {"T": 0, "v": 0, "p": 0, "B": 13}, "geometry": {"type": "MultiPolygon", "coordinates": [[[[16.612370551640755, 57.774081310949995], [16.612410570403338, 57.77497918952885], [16.61409110876662, 57.774957797515434], [16.614051048338517, 57.77405991967564], [16.612370551640755, 57.774081310949995]]]]}}, {"type": "Feature", "properties": {"T": 0, "v": 0, "p": 0, "B": 148}, "geometry": {"type": "MultiPolygon", "coordinates": [[[[16.63816130867931, 57.74949382398037], [16.638201928792025, 57.75039169459275], [16.639881304698072, 57.75036996647733], [16.639840642989782, 57.749472096615285], [16.63816130867931, 57.74949382398037]]]]}}, {"type": "Feature", "properties": {"T": 0, "v": 0, "p": 0, "B": 107}, "geometry": {"type": "MultiPolygon", "coordinates": [[[[16.651391464412786, 57.744830053290066], [16.65143240511756, 57.74572791861123], [16.653111692128697, 57.74570601445633], [16.653070709838865, 57.74480814989151], [16.651391464412786, 57.744830053290066]]]]}}, {"type": "Feature", "properties": {"T": 0, "v": 0, "p": 0, "B": 17}, "geometry": {"type": "MultiPolygon", "coordinates": [[[[16.60969125522991, 57.75165556166055], [16.60973117291429, 57.752553444620276], [16.611410811246756, 57.75253209156675], [16.61137085195506, 57.75163420934446], [16.60969125522991, 57.75165556166055]]]]}}, {"type": "Feature", "properties": {"T": 0, "v": 0, "p": 0, "B": 3}, "geometry": {"type": "MultiPolygon", "coordinates": [[[[16.71618864147295, 57.90657991874429], [16.716188755528755, 57.90657991720319], [16.7178753687351, 57.906557116664665], [16.717875367498436, 57.90655709075616], [16.71783251563935, 57.90565930490069], [16.716145944455885, 57.90568210464979], [16.716145830402926, 57.905682106190845], [16.71618864147295, 57.90657991874429]]]]}}, {"type": "Feature", "properties": {"T": 0, "v": 0, "p": 0, "B": 3}, "geometry": {"type": "MultiPolygon", "coordinates": [[[[16.427361022768107, 57.85804993126941], [16.427361023997452, 57.858049962327996], [16.429045575626226, 57.8580310065013], [16.429045574395428, 57.85803097544275], [16.42900999276075, 57.857133063433146], [16.427325519769123, 57.857152018190966], [16.427325483042146, 57.85715201860399], [16.427361022768107, 57.85804993126941]]]]}}, {"type": "Feature", "properties": {"T": 0, "v": 0, "p": 0, "B": 5}, "geometry": {"type": "MultiPolygon", "coordinates": [[[[16.4172631891959, 57.90128350382188], [16.417263191469647, 57.901283561578744], [16.418949772578703, 57.90126473094549], [16.418949770302252, 57.90126467318867], [16.41891438187362, 57.90036679009874], [16.417227842796045, 57.90038562007998], [16.4172631891959, 57.90128350382188]]]]}}, {"type": "Feature", "properties": {"T": 0, "v": 0, "p": 0, "B": 3}, "geometry": {"type": "MultiPolygon", "coordinates": [[[[16.440696023045085, 57.89652815258867], [16.440696025993056, 57.896528226267115], [16.440696097025054, 57.89652822546137], [16.44238236717185, 57.896509085524734], [16.44238236422043, 57.89650901184634], [16.442346398768734, 57.89561115317737], [16.440660099606422, 57.89563029325708], [16.440696023045085, 57.89652815258867]]]]}}, {"type": "Feature", "properties": {"T": 0, "v": 0, "p": 0, "B": 44}, "geometry": {"type": "MultiPolygon", "coordinates": [[[[16.633325653477065, 57.754048237187334], [16.633325705950497, 57.754048236510826], [16.635005203031785, 57.75402657283638], [16.634964656470405, 57.75312870131059], [16.63328514852174, 57.75315036491335], [16.633325653477065, 57.754048237187334]]]]}}, {"type": "Feature", "properties": {"T": 0, "v": 0, "p": 0, "B": 3}, "geometry": {"type": "MultiPolygon", "coordinates": [[[[16.72401976860785, 57.89389628579963], [16.724019771982594, 57.89389635628404], [16.724019831023305, 57.893896355482475], [16.72570575928098, 57.893873455266665], [16.72570575590294, 57.8938733847823], [16.725662732046988, 57.89297564538772], [16.723976845773986, 57.89299854481084], [16.723976786734745, 57.89299854561237], [16.72401976860785, 57.89389628579963]]]]}}, {"type": "Feature", "properties": {"T": 0, "v": 0, "p": 0, "B": 69}, "geometry": {"type": "MultiPolygon", "coordinates": [[[[16.640166004373377, 57.75665505141318], [16.640206685431856, 57.75755292010425], [16.64188653028144, 57.757531161932064], [16.641845807604383, 57.75663329399245], [16.640166004373377, 57.75665505141318]]]]}}, {"type": "Feature", "properties": {"T": 0, "v": 0, "p": 0, "B": 11}, "geometry": {"type": "MultiPolygon", "coordinates": [[[[16.41023517877165, 57.894175016798386], [16.41023528087968, 57.894175015664544], [16.411921571165767, 57.89415627936273], [16.411886365540997, 57.89325833814024], [16.4118863654093, 57.89325833478102], [16.41020001503078, 57.89327707156797], [16.41023517877165, 57.894175016798386]]]]}}, {"type": "Feature", "properties": {"T": 0, "v": 0, "p": 0, "B": 35}, "geometry": {"type": "MultiPolygon", "coordinates": [[[[16.643484708039665, 57.755713648773984], [16.64352546990725, 57.756611516107874], [16.64520512978582, 57.75658971596648], [16.64516432630596, 57.75569184938551], [16.643484708039665, 57.755713648773984]]]]}}, {"type": "Feature", "properties": {"T": 0, "v": 0, "p": 0, "B": 14}, "geometry": {"type": "MultiPolygon", "coordinates": [[[[16.594359257449064, 57.78508978223076], [16.596040418996935, 57.78506862545193], [16.59600079097714, 57.784170741123724], [16.594319671127632, 57.78419189717146], [16.594359257449064, 57.78508978223076]]]]}}, {"type": "Feature", "properties": {"T": 0, "v": 0, "p": 0, "B": 31}, "geometry": {"type": "MultiPolygon", "coordinates": [[[[16.6072491282937, 57.77234959087445], [16.60728901730778, 57.773247471957134], [16.608969479477903, 57.77322614823957], [16.608929548802656, 57.772328267893556], [16.6072491282937, 57.77234959087445]]]]}}, {"type": "Feature", "properties": {"T": 0, "v": 0, "p": 0, "B": 3}, "geometry": {"type": "MultiPolygon", "coordinates": [[[[16.48876099059411, 57.7531343113813], [16.488760992294328, 57.753134352731884], [16.488761100342973, 57.753134351462215], [16.49044075362669, 57.75311460300786], [16.490440751924556, 57.75311456165731], [16.490403792580484, 57.75221666951304], [16.48872418091252, 57.75223641728533], [16.488724072866553, 57.75223641855495], [16.48876099059411, 57.7531343113813]]]]}}, {"type": "Feature", "properties": {"T": 0, "v": 0, "p": 0, "B": 59}, "geometry": {"type": "MultiPolygon", "coordinates": [[[[16.592480532565705, 57.78062148458111], [16.592520067778747, 57.781519370951806], [16.59420092629908, 57.78149824112165], [16.59416134940083, 57.780600355481056], [16.592480532565705, 57.78062148458111]]]]}}, {"type": "Feature", "properties": {"T": 0, "v": 0, "p": 0, "B": 3}, "geometry": {"type": "MultiPolygon", "coordinates": [[[[16.506793720411533, 57.82299396350322], [16.506793723010798, 57.822994025793214], [16.506793815758897, 57.82299402469143], [16.50847671673563, 57.82297402189627], [16.50847671822369, 57.82297402187857], [16.508476715621526, 57.822973959588616], [16.50843920888333, 57.82207610574947], [16.506756255480685, 57.82209610897244], [16.506793720411533, 57.82299396350322]]]]}}, {"type": "Feature", "properties": {"T": 0, "v": 0, "p": 0, "B": 3}, "geometry": {"type": "MultiPolygon", "coordinates": [[[[16.670092293983767, 57.71314051961359], [16.670092399112622, 57.71314051822675], [16.671770056159044, 57.71311837600386], [16.671728663607812, 57.712220516547674], [16.67172866354928, 57.71222051527802], [16.67005094286789, 57.71224265812355], [16.670092293983767, 57.71314051961359]]]]}}, {"type": "Feature", "properties": {"T": 0, "v": 0, "p": 0, "B": 3}, "geometry": {"type": "MultiPolygon", "coordinates": [[[[16.469009706732972, 57.72192192275276], [16.469009709287143, 57.721921985783865], [16.469009743889536, 57.72192198538245], [16.470687901005718, 57.7219025060929], [16.470687898448634, 57.721902443061865], [16.47065147362472, 57.721004560137594], [16.46897335803825, 57.72102403875471], [16.468973323436717, 57.72102403915613], [16.469009706732972, 57.72192192275276]]]]}}, {"type": "Feature", "properties": {"T": 0, "v": 0, "p": 0, "B": 3}, "geometry": {"type": "MultiPolygon", "coordinates": [[[[16.677269913329848, 57.904404666203355], [16.678956433596262, 57.9043823831745], [16.678956431942133, 57.904382347713245], [16.67891455459516, 57.90348455300847], [16.677228137402864, 57.9035068344596], [16.67722807634831, 57.90350683526585], [16.677269913329848, 57.904404666203355]]]]}}, {"type": "Feature", "properties": {"T": 0, "v": 0, "p": 0, "B": 3}, "geometry": {"type": "MultiPolygon", "coordinates": [[[[16.703612952193094, 57.74773205532212], [16.70361295458759, 57.7477321062207], [16.70529228965511, 57.74770951001755], [16.705292287258256, 57.74770945911903], [16.705250010860617, 57.74681166972269], [16.70357083609051, 57.746834263549054], [16.70357071737923, 57.746834265145566], [16.703612952193094, 57.74773205532212]]]]}}, {"type": "Feature", "properties": {"T": 0, "v": 0, "p": 0, "B": 15}, "geometry": {"type": "MultiPolygon", "coordinates": [[[[16.58176705748413, 57.76638143352035], [16.583447221749555, 57.76636044970063], [16.583407935014527, 57.76546256363963], [16.58340793473382, 57.765462557223984], [16.581727871754254, 57.765483539574404], [16.58172781211267, 57.76548354031887], [16.58176705748413, 57.76638143352035]]]]}}, {"type": "Feature", "properties": {"T": 0, "v": 0, "p": 0, "B": 7}, "geometry": {"type": "MultiPolygon", "coordinates": [[[[16.63593844178381, 57.77467761900488], [16.635938443969255, 57.77467766733208], [16.63761908730934, 57.774655961699324], [16.637578443567538, 57.77375809428722], [16.635897938865604, 57.77377979791839], [16.635897841893637, 57.77377979917013], [16.63593844178381, 57.77467761900488]]]]}}, {"type": "Feature", "properties": {"T": 0, "v": 0, "p": 0, "B": 6}, "geometry": {"type": "MultiPolygon", "coordinates": [[[[16.411815960200563, 57.89146244519322], [16.413502085415185, 57.891443688868534], [16.41350208529706, 57.89144368585884], [16.41346684395813, 57.890545744511805], [16.411780768428823, 57.89056450010177], [16.411780760747952, 57.890564500187175], [16.411815960200563, 57.89146244519322]]]]}}, {"type": "Feature", "properties": {"T": 0, "v": 0, "p": 0, "B": 25}, "geometry": {"type": "MultiPolygon", "coordinates": [[[[16.406862665787674, 57.89421242143393], [16.406897747597874, 57.89511036781794], [16.408584047153113, 57.895091676043734], [16.408548923327928, 57.89419373030683], [16.406862665787674, 57.89421242143393]]]]}}, {"type": "Feature", "properties": {"T": 0, "v": 0, "p": 0, "B": 18}, "geometry": {"type": "MultiPolygon", "coordinates": [[[[16.595961165315906, 57.78327285665012], [16.59600079097714, 57.784170741123724], [16.597681769853324, 57.78414956453763], [16.597642102499844, 57.78325168079578], [16.595961165315906, 57.78327285665012]]]]}}, {"type": "Feature", "properties": {"T": 0, "v": 0, "p": 0, "B": 3}, "geometry": {"type": "MultiPolygon", "coordinates": [[[[16.70079534937392, 57.72351280660387], [16.70079542360215, 57.723512805606845], [16.70247342660855, 57.7234902555434], [16.70247342439616, 57.72349020844003], [16.702431257133046, 57.722592410477304], [16.700753295641135, 57.72261495976237], [16.70075322141474, 57.72261496075935], [16.70079534937392, 57.72351280660387]]]]}}, {"type": "Feature", "properties": {"T": 0, "v": 0, "p": 0, "B": 3}, "geometry": {"type": "MultiPolygon", "coordinates": [[[[16.692446569754946, 57.724523037859015], [16.692446571805718, 57.724523081778514], [16.692446700754633, 57.724523080055015], [16.69412484143233, 57.72450063923067], [16.694124839379526, 57.72450059531122], [16.694082877050327, 57.72360279042781], [16.692404777892683, 57.72362523047754], [16.692404648946955, 57.723625232200995], [16.692446569754946, 57.724523037859015]]]]}}, {"type": "Feature", "properties": {"T": 0, "v": 0, "p": 0, "B": 3}, "geometry": {"type": "MultiPolygon", "coordinates": [[[[16.703866429090553, 57.75311911777352], [16.703866430586814, 57.75311914956745], [16.705546015222986, 57.75309654868194], [16.705503721341476, 57.75219870927415], [16.70382429703518, 57.75222130778233], [16.703824178306256, 57.75222130937918], [16.703866429090553, 57.75311911777352]]]]}}, {"type": "Feature", "properties": {"T": 0, "v": 0, "p": 0, "B": 18}, "geometry": {"type": "MultiPolygon", "coordinates": [[[[16.615611250688477, 57.77134487395395], [16.615651345624087, 57.77224275149135], [16.61733189279689, 57.772221315384485], [16.617291756200146, 57.77132343858762], [16.615611250688477, 57.77134487395395]]]]}}, {"type": "Feature", "properties": {"T": 0, "v": 0, "p": 0, "B": 3}, "geometry": {"type": "MultiPolygon", "coordinates": [[[[16.70227140962728, 57.75493738240323], [16.70227141082281, 57.754937407828976], [16.702271485115386, 57.75493740683074], [16.703950942686415, 57.75491482950056], [16.703950941489705, 57.75491480407483], [16.70390868538013, 57.7540169896079], [16.702229269409933, 57.75403956615839], [16.702229195119195, 57.75403956715659], [16.70227140962728, 57.75493738240323]]]]}}, {"type": "Feature", "properties": {"T": 0, "v": 0, "p": 0, "B": 14}, "geometry": {"type": "MultiPolygon", "coordinates": [[[[16.645776634434192, 57.76915985505619], [16.645776637501292, 57.769159922488335], [16.645776724137434, 57.76915992136317], [16.647456877785874, 57.769138089534735], [16.647415998664407, 57.76824022575864], [16.64573580002652, 57.768262057958054], [16.645776634434192, 57.76915985505619]]]]}}, {"type": "Feature", "properties": {"T": 0, "v": 0, "p": 0, "B": 3}, "geometry": {"type": "MultiPolygon", "coordinates": [[[[16.53452124085358, 57.84152729333418], [16.53455942712557, 57.84242519124682], [16.53455953861795, 57.842425189898414], [16.536243306668386, 57.84240481472407], [16.536205078534564, 57.84150691751623], [16.5362050783395, 57.84150691293451], [16.534521352148335, 57.84152728740408], [16.53452124065873, 57.84152728875245], [16.53452124085358, 57.84152729333418]]]]}}, {"type": "Feature", "properties": {"T": 0, "v": 0, "p": 0, "B": 5}, "geometry": {"type": "MultiPolygon", "coordinates": [[[[16.67408914192763, 57.690627426581905], [16.67408914539407, 57.69062750173255], [16.675765863590215, 57.690605310610486], [16.675765860120308, 57.6906052354599], [16.6757625451959, 57.69053344125854], [16.674085930229257, 57.69055563099764], [16.674085830316255, 57.6905556323193], [16.67408914192763, 57.690627426581905]]]]}}, {"type": "Feature", "properties": {"T": 0, "v": 0, "p": 0, "B": 33}, "geometry": {"type": "MultiPolygon", "coordinates": [[[[16.649712355012767, 57.74485193263515], [16.649753254135714, 57.74574979871186], [16.65143240511756, 57.74572791861123], [16.651391464412786, 57.744830053290066], [16.649712355012767, 57.74485193263515]]]]}}, {"type": "Feature", "properties": {"T": 0, "v": 0, "p": 0, "B": 17}, "geometry": {"type": "MultiPolygon", "coordinates": [[[[16.598291427132548, 57.75988538359666], [16.599971414990524, 57.759864180483454], [16.599971414429604, 57.759864167793474], [16.599931728058138, 57.758966294279475], [16.598251781828623, 57.75898749666034], [16.598291427132548, 57.75988538359666]]]]}}, {"type": "Feature", "properties": {"T": 0, "v": 0, "p": 0, "B": 7}, "geometry": {"type": "MultiPolygon", "coordinates": [[[[16.6393122567037, 57.73779968597816], [16.639352886965145, 57.7386975570847], [16.639352978685878, 57.73869755589754], [16.641031856049157, 57.738675814715315], [16.641031858339282, 57.738675814685635], [16.640991186481337, 57.737777943671425], [16.640991184191268, 57.73777794370109], [16.639312348392373, 57.73779968413265], [16.63931225667391, 57.737799685319786], [16.6393122567037, 57.73779968597816]]]]}}, {"type": "Feature", "properties": {"T": 0, "v": 0, "p": 0, "B": 18}, "geometry": {"type": "MultiPolygon", "coordinates": [[[[16.61213048906326, 57.76869403641655], [16.613810735819882, 57.768672649575734], [16.613770692073274, 57.76777477071553], [16.612090486964842, 57.76779615681756], [16.61213048906326, 57.76869403641655]]]]}}, {"type": "Feature", "properties": {"T": 0, "v": 0, "p": 0, "B": 10}, "geometry": {"type": "MultiPolygon", "coordinates": [[[[16.604087193716232, 57.77688158308927], [16.60412701124898, 57.777779464915305], [16.605807686508616, 57.77775818206766], [16.60576782730194, 57.77686030097694], [16.604087193716232, 57.77688158308927]]]]}}, {"type": "Feature", "properties": {"T": 0, "v": 0, "p": 0, "B": 3}, "geometry": {"type": "MultiPolygon", "coordinates": [[[[16.413211867843774, 57.79801893727545], [16.413211870379893, 57.79801900214144], [16.41321187287492, 57.79801900211364], [16.414893634232474, 57.79800024627643], [16.414893631693342, 57.798000181410494], [16.414858485365407, 57.79710228914396], [16.41317676325738, 57.79712104436069], [16.413211867843774, 57.79801893727545]]]]}}, {"type": "Feature", "properties": {"T": 0, "v": 0, "p": 0, "B": 9}, "geometry": {"type": "MultiPolygon", "coordinates": [[[[16.589443359928268, 57.71148352327396], [16.589443360151748, 57.71148352837286], [16.589443409397457, 57.71148352775459], [16.591120974638123, 57.711462455380705], [16.591120974414412, 57.7114624502818], [16.59108158087188, 57.71056455840293], [16.58940405712256, 57.710585630049586], [16.58940400787807, 57.71058563066783], [16.589443359928268, 57.71148352327396]]]]}}, {"type": "Feature", "properties": {"T": 0, "v": 0, "p": 0, "B": 21}, "geometry": {"type": "MultiPolygon", "coordinates": [[[[16.403770047345322, 57.901433347552306], [16.403770049597433, 57.90143340530948], [16.40545664752044, 57.90141475378154], [16.40542159308252, 57.900516807740296], [16.403735037192384, 57.900535458622436], [16.403770047345322, 57.901433347552306]]]]}}, {"type": "Feature", "properties": {"T": 0, "v": 0, "p": 0, "B": 17}, "geometry": {"type": "MultiPolygon", "coordinates": [[[[16.408548923327928, 57.89419373030683], [16.41023517877165, 57.894175016798386], [16.41020001503078, 57.89327707156797], [16.408513801599366, 57.89329578442853], [16.408548923327928, 57.89419373030683]]]]}}, {"type": "Feature", "properties": {"T": 0, "v": 0, "p": 0, "B": 6}, "geometry": {"type": "MultiPolygon", "coordinates": [[[[16.51633753492915, 57.729449477214246], [16.51801603894149, 57.72942936879233], [16.51797842863533, 57.72853144327125], [16.516299966170678, 57.728551550998965], [16.51633753492915, 57.729449477214246]]]]}}, {"type": "Feature", "properties": {"T": 0, "v": 0, "p": 0, "B": 22}, "geometry": {"type": "MultiPolygon", "coordinates": [[[[16.633244644253725, 57.752252454329664], [16.63324464597521, 57.75225249249315], [16.634924112320288, 57.752230829638535], [16.63488357058123, 57.751332957820246], [16.63320414583727, 57.75135461992675], [16.633244644253725, 57.752252454329664]]]]}}, {"type": "Feature", "properties": {"T": 0, "v": 0, "p": 0, "B": 22}, "geometry": {"type": "MultiPolygon", "coordinates": [[[[16.63680666666228, 57.756698473651525], [16.63680666766796, 57.756698495893886], [16.638486337229114, 57.75667678478205], [16.63844570020298, 57.75577891519401], [16.636766072254893, 57.755800625556], [16.63680666666228, 57.756698473651525]]]]}}, {"type": "Feature", "properties": {"T": 0, "v": 0, "p": 0, "B": 3}, "geometry": {"type": "MultiPolygon", "coordinates": [[[[16.57614139359216, 57.791606278379064], [16.576180540022683, 57.79250417345353], [16.576180543405915, 57.79250425105189], [16.57618056376289, 57.79250425079879], [16.57786192578774, 57.792483335354746], [16.5778619224009, 57.792483257756466], [16.57782273425334, 57.79158536340481], [16.577822733861048, 57.79158535441622], [16.576141393200288, 57.79160626939047], [16.57614139359216, 57.791606278379064]]]]}}, {"type": "Feature", "properties": {"T": 0, "v": 0, "p": 0, "B": 3}, "geometry": {"type": "MultiPolygon", "coordinates": [[[[16.47339177485459, 57.82967486343143], [16.473391776487137, 57.82967490343139], [16.47339181119266, 57.8296749030283], [16.47507496984875, 57.829655342806], [16.475074968214347, 57.829655302806046], [16.475038281403464, 57.82875741398994], [16.47335516457439, 57.82877697353583], [16.473355129869727, 57.82877697393889], [16.47339177485459, 57.82967486343143]]]]}}, {"type": "Feature", "properties": {"T": 0, "v": 0, "p": 0, "B": 3}, "geometry": {"type": "MultiPolygon", "coordinates": [[[[16.646068342631654, 57.73861045941495], [16.647747304318635, 57.738588628040915], [16.647706466236073, 57.737690760695344], [16.647706466206127, 57.73769076003696], [16.646027546085058, 57.73771259065722], [16.646068342631654, 57.73861045941495]]]]}}, {"type": "Feature", "properties": {"T": 0, "v": 0, "p": 0, "B": 4}, "geometry": {"type": "MultiPolygon", "coordinates": [[[[16.481328903257335, 57.81790374356515], [16.481365732803695, 57.81880167456715], [16.48136573601177, 57.81880175277994], [16.48136585459508, 57.81880175139496], [16.483048555412058, 57.81878208707182], [16.483048552200344, 57.818782008859074], [16.483011680853274, 57.81788407853701], [16.483011680509282, 57.817884070159415], [16.48132890291373, 57.817903735187535], [16.481328903257335, 57.81790374356515]]]]}}, {"type": "Feature", "properties": {"T": 0, "v": 0, "p": 0, "B": 25}, "geometry": {"type": "MultiPolygon", "coordinates": [[[[16.634599843028703, 57.745047787359596], [16.634599845900837, 57.74504785099686], [16.636279115558903, 57.74502617009036], [16.63623855151659, 57.74412829785062], [16.634559323443113, 57.74414997800848], [16.634599843028703, 57.745047787359596]]]]}}, {"type": "Feature", "properties": {"T": 0, "v": 0, "p": 0, "B": 14}, "geometry": {"type": "MultiPolygon", "coordinates": [[[[16.603052764974404, 57.753536514752795], [16.604732315902417, 57.75351525174595], [16.604692520667697, 57.752617366724266], [16.60301301134682, 57.75263862899677], [16.603052764974404, 57.753536514752795]]]]}}, {"type": "Feature", "properties": {"T": 0, "v": 0, "p": 0, "B": 3}, "geometry": {"type": "MultiPolygon", "coordinates": [[[[16.54186217007068, 57.77675547275173], [16.541862271034592, 57.77675547152345], [16.543542986583684, 57.77673501390985], [16.54354298465735, 57.77673496876481], [16.54350467403935, 57.77583710583532], [16.541823899205866, 57.775857563970334], [16.54186217007068, 57.77675547275173]]]]}}, {"type": "Feature", "properties": {"T": 0, "v": 0, "p": 0, "B": 3}, "geometry": {"type": "MultiPolygon", "coordinates": [[[[16.442742167655062, 57.9054883593528], [16.442742169331858, 57.90548840118685], [16.44274228501807, 57.90548839987288], [16.444429067755486, 57.90546922984394], [16.44442906607673, 57.905469188009896], [16.444393035826888, 57.904571299580674], [16.44270617944809, 57.90459047025975], [16.442742167655062, 57.9054883593528]]]]}}, {"type": "Feature", "properties": {"T": 0, "v": 0, "p": 0, "B": 3}, "geometry": {"type": "MultiPolygon", "coordinates": [[[[16.622322757190208, 57.733526452331255], [16.622322757873583, 57.73352646759409], [16.622322820630522, 57.733526466790174], [16.62400136549887, 57.733504953870536], [16.623961123651892, 57.73260707450803], [16.622282620332456, 57.73262858668497], [16.62228255757707, 57.73262858748885], [16.622322757190208, 57.733526452331255]]]]}}, {"type": "Feature", "properties": {"T": 0, "v": 0, "p": 0, "B": 4}, "geometry": {"type": "MultiPolygon", "coordinates": [[[[16.526408800793636, 57.72932845542241], [16.526408802241246, 57.72932848979228], [16.526408824550394, 57.7293284895234], [16.528087292803594, 57.72930824794553], [16.528049433208345, 57.728410326605925], [16.526371006501176, 57.728430567484985], [16.526370984192578, 57.72843056775387], [16.526408800793636, 57.72932845542241]]]]}}, {"type": "Feature", "properties": {"T": 0, "v": 0, "p": 0, "B": 5}, "geometry": {"type": "MultiPolygon", "coordinates": [[[[16.522920543468107, 57.76620394523494], [16.522958330862043, 57.76710185690705], [16.52463857537408, 57.76708165248783], [16.52460074632954, 57.76618374151367], [16.52460074605925, 57.766183735097854], [16.522920570691394, 57.766203938488715], [16.52292054319812, 57.76620393881912], [16.522920543468107, 57.76620394523494]]]]}}, {"type": "Feature", "properties": {"T": 0, "v": 0, "p": 0, "B": 7}, "geometry": {"type": "MultiPolygon", "coordinates": [[[[16.405036128851375, 57.89063930218316], [16.406722359486313, 57.89062063448428], [16.406687288144965, 57.889722687393494], [16.405001099516124, 57.88974135444611], [16.405036128851375, 57.89063930218316]]]]}}, {"type": "Feature", "properties": {"T": 0, "v": 0, "p": 0, "B": 28}, "geometry": {"type": "MultiPolygon", "coordinates": [[[[16.644674873771994, 57.7449174389884], [16.64635399045955, 57.74489562638511], [16.646313176931045, 57.74399775865307], [16.644634101823453, 57.74401957050319], [16.644674873771994, 57.7449174389884]]]]}}, {"type": "Feature", "properties": {"T": 0, "v": 0, "p": 0, "B": 4}, "geometry": {"type": "MultiPolygon", "coordinates": [[[[16.390484872675877, 57.906969485479586], [16.39048487416902, 57.906969524130076], [16.39217188010376, 57.90695104634832], [16.3921371495004, 57.906053096008534], [16.390450308487903, 57.90607157180548], [16.39045018561844, 57.90607157315044], [16.390484872675877, 57.906969485479586]]]]}}, {"type": "Feature", "properties": {"T": 0, "v": 0, "p": 0, "B": 7}, "geometry": {"type": "MultiPolygon", "coordinates": [[[[16.598251781828623, 57.75898749666034], [16.599931728058138, 57.758966294279475], [16.59993172735651, 57.758966278405225], [16.59989204348629, 57.75806840793002], [16.599892038023565, 57.758068407999], [16.598212227483142, 57.75808960846097], [16.598212138882758, 57.758089609578576], [16.598251781828623, 57.75898749666034]]]]}}, {"type": "Feature", "properties": {"T": 0, "v": 0, "p": 0, "B": 45}, "geometry": {"type": "MultiPolygon", "coordinates": [[[[16.63864890950565, 57.76026826167095], [16.638648956827723, 57.76026826105893], [16.640328743126126, 57.76024652529928], [16.64028805480803, 57.759348657047305], [16.638608262810315, 57.7593703926682], [16.63864890950565, 57.76026826167095]]]]}}, {"type": "Feature", "properties": {"T": 0, "v": 0, "p": 0, "B": 3}, "geometry": {"type": "MultiPolygon", "coordinates": [[[[16.631261178769723, 57.7828234740918], [16.63294220446343, 57.78280182855439], [16.63290166400688, 57.78190396021066], [16.631220680002244, 57.78192560500016], [16.631261178769723, 57.7828234740918]]]]}}, {"type": "Feature", "properties": {"T": 0, "v": 0, "p": 0, "B": 3}, "geometry": {"type": "MultiPolygon", "coordinates": [[[[16.723761894684717, 57.88850940044446], [16.723804867098956, 57.889407211681814], [16.723804926132317, 57.88940721088039], [16.72549064448743, 57.88938431462771], [16.725447630099563, 57.88848650418289], [16.725447630091193, 57.888486504008156], [16.723761953708248, 57.88850939946834], [16.723761894676354, 57.88850940026973], [16.723761894684717, 57.88850940044446]]]]}}, {"type": "Feature", "properties": {"T": 0, "v": 0, "p": 0, "B": 16}, "geometry": {"type": "MultiPolygon", "coordinates": [[[[16.39488448005518, 57.889852880643915], [16.39657068119172, 57.88983434787255], [16.39653586395393, 57.888936396774966], [16.39484970482202, 57.88895492890476], [16.39488448005518, 57.889852880643915]]]]}}, {"type": "Feature", "properties": {"T": 0, "v": 0, "p": 0, "B": 23}, "geometry": {"type": "MultiPolygon", "coordinates": [[[[16.62693008728631, 57.76131767063377], [16.626970447411058, 57.76221554457825], [16.628650381159556, 57.76219396254151], [16.628609979405706, 57.76129608934246], [16.62693008728631, 57.76131767063377]]]]}}, {"type": "Feature", "properties": {"T": 0, "v": 0, "p": 0, "B": 24}, "geometry": {"type": "MultiPolygon", "coordinates": [[[[16.393476359855708, 57.897055093245385], [16.393476432886747, 57.8970550924441], [16.39516276013933, 57.89703657925385], [16.395127968295398, 57.89613862864369], [16.393441610033165, 57.89615714199423], [16.393476359855708, 57.897055093245385]]]]}}, {"type": "Feature", "properties": {"T": 0, "v": 0, "p": 0, "B": 6}, "geometry": {"type": "MultiPolygon", "coordinates": [[[[16.67442431671162, 57.770581364669326], [16.67442431953755, 57.77058142573221], [16.676104601433344, 57.770559212695424], [16.676063009379718, 57.76966136215292], [16.674382780335264, 57.76968357427431], [16.674382769132123, 57.76968357442236], [16.67442431671162, 57.770581364669326]]]]}}, {"type": "Feature", "properties": {"T": 0, "v": 0, "p": 0, "B": 51}, "geometry": {"type": "MultiPolygon", "coordinates": [[[[16.633528213676144, 57.758537580489914], [16.63352821439249, 57.758537596363915], [16.635207972014566, 57.758515928271436], [16.635167413393898, 57.75761805747697], [16.633487749868866, 57.75763972414444], [16.633487697390233, 57.75763972482105], [16.633528213676144, 57.758537580489914]]]]}}, {"type": "Feature", "properties": {"T": 0, "v": 0, "p": 0, "B": 16}, "geometry": {"type": "MultiPolygon", "coordinates": [[[[16.390034081057678, 57.895296060617774], [16.390068748229645, 57.89619410306701], [16.391755249696605, 57.89617563296136], [16.39172054049775, 57.89527759115166], [16.390034081057678, 57.895296060617774]]]]}}, {"type": "Feature", "properties": {"T": 0, "v": 0, "p": 0, "B": 55}, "geometry": {"type": "MultiPolygon", "coordinates": [[[[16.64028805480803, 57.759348657047305], [16.64196798290218, 57.75932689737204], [16.641927255380637, 57.75842902972525], [16.640247368910007, 57.758450788648965], [16.64028805480803, 57.759348657047305]]]]}}, {"type": "Feature", "properties": {"T": 0, "v": 0, "p": 0, "B": 12}, "geometry": {"type": "MultiPolygon", "coordinates": [[[[16.625492005205714, 57.766726567154855], [16.627172288088595, 57.76670500187896], [16.627172284626905, 57.76670492489354], [16.62713191235253, 57.7658070484952], [16.627131911920902, 57.76580703889547], [16.625451670687283, 57.76582860342637], [16.625492005205714, 57.766726567154855]]]]}}, {"type": "Feature", "properties": {"T": 0, "v": 0, "p": 0, "B": 3}, "geometry": {"type": "MultiPolygon", "coordinates": [[[[16.388486261214865, 57.89890640835093], [16.388486339430496, 57.898906407495886], [16.390172751765935, 57.89888796023657], [16.390172749166982, 57.89888789292552], [16.390138081850814, 57.89799000798774], [16.388451633326657, 57.89800845546337], [16.388486261214865, 57.89890640835093]]]]}}, {"type": "Feature", "properties": {"T": 0, "v": 0, "p": 0, "B": 4}, "geometry": {"type": "MultiPolygon", "coordinates": [[[[16.4565230767128, 57.82897130722905], [16.456523078455085, 57.82897135041375], [16.45820625171391, 57.82895201370676], [16.458169983727235, 57.82805407801836], [16.456486857970344, 57.828073413991525], [16.4564868522956, 57.828073414056675], [16.4565230767128, 57.82897130722905]]]]}}, {"type": "Feature", "properties": {"T": 0, "v": 0, "p": 0, "B": 6}, "geometry": {"type": "MultiPolygon", "coordinates": [[[[16.46490262660943, 57.82797650903162], [16.466585886001717, 57.8279570597718], [16.466549411048508, 57.82705912729597], [16.464866193483473, 57.82707857588321], [16.46490262660943, 57.82797650903162]]]]}}, {"type": "Feature", "properties": {"T": 0, "v": 0, "p": 0, "B": 24}, "geometry": {"type": "MultiPolygon", "coordinates": [[[[16.644552565198413, 57.74222383309327], [16.644593332298992, 57.74312170187147], [16.64627236582909, 57.74309989077454], [16.64623155715349, 57.742202022749424], [16.644552565198413, 57.74222383309327]]]]}}, {"type": "Feature", "properties": {"T": 0, "v": 0, "p": 0, "B": 15}, "geometry": {"type": "MultiPolygon", "coordinates": [[[[16.605090579543454, 57.761596210389385], [16.605090707447314, 57.76159620876915], [16.606770641205898, 57.76157491675307], [16.60677064092527, 57.76157491043163], [16.6067307830305, 57.760677033777235], [16.605050763000676, 57.760698326678046], [16.605090579543454, 57.761596210389385]]]]}}, {"type": "Feature", "properties": {"T": 0, "v": 0, "p": 0, "B": 3}, "geometry": {"type": "MultiPolygon", "coordinates": [[[[16.535867013511915, 57.75436877180908], [16.535867014995834, 57.754368806789984], [16.53586712105726, 57.75436880550424], [16.537546797070895, 57.754348432389705], [16.537546795585353, 57.75434839740879], [16.537508666312988, 57.753450518592864], [16.535829031914947, 57.753470891003786], [16.535828925856148, 57.753470892289464], [16.535867013511915, 57.75436877180908]]]]}}, {"type": "Feature", "properties": {"T": 0, "v": 0, "p": 0, "B": 4}, "geometry": {"type": "MultiPolygon", "coordinates": [[[[16.411112367516175, 57.87350345149663], [16.41111237012774, 57.873503518195974], [16.41111237780498, 57.87350351811065], [16.41279765572911, 57.87348477485159], [16.412797653114428, 57.873484708152276], [16.41276245630775, 57.87258682766508], [16.411077220337823, 57.87260557027546], [16.411077212660775, 57.872605570360804], [16.411112367516175, 57.87350345149663]]]]}}, {"type": "Feature", "properties": {"T": 0, "v": 0, "p": 0, "B": 3}, "geometry": {"type": "MultiPolygon", "coordinates": [[[[16.772134113287798, 57.80878312069143], [16.772134113814015, 57.80878313141874], [16.772134165555983, 57.80878313069561], [16.77381608515868, 57.80875961346341], [16.773772004146522, 57.80786181450256], [16.77209012628777, 57.807885330921906], [16.772090074547087, 57.807885331645025], [16.772134113287798, 57.80878312069143]]]]}}, {"type": "Feature", "properties": {"T": 0, "v": 0, "p": 0, "B": 3}, "geometry": {"type": "MultiPolygon", "coordinates": [[[[16.405792384823954, 57.73701327258564], [16.405792385292656, 57.73701328466544], [16.405792392940974, 57.73701328458054], [16.407471322377884, 57.7369946395515], [16.40747132190862, 57.73699462747172], [16.407436440164446, 57.73609667084814], [16.40575755230404, 57.736115315233405], [16.40575754465591, 57.73611531531827], [16.405792384823954, 57.73701327258564]]]]}}, {"type": "Feature", "properties": {"T": 0, "v": 0, "p": 0, "B": 11}, "geometry": {"type": "MultiPolygon", "coordinates": [[[[16.65778536864366, 57.774393724574054], [16.657785370858257, 57.77439377290074], [16.65946598256249, 57.77437177769997], [16.659465980345647, 57.774371729373314], [16.65942479720952, 57.77347392010559], [16.657744347959866, 57.77349591296645], [16.657744227168855, 57.7734959145465], [16.65778536864366, 57.774393724574054]]]]}}, {"type": "Feature", "properties": {"T": 0, "v": 0, "p": 0, "B": 101}, "geometry": {"type": "MultiPolygon", "coordinates": [[[[16.6377958363342, 57.74141298188397], [16.63779588363166, 57.7414129812724], [16.639474796395604, 57.7413912612703], [16.63943415885708, 57.74049338994454], [16.637755287662856, 57.74051510919667], [16.637755240366563, 57.74051510980823], [16.6377958363342, 57.74141298188397]]]]}}, {"type": "Feature", "properties": {"T": 0, "v": 0, "p": 0, "B": 15}, "geometry": {"type": "MultiPolygon", "coordinates": [[[[16.524428021889438, 57.72216532514599], [16.526106320776766, 57.722145109453415], [16.526068520704406, 57.721247186263106], [16.524390379622634, 57.72126739985809], [16.524390263347545, 57.72126740125788], [16.524428021889438, 57.72216532514599]]]]}}, {"type": "Feature", "properties": {"T": 0, "v": 0, "p": 0, "B": 9}, "geometry": {"type": "MultiPolygon", "coordinates": [[[[16.627980235375478, 57.78466243548804], [16.627980248573653, 57.78466243531853], [16.629661210659904, 57.78464083480296], [16.629620748762196, 57.78374296525647], [16.627939815168755, 57.78376456519517], [16.627980235375478, 57.78466243548804]]]]}}, {"type": "Feature", "properties": {"T": 0, "v": 0, "p": 0, "B": 3}, "geometry": {"type": "MultiPolygon", "coordinates": [[[[16.607608214885122, 57.78043051537622], [16.607608248734643, 57.78043051494689], [16.609289010433656, 57.78040918576398], [16.60928900913342, 57.780409156541616], [16.609249060744627, 57.77951130658324], [16.607568306877063, 57.779532635458516], [16.607608214885122, 57.78043051537622]]]]}}, {"type": "Feature", "properties": {"T": 0, "v": 0, "p": 0, "B": 4}, "geometry": {"type": "MultiPolygon", "coordinates": [[[[16.3898954468074, 57.89170424551008], [16.389895446923553, 57.89170424851981], [16.389895569744038, 57.89170424717562], [16.39158173829794, 57.89168578161127], [16.391547042926046, 57.89078782887352], [16.389860793561816, 57.89080629514276], [16.3898954468074, 57.89170424551008]]]]}}, {"type": "Feature", "properties": {"T": 0, "v": 0, "p": 0, "B": 27}, "geometry": {"type": "MultiPolygon", "coordinates": [[[[16.609009412529183, 57.774124028439914], [16.609049347956695, 57.77502190849462], [16.610729891080243, 57.77500056103003], [16.610689913986814, 57.77410268171285], [16.609009412529183, 57.774124028439914]]]]}}, {"type": "Feature", "properties": {"T": 0, "v": 0, "p": 0, "B": 49}, "geometry": {"type": "MultiPolygon", "coordinates": [[[[16.624967891935945, 57.755054104527105], [16.6250081936446, 57.75595198023854], [16.626687976945377, 57.75593042389943], [16.626647633621292, 57.75503254893246], [16.624967891935945, 57.755054104527105]]]]}}, {"type": "Feature", "properties": {"T": 0, "v": 0, "p": 0, "B": 89}, "geometry": {"type": "MultiPolygon", "coordinates": [[[[16.636847265495547, 57.75759636608549], [16.636887865737865, 57.75849423613077], [16.63856761853258, 57.75847252351916], [16.638526976672246, 57.75757465422378], [16.636847265495547, 57.75759636608549]]]]}}, {"type": "Feature", "properties": {"T": 0, "v": 0, "p": 0, "B": 6}, "geometry": {"type": "MultiPolygon", "coordinates": [[[[16.394849704335492, 57.88895491634153], [16.39484970482202, 57.88895492890476], [16.39653586395393, 57.888936396774966], [16.39650104879419, 57.888038445536196], [16.394814931664406, 57.88805697702445], [16.394849704335492, 57.88895491634153]]]]}}, {"type": "Feature", "properties": {"T": 0, "v": 0, "p": 0, "B": 3}, "geometry": {"type": "MultiPolygon", "coordinates": [[[[16.68418089890819, 57.727328478745974], [16.68418090050526, 57.727328513113214], [16.68418094579631, 57.72732851251086], [16.685859168761283, 57.72730618124656], [16.68581740454218, 57.726408329020565], [16.684139223104324, 57.72643065951402], [16.684139177814394, 57.72643066011636], [16.68418089890819, 57.727328478745974]]]]}}, {"type": "Feature", "properties": {"T": 0, "v": 0, "p": 0, "B": 22}, "geometry": {"type": "MultiPolygon", "coordinates": [[[[16.61861062000535, 57.763221001882705], [16.618650776752002, 57.76411887925127], [16.620330805747646, 57.76409740704602], [16.62029060736596, 57.76319953041916], [16.61861062000535, 57.763221001882705]]]]}}, {"type": "Feature", "properties": {"T": 0, "v": 0, "p": 0, "B": 5}, "geometry": {"type": "MultiPolygon", "coordinates": [[[[16.57946484479914, 57.79066652656455], [16.581146277718396, 57.79064556600817], [16.58110701106319, 57.789747678618795], [16.581107010948614, 57.789747675998754], [16.579425729081503, 57.78976863446853], [16.57942561974434, 57.789768635830775], [16.57946484479914, 57.79066652656455]]]]}}, {"type": "Feature", "properties": {"T": 0, "v": 0, "p": 0, "B": 12}, "geometry": {"type": "MultiPolygon", "coordinates": [[[[16.632820590331647, 57.7801082230847], [16.634501349956608, 57.780086559297274], [16.634460775059523, 57.779188691263535], [16.632780065145766, 57.77921035419899], [16.632780057112566, 57.77921035430247], [16.632820590331647, 57.7801082230847]]]]}}, {"type": "Feature", "properties": {"T": 0, "v": 0, "p": 0, "B": 19}, "geometry": {"type": "MultiPolygon", "coordinates": [[[[16.697720291242103, 57.90862489109733], [16.69772033157938, 57.90862489055819], [16.69940699146248, 57.90860233556664], [16.699406990539725, 57.908602316025934], [16.699364595574796, 57.907704515456494], [16.697677977720282, 57.907727069667104], [16.69767793738401, 57.90772707020622], [16.697720291242103, 57.90862489109733]]]]}}, {"type": "Feature", "properties": {"T": 0, "v": 0, "p": 0, "B": 18}, "geometry": {"type": "MultiPolygon", "coordinates": [[[[16.41012969384573, 57.89148118068289], [16.410164853388867, 57.89237912619612], [16.41185116175429, 57.892360390057824], [16.411815960200563, 57.89146244519322], [16.41012969384573, 57.89148118068289]]]]}}, {"type": "Feature", "properties": {"T": 0, "v": 0, "p": 0, "B": 40}, "geometry": {"type": "MultiPolygon", "coordinates": [[[[16.400361780069076, 57.900572694759155], [16.400361892557466, 57.90057269351894], [16.40204847921203, 57.90055408711762], [16.402013510927848, 57.8996561396443], [16.400326853819077, 57.899674746641544], [16.400361780069076, 57.900572694759155]]]]}}, {"type": "Feature", "properties": {"T": 0, "v": 0, "p": 0, "B": 3}, "geometry": {"type": "MultiPolygon", "coordinates": [[[[16.533180924302204, 57.84962879740031], [16.533180926704997, 57.84962885393197], [16.53318099365406, 57.84962885312309], [16.53486500464608, 57.84960849579076], [16.534865002240654, 57.849608439259136], [16.534826799962595, 57.84871059444819], [16.53314283084763, 57.84873095107632], [16.533142763900234, 57.848730951885166], [16.533180924302204, 57.84962879740031]]]]}}, {"type": "Feature", "properties": {"T": 0, "v": 0, "p": 0, "B": 3}, "geometry": {"type": "MultiPolygon", "coordinates": [[[[16.420938237657577, 57.737742629160216], [16.420938238006443, 57.7377426380554], [16.420938368630384, 57.73774263659003], [16.422617336363892, 57.7377237905175], [16.422617336014614, 57.73772378162232], [16.42258207786157, 57.73682582778496], [16.420903151705865, 57.736844673206775], [16.42090302108516, 57.73684467467208], [16.420938237657577, 57.737742629160216]]]]}}, {"type": "Feature", "properties": {"T": 0, "v": 0, "p": 0, "B": 3}, "geometry": {"type": "MultiPolygon", "coordinates": [[[[16.55965327631721, 57.76036687007332], [16.559653276864008, 57.76036688276354], [16.559653312684414, 57.760366882322614], [16.561333179813776, 57.760346193429555], [16.56133317926639, 57.76034618073933], [16.56129445033331, 57.7594482905769], [16.55961458901299, 57.759468979196264], [16.55965327631721, 57.76036687007332]]]]}}, {"type": "Feature", "properties": {"T": 0, "v": 0, "p": 0, "B": 4}, "geometry": {"type": "MultiPolygon", "coordinates": [[[[16.44669081409046, 57.70960171019931], [16.446690814801944, 57.709601728036596], [16.448368453198576, 57.70958254664343], [16.448332595583548, 57.708684590011806], [16.44665500949473, 57.70870377061945], [16.446654998685286, 57.708703770742986], [16.44669081409046, 57.70960171019931]]]]}}, {"type": "Feature", "properties": {"T": 0, "v": 0, "p": 0, "B": 4}, "geometry": {"type": "MultiPolygon", "coordinates": [[[[16.613610537049247, 57.764183167278404], [16.6136505711236, 57.76508104349038], [16.615330648916547, 57.76505963733968], [16.615290573060022, 57.76416175863579], [16.613610536905174, 57.764183164047076], [16.613610537049247, 57.764183167278404]]]]}}, {"type": "Feature", "properties": {"T": 0, "v": 0, "p": 0, "B": 3}, "geometry": {"type": "MultiPolygon", "coordinates": [[[[16.694135420391607, 57.904180823128364], [16.695822054611693, 57.90415831441143], [16.69582205294097, 57.90415827895049], [16.695779755412484, 57.90326049200307], [16.694093163213346, 57.90328299994073], [16.694135420391607, 57.904180823128364]]]]}}, {"type": "Feature", "properties": {"T": 0, "v": 0, "p": 0, "B": 20}, "geometry": {"type": "MultiPolygon", "coordinates": [[[[16.405246352281814, 57.8960270754144], [16.405281396257344, 57.89692502216221], [16.406967921009326, 57.89690634993864], [16.406932835010156, 57.89600840383732], [16.405246352281814, 57.8960270754144]]]]}}, {"type": "Feature", "properties": {"T": 0, "v": 0, "p": 0, "B": 3}, "geometry": {"type": "MultiPolygon", "coordinates": [[[[16.709143649296387, 57.72250193306676], [16.709143651667492, 57.722501983354114], [16.709143671178563, 57.72250198309075], [16.71082167483274, 57.72247932193902], [16.710821672459307, 57.722479271651714], [16.7107793002899, 57.721581480628444], [16.70910133814807, 57.721604140998025], [16.709101318637483, 57.72160414126137], [16.709143649296387, 57.72250193306676]]]]}}, {"type": "Feature", "properties": {"T": 0, "v": 0, "p": 0, "B": 28}, "geometry": {"type": "MultiPolygon", "coordinates": [[[[16.645041930425712, 57.752998248763745], [16.646721421444035, 57.75297642938004], [16.64668058606754, 57.75207856296671], [16.645001136651402, 57.75210038159686], [16.645041930425712, 57.752998248763745]]]]}}, {"type": "Feature", "properties": {"T": 0, "v": 0, "p": 0, "B": 7}, "geometry": {"type": "MultiPolygon", "coordinates": [[[[16.575085323572615, 57.76736313357137], [16.576765538814154, 57.767342238099715], [16.576726412141056, 57.76644425310161], [16.575046258893543, 57.76646514759855], [16.575046238551202, 57.766465147851406], [16.575085323572615, 57.76736313357137]]]]}}, {"type": "Feature", "properties": {"T": 0, "v": 0, "p": 0, "B": 4}, "geometry": {"type": "MultiPolygon", "coordinates": [[[[16.583614234004948, 57.80858240960443], [16.583614234893922, 57.808582429885575], [16.585296359243433, 57.80856141195702], [16.58529635835352, 57.80856139167587], [16.585256962162635, 57.8076635263005], [16.58357493928507, 57.80768454275687], [16.583574879573916, 57.80768454350254], [16.583614234004948, 57.80858240960443]]]]}}, {"type": "Feature", "properties": {"T": 0, "v": 0, "p": 0, "B": 3}, "geometry": {"type": "MultiPolygon", "coordinates": [[[[16.607169357385423, 57.77055382827219], [16.608849694579494, 57.77053250676452], [16.60880977103118, 57.76963462598154], [16.60712947549084, 57.769655946752636], [16.607169357385423, 57.77055382827219]]]]}}, {"type": "Feature", "properties": {"T": 0, "v": 0, "p": 0, "B": 3}, "geometry": {"type": "MultiPolygon", "coordinates": [[[[16.643313355438995, 57.788956537354764], [16.644994517442747, 57.78893473236829], [16.644953668169645, 57.788036870306065], [16.643272547867475, 57.78805867453908], [16.643313355438995, 57.788956537354764]]]]}}, {"type": "Feature", "properties": {"T": 0, "v": 0, "p": 0, "B": 88}, "geometry": {"type": "MultiPolygon", "coordinates": [[[[16.640043975713976, 57.75396144446172], [16.640084649514638, 57.75485931359193], [16.641764369515908, 57.754837557674016], [16.641723654104084, 57.7539396892952], [16.640043975713976, 57.75396144446172]]]]}}, {"type": "Feature", "properties": {"T": 0, "v": 0, "p": 0, "B": 27}, "geometry": {"type": "MultiPolygon", "coordinates": [[[[16.633568733804733, 57.75943546776056], [16.635248533047694, 57.75941379891969], [16.635207972014566, 57.758515928271436], [16.63352821439249, 57.758537596363915], [16.633568733804733, 57.75943546776056]]]]}}, {"type": "Feature", "properties": {"T": 0, "v": 0, "p": 0, "B": 23}, "geometry": {"type": "MultiPolygon", "coordinates": [[[[16.615571158138415, 57.77044699627073], [16.61725162199142, 57.77042556164492], [16.617211490170526, 57.76952768455637], [16.615531185581776, 57.769549116942436], [16.615531067973702, 57.76954911844174], [16.615571158138415, 57.77044699627073]]]]}}, {"type": "Feature", "properties": {"T": 0, "v": 0, "p": 0, "B": 3}, "geometry": {"type": "MultiPolygon", "coordinates": [[[[16.47492822703002, 57.826063573947486], [16.47492822918437, 57.826063626685105], [16.47492830842415, 57.82606362576374], [16.476611253063798, 57.82604404644426], [16.476611250906988, 57.82604399370668], [16.47657453154468, 57.82514611773414], [16.47489162872081, 57.82516569637659], [16.474891549482994, 57.825165697297884], [16.47492822703002, 57.826063573947486]]]]}}, {"type": "Feature", "properties": {"T": 0, "v": 0, "p": 0, "B": 3}, "geometry": {"type": "MultiPolygon", "coordinates": [[[[16.40900569853196, 57.90586706180111], [16.40900570016958, 57.90586710363577], [16.40900575767309, 57.90586710299793], [16.410692502005574, 57.905848381702015], [16.410657310962232, 57.9049504383099], [16.40897060867321, 57.904969158957535], [16.408970551171134, 57.904969159595375], [16.40900569853196, 57.90586706180111]]]]}}, {"type": "Feature", "properties": {"T": 0, "v": 0, "p": 0, "B": 3}, "geometry": {"type": "MultiPolygon", "coordinates": [[[[16.54828811408712, 57.8090186458478], [16.54828811495628, 57.80901866612928], [16.54828821084259, 57.80901866495857], [16.549970426719433, 57.808998114896376], [16.54997042584933, 57.8089980946149], [16.549931906676484, 57.80810021414382], [16.548249732565527, 57.80812076349562], [16.5482496366816, 57.80812076466631], [16.54828811408712, 57.8090186458478]]]]}}, {"type": "Feature", "properties": {"T": 0, "v": 0, "p": 0, "B": 35}, "geometry": {"type": "MultiPolygon", "coordinates": [[[[16.646313176931045, 57.74399775865307], [16.64635399045955, 57.74489562638511], [16.648033243181168, 57.74487378973365], [16.647992388069472, 57.74397592275565], [16.646313176931045, 57.74399775865307]]]]}}, {"type": "Feature", "properties": {"T": 0, "v": 0, "p": 0, "B": 3}, "geometry": {"type": "MultiPolygon", "coordinates": [[[[16.709651843731688, 57.733276064847246], [16.70965184430159, 57.7332760769253], [16.709651863818454, 57.73327607666181], [16.71133036581293, 57.733253406120994], [16.71133036524247, 57.73325339404295], [16.71128796103996, 57.73235556658655], [16.7096095005874, 57.732378236344736], [16.709609481071016, 57.73237823660821], [16.709651843731688, 57.733276064847246]]]]}}, {"type": "Feature", "properties": {"T": 0, "v": 0, "p": 0, "B": 7}, "geometry": {"type": "MultiPolygon", "coordinates": [[[[16.71483658187267, 57.700862936790266], [16.714836640599273, 57.70086293599462], [16.71651359933858, 57.70084020530637], [16.716471119350153, 57.69994236357618], [16.714794202062336, 57.69996509348014], [16.714794143337187, 57.69996509427575], [16.71483658187267, 57.700862936790266]]]]}}, {"type": "Feature", "properties": {"T": 0, "v": 0, "p": 0, "B": 11}, "geometry": {"type": "MultiPolygon", "coordinates": [[[[16.60645184217463, 57.75439184886865], [16.608131429975842, 57.754370540613586], [16.608091549152288, 57.7534726572086], [16.606412002960283, 57.753493964727745], [16.60645184217463, 57.75439184886865]]]]}}, {"type": "Feature", "properties": {"T": 0, "v": 0, "p": 0, "B": 20}, "geometry": {"type": "MultiPolygon", "coordinates": [[[[16.59416134940083, 57.780600355481056], [16.595842302481675, 57.780579202357146], [16.59580268625276, 57.77968131730213], [16.594121774857893, 57.77970246969517], [16.59416134940083, 57.780600355481056]]]]}}, {"type": "Feature", "properties": {"T": 0, "v": 0, "p": 0, "B": 8}, "geometry": {"type": "MultiPolygon", "coordinates": [[[[16.626339499986216, 57.78558188656279], [16.626339607318034, 57.78558188518569], [16.628020657988056, 57.78556030563486], [16.628020657532574, 57.78556029551801], [16.627980235375478, 57.78466243548804], [16.626299119070744, 57.78468401567025], [16.626339499986216, 57.78558188656279]]]]}}, {"type": "Feature", "properties": {"T": 0, "v": 0, "p": 0, "B": 15}, "geometry": {"type": "MultiPolygon", "coordinates": [[[[16.628408006679948, 57.75680672115575], [16.630087688288874, 57.756785121333714], [16.630047259336955, 57.755887248004036], [16.628367619342097, 57.75590884708005], [16.628408006679948, 57.75680672115575]]]]}}, {"type": "Feature", "properties": {"T": 0, "v": 0, "p": 0, "B": 3}, "geometry": {"type": "MultiPolygon", "coordinates": [[[[16.49168458956687, 57.8240709105332], [16.491684592008628, 57.82407096963922], [16.491684700269264, 57.824070968366094], [16.4933676490396, 57.82405116592191], [16.493367646595093, 57.82405110681593], [16.49333051376489, 57.82315324373891], [16.491647606806254, 57.82317304549835], [16.491647498548303, 57.82317304677145], [16.49168458956687, 57.8240709105332]]]]}}, {"type": "Feature", "properties": {"T": 0, "v": 0, "p": 0, "B": 6}, "geometry": {"type": "MultiPolygon", "coordinates": [[[[16.418878990754244, 57.89946878498464], [16.418878993281417, 57.89946884911038], [16.41887904041307, 57.89946884858385], [16.4205654882174, 57.89944999739544], [16.420565485687227, 57.89944993326975], [16.420530059711613, 57.89855205691824], [16.418843653932402, 57.89857090745396], [16.41884360680192, 57.89857090798047], [16.418878990754244, 57.89946878498464]]]]}}, {"type": "Feature", "properties": {"T": 0, "v": 0, "p": 0, "B": 13}, "geometry": {"type": "MultiPolygon", "coordinates": [[[[16.576804663903523, 57.76824013318123], [16.57680472871131, 57.76824013237482], [16.578484918467325, 57.76821921471905], [16.578445751728157, 57.767321320360146], [16.576765538814154, 57.767342238099715], [16.576804663903523, 57.76824013318123]]]]}}, {"type": "Feature", "properties": {"T": 0, "v": 0, "p": 0, "B": 4}, "geometry": {"type": "MultiPolygon", "coordinates": [[[[16.599045140166535, 57.776945297522644], [16.60072591943944, 57.77692408048792], [16.600686187619587, 57.77602619704809], [16.600686182154156, 57.77602619711712], [16.59900553866648, 57.77604741223137], [16.599005450022158, 57.77604741334977], [16.599045140166535, 57.776945297522644]]]]}}, {"type": "Feature", "properties": {"T": 0, "v": 0, "p": 0, "B": 6}, "geometry": {"type": "MultiPolygon", "coordinates": [[[[16.65893075994276, 57.762699527804045], [16.658971915900647, 57.76359738711266], [16.660651886821334, 57.763575380577386], [16.660610689231053, 57.76267752198186], [16.658930759940603, 57.762699527756986], [16.65893075994276, 57.762699527804045]]]]}}, {"type": "Feature", "properties": {"T": 0, "v": 0, "p": 0, "B": 22}, "geometry": {"type": "MultiPolygon", "coordinates": [[[[16.52103401866266, 57.72130776122233], [16.522712142125688, 57.72128759235509], [16.52267442735229, 57.720389667626044], [16.520996345414204, 57.7204098357971], [16.52103401866266, 57.72130776122233]]]]}}, {"type": "Feature", "properties": {"T": 0, "v": 0, "p": 0, "B": 4}, "geometry": {"type": "MultiPolygon", "coordinates": [[[[16.69067807875664, 57.902430120066896], [16.690720249381624, 57.903327944957944], [16.69240670755752, 57.90330548364012], [16.692364494917133, 57.9024076595267], [16.69067807875664, 57.902430120066896]]]]}}, {"type": "Feature", "properties": {"T": 0, "v": 0, "p": 0, "B": 3}, "geometry": {"type": "MultiPolygon", "coordinates": [[[[16.389355631090705, 57.79019745089171], [16.38935563123476, 57.79019745464054], [16.389355704050004, 57.790197453842566], [16.391037048491008, 57.79017901670478], [16.39103704834678, 57.79017901295594], [16.39100250259747, 57.78928104929516], [16.389321199879276, 57.78929948579575], [16.389321127065834, 57.78929948659372], [16.389355631090705, 57.79019745089171]]]]}}, {"type": "Feature", "properties": {"T": 0, "v": 0, "p": 0, "B": 5}, "geometry": {"type": "MultiPolygon", "coordinates": [[[[16.670630086259603, 57.724812795366276], [16.670630191422273, 57.72481279397883], [16.67230838808356, 57.72479064181837], [16.67226696348887, 57.723892783005276], [16.670588808350875, 57.72391493440108], [16.67058870319081, 57.723914935788486], [16.670630086259603, 57.724812795366276]]]]}}, {"type": "Feature", "properties": {"T": 0, "v": 0, "p": 0, "B": 3}, "geometry": {"type": "MultiPolygon", "coordinates": [[[[16.466512936126666, 57.82616114193967], [16.46651293826874, 57.8261611946775], [16.468195973051483, 57.82614172604412], [16.468195970906955, 57.82614167330635], [16.468159460626325, 57.825243793956254], [16.46647646766223, 57.82526326191641], [16.466512936126666, 57.82616114193967]]]]}}, {"type": "Feature", "properties": {"T": 0, "v": 0, "p": 0, "B": 25}, "geometry": {"type": "MultiPolygon", "coordinates": [[[[16.466549411048508, 57.82705912729597], [16.468232487652386, 57.82703965798931], [16.468195973051483, 57.82614172604412], [16.46651293826874, 57.8261611946775], [16.466549411048508, 57.82705912729597]]]]}}, {"type": "Feature", "properties": {"T": 0, "v": 0, "p": 0, "B": 41}, "geometry": {"type": "MultiPolygon", "coordinates": [[[[16.649753254135714, 57.74574979871186], [16.64979415569055, 57.746647664641955], [16.651473348256697, 57.74662578378577], [16.65143240511756, 57.74572791861123], [16.649753254135714, 57.74574979871186]]]]}}, {"type": "Feature", "properties": {"T": 0, "v": 0, "p": 0, "B": 26}, "geometry": {"type": "MultiPolygon", "coordinates": [[[[16.646394806414808, 57.74579349397064], [16.646435624797018, 57.746691361409624], [16.648114960692425, 57.74666952325004], [16.648074100722084, 57.745771656565125], [16.646394806414808, 57.74579349397064]]]]}}, {"type": "Feature", "properties": {"T": 0, "v": 0, "p": 0, "B": 5}, "geometry": {"type": "MultiPolygon", "coordinates": [[[[16.49481253456402, 57.73689233694544], [16.494812534931008, 57.73689234584033], [16.494812543760997, 57.73689234573611], [16.496491400269647, 57.736872521037355], [16.49649139990225, 57.73687251214249], [16.496454312478576, 57.73597458769808], [16.494775497539507, 57.735994411712326], [16.49477548870974, 57.735994411816534], [16.49481253456402, 57.73689233694544]]]]}}, {"type": "Feature", "properties": {"T": 0, "v": 0, "p": 0, "B": 26}, "geometry": {"type": "MultiPolygon", "coordinates": [[[[16.63992196882444, 57.75126783619301], [16.639962635369077, 57.752165705762266], [16.641642230544274, 57.75214395209834], [16.641601522395888, 57.75124608328031], [16.63992196882444, 57.75126783619301]]]]}}, {"type": "Feature", "properties": {"T": 0, "v": 0, "p": 0, "B": 8}, "geometry": {"type": "MultiPolygon", "coordinates": [[[[16.654872893299988, 57.747479817034744], [16.654872969567126, 57.74747981603839], [16.656552120141335, 57.74745786867486], [16.65655211766733, 57.74745781459088], [16.65651104980511, 57.74656000591842], [16.65483186454993, 57.74658195352041], [16.654872893299988, 57.747479817034744]]]]}}, {"type": "Feature", "properties": {"T": 0, "v": 0, "p": 0, "B": 15}, "geometry": {"type": "MultiPolygon", "coordinates": [[[[16.5277087980858, 57.72032902806864], [16.527746637436337, 57.721226950704406], [16.529424751919702, 57.72120669291599], [16.52938687104496, 57.720308770979464], [16.5277087980858, 57.72032902806864]]]]}}, {"type": "Feature", "properties": {"T": 0, "v": 0, "p": 0, "B": 3}, "geometry": {"type": "MultiPolygon", "coordinates": [[[[16.576648173741027, 57.764648465444985], [16.576687291707024, 57.765546357730116], [16.578367421324675, 57.765525441435756], [16.578328261716447, 57.764627549873154], [16.57832826157552, 57.764627546641776], [16.576648238401617, 57.76464846140735], [16.57664817360025, 57.76464846221363], [16.576648173741027, 57.764648465444985]]]]}}, {"type": "Feature", "properties": {"T": 0, "v": 0, "p": 0, "B": 3}, "geometry": {"type": "MultiPolygon", "coordinates": [[[[16.447874817028037, 57.907226645122414], [16.44787481845471, 57.907226680587556], [16.449561794511855, 57.90720744073437], [16.44956179308352, 57.907207405269276], [16.449525632138425, 57.90630951275148], [16.44783880863763, 57.90632875067884], [16.447838698130592, 57.90632875193841], [16.447874817028037, 57.907226645122414]]]]}}, {"type": "Feature", "properties": {"T": 0, "v": 0, "p": 0, "B": 3}, "geometry": {"type": "MultiPolygon", "coordinates": [[[[16.441479985146348, 57.7896154972189], [16.443161337491492, 57.78959636823103], [16.443161337341866, 57.78959636448228], [16.443125498185765, 57.788698420957566], [16.4414442532152, 57.788717548537804], [16.44144418755987, 57.78871754928432], [16.441479985146348, 57.7896154972189]]]]}}, {"type": "Feature", "properties": {"T": 0, "v": 0, "p": 0, "B": 3}, "geometry": {"type": "MultiPolygon", "coordinates": [[[[16.632807490366773, 57.891508323220556], [16.63284820040616, 57.892406169446474], [16.632848213643754, 57.892406169276256], [16.634534196676164, 57.89238447892679], [16.63449344464725, 57.89148663345171], [16.63449344435028, 57.89148662690869], [16.632807503307372, 57.891508316507334], [16.632807490070103, 57.89150831667753], [16.632807490366773, 57.891508323220556]]]]}}, {"type": "Feature", "properties": {"T": 0, "v": 0, "p": 0, "B": 3}, "geometry": {"type": "MultiPolygon", "coordinates": [[[[16.504588012081488, 57.850869392941895], [16.504588014306762, 57.85086944628994], [16.50458801799107, 57.85086944624625], [16.506272172474148, 57.85084946725102], [16.506272170246383, 57.85084941390302], [16.5062346775363, 57.84995155418448], [16.50455056125331, 57.849971532532244], [16.504588012081488, 57.850869392941895]]]]}}, {"type": "Feature", "properties": {"T": 0, "v": 0, "p": 0, "B": 8}, "geometry": {"type": "MultiPolygon", "coordinates": [[[[16.524503545705194, 57.7239611724904], [16.524503661988916, 57.72396117109046], [16.526181927660836, 57.72394095540204], [16.526181925409297, 57.723940901925786], [16.526144123095513, 57.7230430324997], [16.52446578267526, 57.72306324889017], [16.524503545705194, 57.7239611724904]]]]}}, {"type": "Feature", "properties": {"T": 0, "v": 0, "p": 0, "B": 9}, "geometry": {"type": "MultiPolygon", "coordinates": [[[[16.39217188010376, 57.90695104634832], [16.392171908515518, 57.90695104603693], [16.393858744864435, 57.90693254769641], [16.39385874336767, 57.90693250904596], [16.39382397221194, 57.9060345979972], [16.3921371495004, 57.906053096008534], [16.39217188010376, 57.90695104634832]]]]}}, {"type": "Feature", "properties": {"T": 0, "v": 0, "p": 0, "B": 49}, "geometry": {"type": "MultiPolygon", "coordinates": [[[[16.640328743126126, 57.76024652529928], [16.64200871284627, 57.76022476487244], [16.64200871241506, 57.76022475536692], [16.64196798290218, 57.75932689737204], [16.64028805480803, 57.759348657047305], [16.640328743126126, 57.76024652529928]]]]}}, {"type": "Feature", "properties": {"T": 0, "v": 0, "p": 0, "B": 4}, "geometry": {"type": "MultiPolygon", "coordinates": [[[[16.712730004402474, 57.904829791306085], [16.712730005938383, 57.90482982358272], [16.712730030728867, 57.90482982324842], [16.714416515190102, 57.90480706972721], [16.714416513652683, 57.90480703745061], [16.714373751249084, 57.90390925608942], [16.712687308804902, 57.90393200882287], [16.712687284015036, 57.90393200915716], [16.712730004402474, 57.904829791306085]]]]}}, {"type": "Feature", "properties": {"T": 0, "v": 0, "p": 0, "B": 3}, "geometry": {"type": "MultiPolygon", "coordinates": [[[[16.597721439567852, 57.7850474481341], [16.597721483749606, 57.78504744757721], [16.59940245777764, 57.78502624853377], [16.599402457189335, 57.78502623523252], [16.599362746368577, 57.78412836566985], [16.597681769853324, 57.78414956453763], [16.597721439567852, 57.7850474481341]]]]}}, {"type": "Feature", "properties": {"T": 0, "v": 0, "p": 0, "B": 14}, "geometry": {"type": "MultiPolygon", "coordinates": [[[[16.636847265495547, 57.75759636608549], [16.638526976672246, 57.75757465422378], [16.638486337229114, 57.75667678478205], [16.63680666766796, 57.756698495893886], [16.636847265495547, 57.75759636608549]]]]}}, {"type": "Feature", "properties": {"T": 0, "v": 0, "p": 0, "B": 11}, "geometry": {"type": "MultiPolygon", "coordinates": [[[[16.57950407218907, 57.791564417153324], [16.579504181531657, 57.791564415790994], [16.58118554682579, 57.79154345587259], [16.58114627797224, 57.79064557181248], [16.581146277718396, 57.79064556600817], [16.57946484479914, 57.79066652656455], [16.57950407218907, 57.791564417153324]]]]}}, {"type": "Feature", "properties": {"T": 0, "v": 0, "p": 0, "B": 3}, "geometry": {"type": "MultiPolygon", "coordinates": [[[[16.641632052376224, 57.78897832185198], [16.641632144224335, 57.78897832066253], [16.64331335314569, 57.78895653738449], [16.643313355438995, 57.788956537354764], [16.643272547867475, 57.78805867453908], [16.641591286509925, 57.78808045828351], [16.641632052376224, 57.78897832185198]]]]}}, {"type": "Feature", "properties": {"T": 0, "v": 0, "p": 0, "B": 29}, "geometry": {"type": "MultiPolygon", "coordinates": [[[[16.60157180637173, 57.758047166710895], [16.601571807214928, 57.75804718576941], [16.601571846203633, 57.75804718527657], [16.60325156858087, 57.75802594134956], [16.603211803129785, 57.757128056321285], [16.601532122371275, 57.757149299514595], [16.601532083383535, 57.75714930000742], [16.60157180637173, 57.758047166710895]]]]}}, {"type": "Feature", "properties": {"T": 0, "v": 0, "p": 0, "B": 3}, "geometry": {"type": "MultiPolygon", "coordinates": [[[[16.396808912649682, 57.7218405607097], [16.39680891520104, 57.72184062692739], [16.396808977568046, 57.72184062623944], [16.39848715613598, 57.72182210392456], [16.398487153581566, 57.721822037706914], [16.398452516834748, 57.72092412960477], [16.39677437980086, 57.72094265128028], [16.396774317435398, 57.72094265196819], [16.396808912649682, 57.7218405607097]]]]}}, {"type": "Feature", "properties": {"T": 0, "v": 0, "p": 0, "B": 15}, "geometry": {"type": "MultiPolygon", "coordinates": [[[[16.41012969384573, 57.89148118068289], [16.411815960200563, 57.89146244519322], [16.411780760747952, 57.890564500187175], [16.4100945364012, 57.89058323502824], [16.41012969384573, 57.89148118068289]]]]}}, {"type": "Feature", "properties": {"T": 0, "v": 0, "p": 0, "B": 54}, "geometry": {"type": "MultiPolygon", "coordinates": [[[[16.62512911315354, 57.75864560649672], [16.626809021315417, 57.758624047923924], [16.626809020602014, 57.75862403204987], [16.626768670792238, 57.75772617339518], [16.625088804253203, 57.75774773122337], [16.62512911315354, 57.75864560649672]]]]}}, {"type": "Feature", "properties": {"T": 0, "v": 0, "p": 0, "B": 27}, "geometry": {"type": "MultiPolygon", "coordinates": [[[[16.620250411375462, 57.76230165364635], [16.62029060736596, 57.76319953041916], [16.621970730868, 57.76317803491917], [16.621930493241706, 57.762280158888835], [16.620250411375462, 57.76230165364635]]]]}}, {"type": "Feature", "properties": {"T": 0, "v": 0, "p": 0, "B": 3}, "geometry": {"type": "MultiPolygon", "coordinates": [[[[16.58034331711343, 57.887680238949294], [16.580343337524116, 57.887680238695275], [16.582029135605822, 57.88765924642937], [16.582029135193913, 57.88765923705144], [16.58198969921665, 57.886761370625095], [16.580303943115403, 57.886782362164354], [16.580303922705227, 57.88678236241838], [16.58034331711343, 57.887680238949294]]]]}}, {"type": "Feature", "properties": {"T": 0, "v": 0, "p": 0, "B": 91}, "geometry": {"type": "MultiPolygon", "coordinates": [[[[16.638242551320346, 57.7512895650588], [16.63992196882444, 57.75126783619301], [16.639881304698072, 57.75036996647733], [16.638201928792025, 57.75039169459275], [16.638242551320346, 57.7512895650588]]]]}}, {"type": "Feature", "properties": {"T": 0, "v": 0, "p": 0, "B": 12}, "geometry": {"type": "MultiPolygon", "coordinates": [[[[16.63265847003327, 57.77651670511986], [16.632658471927062, 57.776516747078745], [16.634339064854874, 57.77649508628507], [16.63429849961486, 57.77559721766649], [16.632617948355144, 57.77561887771181], [16.63265847003327, 57.77651670511986]]]]}}, {"type": "Feature", "properties": {"T": 0, "v": 0, "p": 0, "B": 98}, "geometry": {"type": "MultiPolygon", "coordinates": [[[[16.631888932151693, 57.75945711434188], [16.63192941235056, 57.760354986340026], [16.633609255627153, 57.76033333901101], [16.633568733804733, 57.75943546776056], [16.631888932151693, 57.75945711434188]]]]}}, {"type": "Feature", "properties": {"T": 0, "v": 0, "p": 0, "B": 6}, "geometry": {"type": "MultiPolygon", "coordinates": [[[[16.66694341733058, 57.717674069772336], [16.66694342052113, 57.71767413916586], [16.666943436862347, 57.71767413895071], [16.668621256764666, 57.71765203800702], [16.668579934866077, 57.71675417648891], [16.666902140125714, 57.71677627688496], [16.66694341733058, 57.717674069772336]]]]}}, {"type": "Feature", "properties": {"T": 0, "v": 0, "p": 0, "B": 3}, "geometry": {"type": "MultiPolygon", "coordinates": [[[[16.397838565783154, 57.87904033187523], [16.397838567629474, 57.87904037946789], [16.39783863544606, 57.87904037872128], [16.399524121728795, 57.879021811182646], [16.399489245474484, 57.878123859675654], [16.397803801160848, 57.87814242657162], [16.39780373334595, 57.87814242731823], [16.397838565783154, 57.87904033187523]]]]}}, {"type": "Feature", "properties": {"T": 0, "v": 0, "p": 0, "B": 18}, "geometry": {"type": "MultiPolygon", "coordinates": [[[[16.649137254191753, 57.76911623251057], [16.64913729120221, 57.76911623202891], [16.65081748960954, 57.76909435502028], [16.650817486533057, 57.76909428758831], [16.65077652719185, 57.76819649275497], [16.64909633342036, 57.768218369489496], [16.649137254191753, 57.76911623251057]]]]}}, {"type": "Feature", "properties": {"T": 0, "v": 0, "p": 0, "B": 27}, "geometry": {"type": "MultiPolygon", "coordinates": [[[[16.648155823092388, 57.74756738978838], [16.648196687922177, 57.748465256180175], [16.649875966096705, 57.748443396062385], [16.649835059677482, 57.74754553042546], [16.648155823092388, 57.74756738978838]]]]}}, {"type": "Feature", "properties": {"T": 0, "v": 0, "p": 0, "B": 23}, "geometry": {"type": "MultiPolygon", "coordinates": [[[[16.615330648916547, 57.76505963733968], [16.615370727157238, 57.76595751589771], [16.61705098274991, 57.765936084973944], [16.617010862865406, 57.765038207156174], [16.615330648916547, 57.76505963733968]]]]}}, {"type": "Feature", "properties": {"T": 0, "v": 0, "p": 0, "B": 6}, "geometry": {"type": "MultiPolygon", "coordinates": [[[[16.616810298813945, 57.76054880637389], [16.61681029923855, 57.76054881587954], [16.616810322748666, 57.76054881557953], [16.618490164096915, 57.76052736890171], [16.618450016903953, 57.7596294909496], [16.616770193670927, 57.759650937186656], [16.616810298813945, 57.76054880637389]]]]}}, {"type": "Feature", "properties": {"T": 0, "v": 0, "p": 0, "B": 6}, "geometry": {"type": "MultiPolygon", "coordinates": [[[[16.38697272887913, 57.903414599592686], [16.3869727624695, 57.90341459922589], [16.388659431670536, 57.90339617067392], [16.38865942968818, 57.90339611928536], [16.388624793443547, 57.90249821849131], [16.38693816628129, 57.90251664640517], [16.386938132691757, 57.902516646771936], [16.38697272887913, 57.903414599592686]]]]}}, {"type": "Feature", "properties": {"T": 0, "v": 0, "p": 0, "B": 3}, "geometry": {"type": "MultiPolygon", "coordinates": [[[[16.72455480471573, 57.83459453191188], [16.724554805257544, 57.83459454325071], [16.724554814487746, 57.834594543125235], [16.726238021704294, 57.83457164982396], [16.72623802116195, 57.83457163848513], [16.726195079852726, 57.833673831751305], [16.724511914456983, 57.833696724260925], [16.724511905227008, 57.83369672438639], [16.72455480471573, 57.83459453191188]]]]}}, {"type": "Feature", "properties": {"T": 0, "v": 0, "p": 0, "B": 5}, "geometry": {"type": "MultiPolygon", "coordinates": [[[[16.526030720091082, 57.72034919671494], [16.526030722878254, 57.72034926292883], [16.5277087980858, 57.72032902806864], [16.52767096098374, 57.71943110528883], [16.525992949601203, 57.71945133918176], [16.525992927298123, 57.71945133945055], [16.526030720091082, 57.72034919671494]]]]}}, {"type": "Feature", "properties": {"T": 0, "v": 0, "p": 0, "B": 4}, "geometry": {"type": "MultiPolygon", "coordinates": [[[[16.400222084713963, 57.8969808277617], [16.40022208757918, 57.89698090144144], [16.400222200056362, 57.89698090020139], [16.401908618600444, 57.89696229637683], [16.40187365866578, 57.89606434833852], [16.400187169668676, 57.896082952758974], [16.400222084713963, 57.8969808277617]]]]}}, {"type": "Feature", "properties": {"T": 0, "v": 0, "p": 0, "B": 13}, "geometry": {"type": "MultiPolygon", "coordinates": [[[[16.660651886821334, 57.763575380577386], [16.66233185529138, 57.76355335177982], [16.66229061607106, 57.762655493945154], [16.660610689231053, 57.76267752198186], [16.660651886821334, 57.763575380577386]]]]}}, {"type": "Feature", "properties": {"T": 0, "v": 0, "p": 0, "B": 7}, "geometry": {"type": "MultiPolygon", "coordinates": [[[[16.39319841551388, 57.88987138012958], [16.39319841587666, 57.88987138950832], [16.39488448005518, 57.889852880643915], [16.39484970482202, 57.88895492890476], [16.39316375565951, 57.88897343632737], [16.393163682644847, 57.8889734371284], [16.39319841551388, 57.88987138012958]]]]}}, {"type": "Feature", "properties": {"T": 0, "v": 0, "p": 0, "B": 30}, "geometry": {"type": "MultiPolygon", "coordinates": [[[[16.658067049973805, 57.74384444738227], [16.65974610560014, 57.74382245756092], [16.65974610253805, 57.7438223907403], [16.659704961875192, 57.74292459573539], [16.65802594782474, 57.74294658479745], [16.658067049973805, 57.74384444738227]]]]}}, {"type": "Feature", "properties": {"T": 0, "v": 0, "p": 0, "B": 23}, "geometry": {"type": "MultiPolygon", "coordinates": [[[[16.532819078690846, 57.72206402936657], [16.532819140249156, 57.722064028621396], [16.534497227939642, 57.722043704185836], [16.534459220231458, 57.72114578449593], [16.532781112508772, 57.72116610897507], [16.532819078690846, 57.72206402936657]]]]}}, {"type": "Feature", "properties": {"T": 0, "v": 0, "p": 0, "B": 3}, "geometry": {"type": "MultiPolygon", "coordinates": [[[[16.401489232731546, 57.886186798700706], [16.401489233592027, 57.88618682081736], [16.403175119380155, 57.886168202638345], [16.403175118518647, 57.88616818052172], [16.403140142487185, 57.885270253549464], [16.401454298689515, 57.88528887108397], [16.401489232731546, 57.886186798700706]]]]}}, {"type": "Feature", "properties": {"T": 0, "v": 0, "p": 0, "B": 4}, "geometry": {"type": "MultiPolygon", "coordinates": [[[[16.61301030731438, 57.75071491037221], [16.613010309298133, 57.75071495490461], [16.614689721178195, 57.75069356058013], [16.614689719192377, 57.7506935160478], [16.614649683441556, 57.749795679543226], [16.612970386263118, 57.74981707219808], [16.61297031316004, 57.74981707312886], [16.61301030731438, 57.75071491037221]]]]}}, {"type": "Feature", "properties": {"T": 0, "v": 0, "p": 0, "B": 45}, "geometry": {"type": "MultiPolygon", "coordinates": [[[[16.405036128851375, 57.89063930218316], [16.405071160277544, 57.891537249778864], [16.406757432921083, 57.891518581433715], [16.406722359486313, 57.89062063448428], [16.405036128851375, 57.89063930218316]]]]}}, {"type": "Feature", "properties": {"T": 0, "v": 0, "p": 0, "B": 50}, "geometry": {"type": "MultiPolygon", "coordinates": [[[[16.64299575466027, 57.74493922934491], [16.642995796804176, 57.74493922879827], [16.644674873771994, 57.7449174389884], [16.644634101823453, 57.74401957050319], [16.642955024291886, 57.74404136010728], [16.64299575466027, 57.74493922934491]]]]}}, {"type": "Feature", "properties": {"T": 0, "v": 0, "p": 0, "B": 3}, "geometry": {"type": "MultiPolygon", "coordinates": [[[[16.398165481589302, 57.84400142595872], [16.39820027901028, 57.84489938601774], [16.398200282065034, 57.84489946484444], [16.398200394379938, 57.84489946360687], [16.399884379813045, 57.84488089708765], [16.399884376754613, 57.84488081826098], [16.399849537454344, 57.84398285884428], [16.399849537153028, 57.84398285107778], [16.398165593600453, 57.84400141695468], [16.398165481288345, 57.8440014181922], [16.398165481589302, 57.84400142595872]]]]}}, {"type": "Feature", "properties": {"T": 0, "v": 0, "p": 0, "B": 67}, "geometry": {"type": "MultiPolygon", "coordinates": [[[[16.624967891935945, 57.755054104527105], [16.626647633621292, 57.75503254893246], [16.62660729269651, 57.75413467381942], [16.624927592624115, 57.75415622866961], [16.624967891935945, 57.755054104527105]]]]}}, {"type": "Feature", "properties": {"T": 0, "v": 0, "p": 0, "B": 9}, "geometry": {"type": "MultiPolygon", "coordinates": [[[[16.68211981313005, 57.89984855217027], [16.682119815530893, 57.899848603551796], [16.683806118219206, 57.8998262572413], [16.68376412569337, 57.89892842865874], [16.68207786501148, 57.89895077419562], [16.68211981313005, 57.89984855217027]]]]}}, {"type": "Feature", "properties": {"T": 0, "v": 0, "p": 0, "B": 12}, "geometry": {"type": "MultiPolygon", "coordinates": [[[[16.63122067897145, 57.781925582146485], [16.631220680002244, 57.78192560500016], [16.63290166400688, 57.78190396021066], [16.63286112596302, 57.78100609172076], [16.631180183644975, 57.78102773576241], [16.63122067897145, 57.781925582146485]]]]}}, {"type": "Feature", "properties": {"T": 0, "v": 0, "p": 0, "B": 22}, "geometry": {"type": "MultiPolygon", "coordinates": [[[[16.527822322883612, 57.7230227955439], [16.52950052042277, 57.72300253635686], [16.529462635045576, 57.722104614708435], [16.527784479035546, 57.72212487319617], [16.527822322883612, 57.7230227955439]]]]}}, {"type": "Feature", "properties": {"T": 0, "v": 0, "p": 0, "B": 4}, "geometry": {"type": "MultiPolygon", "coordinates": [[[[16.70365519206263, 57.748629899433546], [16.703655194307466, 57.748629947148], [16.705334570963586, 57.74860735016456], [16.70529228965511, 57.74770951001755], [16.70361295458759, 57.7477321062207], [16.70365519206263, 57.748629899433546]]]]}}, {"type": "Feature", "properties": {"T": 0, "v": 0, "p": 0, "B": 4}, "geometry": {"type": "MultiPolygon", "coordinates": [[[[16.704109428717313, 57.72256983610696], [16.70410945338317, 57.72256983577502], [16.705787459421742, 57.72254724137114], [16.705787457055287, 57.722547191083684], [16.70574520942143, 57.72164939771624], [16.704067244895693, 57.72167199134026], [16.70406722023045, 57.72167199167221], [16.704109428717313, 57.72256983610696]]]]}}, {"type": "Feature", "properties": {"T": 0, "v": 0, "p": 0, "B": 3}, "geometry": {"type": "MultiPolygon", "coordinates": [[[[16.458506734624226, 57.711262881831175], [16.45850673508543, 57.71126289329938], [16.458506779985218, 57.711262892782116], [16.46018444151997, 57.71124355501604], [16.46014828911905, 57.71034560332542], [16.45847066908526, 57.710364940424064], [16.45847062418658, 57.71036494094131], [16.458506734624226, 57.711262881831175]]]]}}, {"type": "Feature", "properties": {"T": 0, "v": 0, "p": 0, "B": 4}, "geometry": {"type": "MultiPolygon", "coordinates": [[[[16.5674937235665, 57.824953484838474], [16.567493725855925, 57.82495353757383], [16.56749375657058, 57.82495353719427], [16.569176625691096, 57.82493272973919], [16.56913760441872, 57.8240348394569], [16.56745477710492, 57.82405564619254], [16.56745474639103, 57.82405564657207], [16.5674937235665, 57.824953484838474]]]]}}, {"type": "Feature", "properties": {"T": 0, "v": 0, "p": 0, "B": 17}, "geometry": {"type": "MultiPolygon", "coordinates": [[[[16.527746637436337, 57.721226950704406], [16.527784479035546, 57.72212487319617], [16.529462635045576, 57.722104614708435], [16.529424751919702, 57.72120669291599], [16.527746637436337, 57.721226950704406]]]]}}, {"type": "Feature", "properties": {"T": 0, "v": 0, "p": 0, "B": 12}, "geometry": {"type": "MultiPolygon", "coordinates": [[[[16.583486515030906, 57.767258431803405], [16.585166857160353, 57.76723742325794], [16.58512752222484, 57.76633944188094], [16.583447325854547, 57.76636044839975], [16.583447221749555, 57.76636044970063], [16.583486515030906, 57.767258431803405]]]]}}, {"type": "Feature", "properties": {"T": 0, "v": 0, "p": 0, "B": 4}, "geometry": {"type": "MultiPolygon", "coordinates": [[[[16.592757328477358, 57.7869066861247], [16.592757377825638, 57.78690668550464], [16.594438437160974, 57.786885551913315], [16.594438436855274, 57.78688554498057], [16.594398846126783, 57.7859876671447], [16.592717828490294, 57.786008800005746], [16.59271777914324, 57.78600880062579], [16.592757328477358, 57.7869066861247]]]]}}, {"type": "Feature", "properties": {"T": 0, "v": 0, "p": 0, "B": 3}, "geometry": {"type": "MultiPolygon", "coordinates": [[[[16.590145267027005, 57.804008767598425], [16.590145268620105, 57.804008803800826], [16.590145367666572, 57.8040088025587], [16.591827313484828, 57.80398769856536], [16.5917877611349, 57.803089815096634], [16.590105857065236, 57.803110918360524], [16.590105758021224, 57.80311091960259], [16.590145267027005, 57.804008767598425]]]]}}, {"type": "Feature", "properties": {"T": 0, "v": 0, "p": 0, "B": 49}, "geometry": {"type": "MultiPolygon", "coordinates": [[[[16.654749814368117, 57.74478622605163], [16.654790838239375, 57.74568408985939], [16.656469981910863, 57.74566214301526], [16.65642891645838, 57.74476427996533], [16.654749814368117, 57.74478622605163]]]]}}, {"type": "Feature", "properties": {"T": 0, "v": 0, "p": 0, "B": 26}, "geometry": {"type": "MultiPolygon", "coordinates": [[[[16.60872993106011, 57.76783886397854], [16.60876984985812, 57.768736745052884], [16.610450101372255, 57.76871540275012], [16.61041014092566, 57.76781752241304], [16.60872993106011, 57.76783886397854]]]]}}, {"type": "Feature", "properties": {"T": 0, "v": 0, "p": 0, "B": 14}, "geometry": {"type": "MultiPolygon", "coordinates": [[[[16.40001260788936, 57.891593117451386], [16.401698886799064, 57.89157451625127], [16.401698886681924, 57.89157451324153], [16.4016639393837, 57.89067656736541], [16.399977702483117, 57.89069516792159], [16.40001260788936, 57.891593117451386]]]]}}, {"type": "Feature", "properties": {"T": 0, "v": 0, "p": 0, "B": 8}, "geometry": {"type": "MultiPolygon", "coordinates": [[[[16.65454473159428, 57.74029690481225], [16.65622362581545, 57.74027496251458], [16.65622362217793, 57.74027488295705], [16.65618257122647, 57.73937701584246], [16.656182570905212, 57.73937700881574], [16.65450371825461, 57.73939895035574], [16.65454473159428, 57.74029690481225]]]]}}, {"type": "Feature", "properties": {"T": 0, "v": 0, "p": 0, "B": 122}, "geometry": {"type": "MultiPolygon", "coordinates": [[[[16.628569580055025, 57.760398215997334], [16.628609979405706, 57.76129608934246], [16.630289869122052, 57.761274485789926], [16.63024942814494, 57.760376613190964], [16.628569580055025, 57.760398215997334]]]]}}, {"type": "Feature", "properties": {"T": 0, "v": 0, "p": 0, "B": 19}, "geometry": {"type": "MultiPolygon", "coordinates": [[[[16.654421707089195, 57.73760322053954], [16.656100476614366, 57.73758128051464], [16.656059433128977, 57.73668341614399], [16.654380705162815, 57.736705355411395], [16.654421707089195, 57.73760322053954]]]]}}, {"type": "Feature", "properties": {"T": 0, "v": 0, "p": 0, "B": 14}, "geometry": {"type": "MultiPolygon", "coordinates": [[[[16.627939814426647, 57.78376454870988], [16.627939815168755, 57.78376456519517], [16.629620748762196, 57.78374296525647], [16.629580289272617, 57.78284509556386], [16.62789941056521, 57.78286669458674], [16.62789939736769, 57.782866694756244], [16.627939814426647, 57.78376454870988]]]]}}, {"type": "Feature", "properties": {"T": 0, "v": 0, "p": 0, "B": 11}, "geometry": {"type": "MultiPolygon", "coordinates": [[[[16.388347758603416, 57.89531450617729], [16.390034081057678, 57.895296060617774], [16.38999941942073, 57.89439810780483], [16.388313138983353, 57.894416552725765], [16.388347758603416, 57.89531450617729]]]]}}, {"type": "Feature", "properties": {"T": 0, "v": 0, "p": 0, "B": 19}, "geometry": {"type": "MultiPolygon", "coordinates": [[[[16.585993348628513, 57.78609310333219], [16.585993349072247, 57.78609311344927], [16.587674425456672, 57.786072069104236], [16.58767442501247, 57.78607205898717], [16.587635003573954, 57.7851741812738], [16.58595397891282, 57.7851952247662], [16.585953968887903, 57.78519522489164], [16.585993348628513, 57.78609310333219]]]]}}, {"type": "Feature", "properties": {"T": 0, "v": 0, "p": 0, "B": 6}, "geometry": {"type": "MultiPolygon", "coordinates": [[[[16.592599145264103, 57.783315143257255], [16.594280087162286, 57.783294011966866], [16.594240505552833, 57.78239612661693], [16.592559605344814, 57.782417257177165], [16.592599145264103, 57.783315143257255]]]]}}, {"type": "Feature", "properties": {"T": 0, "v": 0, "p": 0, "B": 3}, "geometry": {"type": "MultiPolygon", "coordinates": [[[[16.544763558617426, 57.76593955319248], [16.544801887468445, 57.766837455731014], [16.544801938779724, 57.76683745510551], [16.546482102528525, 57.76681696181132], [16.546443732029328, 57.765919059980725], [16.54644373175517, 57.76591905356501], [16.54476360965357, 57.765939546151245], [16.544763558343565, 57.76593954677673], [16.544763558617426, 57.76593955319248]]]]}}, {"type": "Feature", "properties": {"T": 0, "v": 0, "p": 0, "B": 3}, "geometry": {"type": "MultiPolygon", "coordinates": [[[[16.586978619064485, 57.808540349708395], [16.586978619955342, 57.80854036998951], [16.586978629986728, 57.80854036986396], [16.588660739609494, 57.808519307453125], [16.588660738717692, 57.80851928717202], [16.58862125900424, 57.80762142325207], [16.58693919114163, 57.80764248493485], [16.586939181110495, 57.807642485060384], [16.586978619064485, 57.808540349708395]]]]}}, {"type": "Feature", "properties": {"T": 0, "v": 0, "p": 0, "B": 3}, "geometry": {"type": "MultiPolygon", "coordinates": [[[[16.52297620830555, 57.72757306142865], [16.52465462026973, 57.72755286545174], [16.524616848261502, 57.72665494242732], [16.522938549717242, 57.72667513684263], [16.52293847783934, 57.72667513770704], [16.52297620830555, 57.72757306142865]]]]}}, {"type": "Feature", "properties": {"T": 0, "v": 0, "p": 0, "B": 7}, "geometry": {"type": "MultiPolygon", "coordinates": [[[[16.531027159979175, 57.7193905686077], [16.532705186912633, 57.71937026775969], [16.53266722749819, 57.71847234693582], [16.530989259231518, 57.71849264687575], [16.53098924208364, 57.7184926470831], [16.531027159979175, 57.7193905686077]]]]}}, {"type": "Feature", "properties": {"T": 0, "v": 0, "p": 0, "B": 28}, "geometry": {"type": "MultiPolygon", "coordinates": [[[[16.598331074794732, 57.76078327038754], [16.600011104283634, 57.760762066541965], [16.599971414990524, 57.759864180483454], [16.598291427132548, 57.75988538359666], [16.598331074794732, 57.76078327038754]]]]}}, {"type": "Feature", "properties": {"T": 0, "v": 0, "p": 0, "B": 17}, "geometry": {"type": "MultiPolygon", "coordinates": [[[[16.607892178346322, 57.74898318709757], [16.607892180606424, 57.74898323799857], [16.607892258866706, 57.74898323700528], [16.609571516418782, 57.748961911907095], [16.609571514156322, 57.74896186100614], [16.60953160822843, 57.748064028364546], [16.607852392268608, 57.74808535272628], [16.607852314010266, 57.74808535371957], [16.607892178346322, 57.74898318709757]]]]}}, {"type": "Feature", "properties": {"T": 0, "v": 0, "p": 0, "B": 4}, "geometry": {"type": "MultiPolygon", "coordinates": [[[[16.56909858290287, 57.82313688992603], [16.569098585471227, 57.82313694902994], [16.56909866071651, 57.823136948099105], [16.570781399369356, 57.82311612031822], [16.570781396798246, 57.823116061214364], [16.570742340944236, 57.82221823046669], [16.569059644091826, 57.822239057527405], [16.569059568848413, 57.8222390584582], [16.56909858290287, 57.82313688992603]]]]}}, {"type": "Feature", "properties": {"T": 0, "v": 0, "p": 0, "B": 3}, "geometry": {"type": "MultiPolygon", "coordinates": [[[[16.701596257120837, 57.74057186296665], [16.70159626070845, 57.74057193933822], [16.701596334971594, 57.74057193834052], [16.7032751272257, 57.740549373480974], [16.70327512363456, 57.740549297109474], [16.703232910101995, 57.73965153122333], [16.701554159409216, 57.73967409530381], [16.701554085147908, 57.73967409630148], [16.701596257120837, 57.74057186296665]]]]}}, {"type": "Feature", "properties": {"T": 0, "v": 0, "p": 0, "B": 32}, "geometry": {"type": "MultiPolygon", "coordinates": [[[[16.648114960692425, 57.74666952325004], [16.648155823092388, 57.74756738978838], [16.649835059677482, 57.74754553042546], [16.64979415569055, 57.746647664641955], [16.648114960692425, 57.74666952325004]]]]}}, {"type": "Feature", "properties": {"T": 0, "v": 0, "p": 0, "B": 4}, "geometry": {"type": "MultiPolygon", "coordinates": [[[[16.407881968809573, 57.877132734442384], [16.40788202626726, 57.87713273380525], [16.409567426447648, 57.87711403323795], [16.409567424336846, 57.87711397927652], [16.409532302557153, 57.87621608532054], [16.40784694434008, 57.87623478524059], [16.40784688688382, 57.87623478587771], [16.407881968809573, 57.877132734442384]]]]}}, {"type": "Feature", "properties": {"T": 0, "v": 0, "p": 0, "B": 6}, "geometry": {"type": "MultiPolygon", "coordinates": [[[[16.687328566674008, 57.722794516271044], [16.687328569014888, 57.722794566558974], [16.689006624689753, 57.722772194091164], [16.688964789843475, 57.72187434267174], [16.687286775684115, 57.721896714367325], [16.687328566674008, 57.722794516271044]]]]}}, {"type": "Feature", "properties": {"T": 0, "v": 0, "p": 0, "B": 46}, "geometry": {"type": "MultiPolygon", "coordinates": [[[[16.597404147949984, 57.77786437529117], [16.599084832672876, 57.77784318155007], [16.599045140166535, 57.776945297522644], [16.597364497118356, 57.7769664905315], [16.597404147949984, 57.77786437529117]]]]}}, {"type": "Feature", "properties": {"T": 0, "v": 0, "p": 0, "B": 27}, "geometry": {"type": "MultiPolygon", "coordinates": [[[[16.40517626710329, 57.8942310917181], [16.405211306894863, 57.895129038748536], [16.406897747597874, 57.89511036781794], [16.406862665787674, 57.89421242143393], [16.40517626710329, 57.8942310917181]]]]}}, {"type": "Feature", "properties": {"T": 0, "v": 0, "p": 0, "B": 6}, "geometry": {"type": "MultiPolygon", "coordinates": [[[[16.598093222928618, 57.75539591884919], [16.598093224191587, 57.75539594746054], [16.598093312785387, 57.75539594634304], [16.59977299846969, 57.75537474807767], [16.599773003932004, 57.75537474800869], [16.599733328800347, 57.75447686107728], [16.599733323338167, 57.754476861146244], [16.59805367926763, 57.75449805867951], [16.598053590676024, 57.754498059796965], [16.598093222928618, 57.75539591884919]]]]}}, {"type": "Feature", "properties": {"T": 0, "v": 0, "p": 0, "B": 3}, "geometry": {"type": "MultiPolygon", "coordinates": [[[[16.446726633046474, 57.7104996851878], [16.44840431294395, 57.710480503132594], [16.448404312358775, 57.71048048847982], [16.448368453198576, 57.70958254664343], [16.446690814801944, 57.709601728036596], [16.446726633046474, 57.7104996851878]]]]}}, {"type": "Feature", "properties": {"T": 0, "v": 0, "p": 0, "B": 4}, "geometry": {"type": "MultiPolygon", "coordinates": [[[[16.67755078357691, 57.72921330381129], [16.677550784873016, 57.72921333181033], [16.67755079090792, 57.72921333173038], [16.67922914609807, 57.72919108733255], [16.67922914480067, 57.72919105933353], [16.679187543051864, 57.72829323232213], [16.677509229395543, 57.72831547595207], [16.67750922336079, 57.728315476032016], [16.67755078357691, 57.72921330381129]]]]}}, {"type": "Feature", "properties": {"T": 0, "v": 0, "p": 0, "B": 3}, "geometry": {"type": "MultiPolygon", "coordinates": [[[[16.695948967362543, 57.90685178075202], [16.697635586054655, 57.90682924916765], [16.697593237253837, 57.90593142798168], [16.695906660586513, 57.90595395878591], [16.695948967362543, 57.90685178075202]]]]}}, {"type": "Feature", "properties": {"T": 0, "v": 0, "p": 0, "B": 26}, "geometry": {"type": "MultiPolygon", "coordinates": [[[[16.615651345624087, 57.77224275149135], [16.615691442945437, 57.77314062888293], [16.61737203178185, 57.7731191920355], [16.61733189279689, 57.772221315384485], [16.615651345624087, 57.77224275149135]]]]}}, {"type": "Feature", "properties": {"T": 0, "v": 0, "p": 0, "B": 58}, "geometry": {"type": "MultiPolygon", "coordinates": [[[[16.405141229403327, 57.89333314454633], [16.40517626710329, 57.8942310917181], [16.406862665787674, 57.89421242143393], [16.406827586071593, 57.89331447490856], [16.405141229403327, 57.89333314454633]]]]}}, {"type": "Feature", "properties": {"T": 0, "v": 0, "p": 0, "B": 3}, "geometry": {"type": "MultiPolygon", "coordinates": [[[[16.461862284151128, 57.711224192912375], [16.463539986287355, 57.711204810181336], [16.463539985824557, 57.711204798713155], [16.463503750879404, 57.710306859827945], [16.461826090244898, 57.71032624188999], [16.461862284151128, 57.711224192912375]]]]}}, {"type": "Feature", "properties": {"T": 0, "v": 0, "p": 0, "B": 11}, "geometry": {"type": "MultiPolygon", "coordinates": [[[[16.61088982324497, 57.77859207684183], [16.610889946045624, 57.778592075281054], [16.612570669269445, 57.778570702386915], [16.61257066768272, 57.7785706667961], [16.612530640980154, 57.77767282439098], [16.610849836634742, 57.777694198107426], [16.61088982324497, 57.77859207684183]]]]}}, {"type": "Feature", "properties": {"T": 0, "v": 0, "p": 0, "B": 3}, "geometry": {"type": "MultiPolygon", "coordinates": [[[[16.541747361977134, 57.77406169127676], [16.54174736430814, 57.774061745974876], [16.541747465264542, 57.77406174474676], [16.543428055790013, 57.774041289253475], [16.543428053456466, 57.77404123455539], [16.543389750084632, 57.77314338074614], [16.54170920122875, 57.7731638355327], [16.54170910027485, 57.773163836760816], [16.541747361977134, 57.77406169127676]]]]}}, {"type": "Feature", "properties": {"T": 0, "v": 0, "p": 0, "B": 8}, "geometry": {"type": "MultiPolygon", "coordinates": [[[[16.65782651492708, 57.775291585965725], [16.65782651699589, 57.77529163110823], [16.65950717036616, 57.775269635147545], [16.65950716829526, 57.77526959000507], [16.65946598256249, 57.77437177769997], [16.657785370858257, 57.77439377290074], [16.65782651492708, 57.775291585965725]]]]}}, {"type": "Feature", "properties": {"T": 0, "v": 0, "p": 0, "B": 9}, "geometry": {"type": "MultiPolygon", "coordinates": [[[[16.59091820014731, 57.78333623259669], [16.590918201012613, 57.78333625226652], [16.590918205873344, 57.783336252205494], [16.592599145264103, 57.783315143257255], [16.592559605344814, 57.782417257177165], [16.590878702783684, 57.78243836545705], [16.59091820014731, 57.78333623259669]]]]}}, {"type": "Feature", "properties": {"T": 0, "v": 0, "p": 0, "B": 9}, "geometry": {"type": "MultiPolygon", "coordinates": [[[[16.621970730868, 57.76317803491917], [16.62201097088796, 57.76407591080353], [16.62369099509838, 57.76405439406872], [16.623650713443777, 57.76315651892758], [16.621970730868, 57.76317803491917]]]]}}, {"type": "Feature", "properties": {"T": 0, "v": 0, "p": 0, "B": 3}, "geometry": {"type": "MultiPolygon", "coordinates": [[[[16.613170316221225, 57.75430644875432], [16.61317031763793, 57.754306480549715], [16.614849895936885, 57.75428508326956], [16.614849894518706, 57.754285051474206], [16.614809848674998, 57.75338720281592], [16.613130385094795, 57.7534085984262], [16.61313031198447, 57.75340859935708], [16.613170316221225, 57.75430644875432]]]]}}, {"type": "Feature", "properties": {"T": 0, "v": 0, "p": 0, "B": 4}, "geometry": {"type": "MultiPolygon", "coordinates": [[[[16.446079749158006, 57.9045520630735], [16.446079750966547, 57.90455210809192], [16.446079816832842, 57.90455210734205], [16.44776646395243, 57.904532894213794], [16.44776646214178, 57.9045328491954], [16.44773035009802, 57.9036349651383], [16.446043745015295, 57.903654177601275], [16.446043679150645, 57.90365417835114], [16.446079749158006, 57.9045520630735]]]]}}, {"type": "Feature", "properties": {"T": 0, "v": 0, "p": 0, "B": 4}, "geometry": {"type": "MultiPolygon", "coordinates": [[[[16.486266100335524, 57.815150897042585], [16.486266100383894, 57.81515089821819], [16.48626621378651, 57.81515089688924], [16.487948745996903, 57.8151311682882], [16.487948745948476, 57.81513116711256], [16.487911758201747, 57.81423324262267], [16.4862291543788, 57.81425297187054], [16.486266100335524, 57.815150897042585]]]]}}, {"type": "Feature", "properties": {"T": 0, "v": 0, "p": 0, "B": 3}, "geometry": {"type": "MultiPolygon", "coordinates": [[[[16.64160574827722, 57.89948031330684], [16.64160575076541, 57.89948036787353], [16.641605848075358, 57.89948036661572], [16.64329220990864, 57.899458557645346], [16.643292207417897, 57.899458503078684], [16.64325122806465, 57.898560710562954], [16.641564908241254, 57.89858251877833], [16.641564810933733, 57.898582520036086], [16.64160574827722, 57.89948031330684]]]]}}, {"type": "Feature", "properties": {"T": 0, "v": 0, "p": 0, "B": 115}, "geometry": {"type": "MultiPolygon", "coordinates": [[[[16.641682941113608, 57.753041820769965], [16.641723654104084, 57.7539396892952], [16.643403191576947, 57.753917913666925], [16.643362436981413, 57.75302004589373], [16.641682941113608, 57.753041820769965]]]]}}, {"type": "Feature", "properties": {"T": 0, "v": 0, "p": 0, "B": 3}, "geometry": {"type": "MultiPolygon", "coordinates": [[[[16.469191669069172, 57.726411669671414], [16.469191670978695, 57.72641171678007], [16.469191705585374, 57.726411716378585], [16.470870070387118, 57.726392233726465], [16.470870068475413, 57.726392186617815], [16.470833632180057, 57.7254942884855], [16.469155308920357, 57.725513770465035], [16.469155274314534, 57.72551377086651], [16.469191669069172, 57.726411669671414]]]]}}, {"type": "Feature", "properties": {"T": 0, "v": 0, "p": 0, "B": 24}, "geometry": {"type": "MultiPolygon", "coordinates": [[[[16.579229528909693, 57.78527916668549], [16.579229529490583, 57.78527917998688], [16.579229638814187, 57.785279178624855], [16.580910712157124, 57.78525822377604], [16.580910711575616, 57.785258210474666], [16.58087145940896, 57.78436033289639], [16.579190427763418, 57.78438128702112], [16.579190318442524, 57.78438128838308], [16.579229528909693, 57.78527916668549]]]]}}, {"type": "Feature", "properties": {"T": 0, "v": 0, "p": 0, "B": 27}, "geometry": {"type": "MultiPolygon", "coordinates": [[[[16.641031858339282, 57.738675814685635], [16.642710688857868, 57.73865405183686], [16.642669975436835, 57.73775618157404], [16.640991186481337, 57.737777943671425], [16.641031858339282, 57.738675814685635]]]]}}, {"type": "Feature", "properties": {"T": 0, "v": 0, "p": 0, "B": 3}, "geometry": {"type": "MultiPolygon", "coordinates": [[[[16.670257723808056, 57.71673198129325], [16.670257727151526, 57.716732053870864], [16.67025783229078, 57.71673205248385], [16.671935655331087, 57.71670990720386], [16.671935651984267, 57.71670983462632], [16.671894252883295, 57.71581204706661], [16.670216471344112, 57.715834191582275], [16.67021636620746, 57.715834192969254], [16.670257723808056, 57.71673198129325]]]]}}, {"type": "Feature", "properties": {"T": 0, "v": 0, "p": 0, "B": 3}, "geometry": {"type": "MultiPolygon", "coordinates": [[[[16.604732315902417, 57.75351525174595], [16.604772113503916, 57.75441313662206], [16.60645184217463, 57.75439184886865], [16.606412002960283, 57.753493964727745], [16.604732315902417, 57.75351525174595]]]]}}, {"type": "Feature", "properties": {"T": 0, "v": 0, "p": 0, "B": 5}, "geometry": {"type": "MultiPolygon", "coordinates": [[[[16.578210796028905, 57.76193385506825], [16.57821079630455, 57.76193386138978], [16.5782109055577, 57.761933860029], [16.579890895569175, 57.76191292399476], [16.57989089529324, 57.76191291767324], [16.579851703501312, 57.76101502934392], [16.578171755122856, 57.761035964655015], [16.578171645872413, 57.761035966015754], [16.578210796028905, 57.76193385506825]]]]}}, {"type": "Feature", "properties": {"T": 0, "v": 0, "p": 0, "B": 12}, "geometry": {"type": "MultiPolygon", "coordinates": [[[[16.595842302481675, 57.780579202357146], [16.59752311460372, 57.78055802869776], [16.597523113312977, 57.78055799947522], [16.59748345669247, 57.77966014437432], [16.59580268625276, 57.77968131730213], [16.595842302481675, 57.780579202357146]]]]}}, {"type": "Feature", "properties": {"T": 0, "v": 0, "p": 0, "B": 9}, "geometry": {"type": "MultiPolygon", "coordinates": [[[[16.649262621021542, 57.734975306347195], [16.64926270241919, 57.73497530528722], [16.650941273180194, 57.73495343531055], [16.650900361672335, 57.734055568229735], [16.64922175106589, 57.73407743851131], [16.649262621021542, 57.734975306347195]]]]}}, {"type": "Feature", "properties": {"T": 0, "v": 0, "p": 0, "B": 24}, "geometry": {"type": "MultiPolygon", "coordinates": [[[[16.626566954170833, 57.75323679856029], [16.62660729269651, 57.75413467381942], [16.628286851872115, 57.75411309849041], [16.628246471739587, 57.753215223976376], [16.626566954170833, 57.75323679856029]]]]}}, {"type": "Feature", "properties": {"T": 0, "v": 0, "p": 0, "B": 8}, "geometry": {"type": "MultiPolygon", "coordinates": [[[[16.410481387260344, 57.90046071922829], [16.41216807383801, 57.90044197725079], [16.412168071447603, 57.90044191630933], [16.41213285336623, 57.89954403365916], [16.410446310944998, 57.89956277385368], [16.410446208821703, 57.89956277498776], [16.410481387260344, 57.90046071922829]]]]}}, {"type": "Feature", "properties": {"T": 0, "v": 0, "p": 0, "B": 61}, "geometry": {"type": "MultiPolygon", "coordinates": [[[[16.651473348256697, 57.74662578378577], [16.651514293830395, 57.74752364881369], [16.65319366401905, 57.74750174314595], [16.65315267685536, 57.74660387887447], [16.651473348256697, 57.74662578378577]]]]}}, {"type": "Feature", "properties": {"T": 0, "v": 0, "p": 0, "B": 19}, "geometry": {"type": "MultiPolygon", "coordinates": [[[[16.406967921009326, 57.89690634993864], [16.408654304606255, 57.896887656870014], [16.408619176587095, 57.895989711415865], [16.406932835010156, 57.89600840383732], [16.406967921009326, 57.89690634993864]]]]}}, {"type": "Feature", "properties": {"T": 0, "v": 0, "p": 0, "B": 20}, "geometry": {"type": "MultiPolygon", "coordinates": [[[[16.626647633621292, 57.75503254893246], [16.626687976945377, 57.75593042389943], [16.628367619342097, 57.75590884708005], [16.62832723440622, 57.75501097285828], [16.626647633621292, 57.75503254893246]]]]}}, {"type": "Feature", "properties": {"T": 0, "v": 0, "p": 0, "B": 37}, "geometry": {"type": "MultiPolygon", "coordinates": [[[[16.603410654039994, 57.76161748000685], [16.60341073748827, 57.76161747895086], [16.605090579543454, 57.761596210389385], [16.605050763000676, 57.760698326678046], [16.6033708791266, 57.76071959556085], [16.603410654039994, 57.76161748000685]]]]}}, {"type": "Feature", "properties": {"T": 0, "v": 0, "p": 0, "B": 3}, "geometry": {"type": "MultiPolygon", "coordinates": [[[[16.485356277252933, 57.9157773816556], [16.48535627740242, 57.915777385276535], [16.48704362596082, 57.91575764593435], [16.487043625811165, 57.9157576423134], [16.48700651644583, 57.91485973423252], [16.485319328857347, 57.914879471500974], [16.485319209957847, 57.91487947289111], [16.485356277252933, 57.9157773816556]]]]}}, {"type": "Feature", "properties": {"T": 0, "v": 0, "p": 0, "B": 3}, "geometry": {"type": "MultiPolygon", "coordinates": [[[[16.388313138983353, 57.894416552725765], [16.38999941942073, 57.89439810780483], [16.389964759852838, 57.89350015485086], [16.388278599633782, 57.893518598278334], [16.388278521429843, 57.89351859913322], [16.388313138983353, 57.894416552725765]]]]}}, {"type": "Feature", "properties": {"T": 0, "v": 0, "p": 0, "B": 3}, "geometry": {"type": "MultiPolygon", "coordinates": [[[[16.663970678985677, 57.762633441827795], [16.663970700507708, 57.76263344154517], [16.665650600917196, 57.76261136926641], [16.665609280891942, 57.761713512808946], [16.663929400587584, 57.761735584607955], [16.663970678985677, 57.762633441827795]]]]}}, {"type": "Feature", "properties": {"T": 0, "v": 0, "p": 0, "B": 3}, "geometry": {"type": "MultiPolygon", "coordinates": [[[[16.38143007167846, 57.89089827850489], [16.381430071916046, 57.89089828469917], [16.38143011067437, 57.89089828427756], [16.38311619255917, 57.89087993185035], [16.383116192321292, 57.890879925656094], [16.38308170928774, 57.88998197578303], [16.38139563064966, 57.89000032799648], [16.38143007167846, 57.89089827850489]]]]}}, {"type": "Feature", "properties": {"T": 0, "v": 0, "p": 0, "B": 20}, "geometry": {"type": "MultiPolygon", "coordinates": [[[[16.616569701610757, 57.755161541534555], [16.61660979525306, 57.756059420956674], [16.618289452009442, 57.75603797768232], [16.61824931675416, 57.7551400990008], [16.616569701610757, 57.755161541534555]]]]}}, {"type": "Feature", "properties": {"T": 0, "v": 0, "p": 0, "B": 7}, "geometry": {"type": "MultiPolygon", "coordinates": [[[[16.398291602295338, 57.890713738370366], [16.398291602535828, 57.8907137445646], [16.399977702483117, 57.89069516792159], [16.399942799160275, 57.88979721825055], [16.398256741216315, 57.889815794250474], [16.398291602295338, 57.890713738370366]]]]}}, {"type": "Feature", "properties": {"T": 0, "v": 0, "p": 0, "B": 3}, "geometry": {"type": "MultiPolygon", "coordinates": [[[[16.6959912766646, 57.90774960257072], [16.69767793738401, 57.90772707020622], [16.697677936312022, 57.90772704748145], [16.697635586054655, 57.90682924916765], [16.695948967362543, 57.90685178075202], [16.6959912766646, 57.90774960257072]]]]}}, {"type": "Feature", "properties": {"T": 0, "v": 0, "p": 0, "B": 4}, "geometry": {"type": "MultiPolygon", "coordinates": [[[[16.478184127539052, 57.82333059544915], [16.478184130089005, 57.82333065773997], [16.4798670241449, 57.82331103489123], [16.479867021592046, 57.82331097260045], [16.479830225565827, 57.822413107108986], [16.478147373319846, 57.82243272927918], [16.478184127539052, 57.82333059544915]]]]}}, {"type": "Feature", "properties": {"T": 0, "v": 0, "p": 0, "B": 22}, "geometry": {"type": "MultiPolygon", "coordinates": [[[[16.61060996693589, 57.7723069226414], [16.610649939272097, 57.773204802249964], [16.61233053525936, 57.773183432225444], [16.612290521258952, 57.772285553355125], [16.61060996693589, 57.7723069226414]]]]}}, {"type": "Feature", "properties": {"T": 0, "v": 0, "p": 0, "B": 45}, "geometry": {"type": "MultiPolygon", "coordinates": [[[[16.623328546451372, 57.75597351254256], [16.6233688089424, 57.75687138885169], [16.62504849775029, 57.75684985580398], [16.6250081936446, 57.75595198023854], [16.623328546451372, 57.75597351254256]]]]}}, {"type": "Feature", "properties": {"T": 0, "v": 0, "p": 0, "B": 3}, "geometry": {"type": "MultiPolygon", "coordinates": [[[[16.48622915419941, 57.81425296751051], [16.4862291543788, 57.81425297187054], [16.487911758201747, 57.81423324262267], [16.48791175802215, 57.81423323826264], [16.487874772609832, 57.813335316814054], [16.48619232397145, 57.81335504405098], [16.486192210574465, 57.813355045379836], [16.48622915419941, 57.81425296751051]]]]}}, {"type": "Feature", "properties": {"T": 0, "v": 0, "p": 0, "B": 14}, "geometry": {"type": "MultiPolygon", "coordinates": [[[[16.63464036803945, 57.74594566338598], [16.63464037076804, 57.745945723838986], [16.63464046766554, 57.745945722588566], [16.63631968201316, 57.745924042183795], [16.636279115558903, 57.74502617009036], [16.634599845900837, 57.74504785099686], [16.63464036803945, 57.74594566338598]]]]}}, {"type": "Feature", "properties": {"T": 0, "v": 0, "p": 0, "B": 5}, "geometry": {"type": "MultiPolygon", "coordinates": [[[[16.385182226347204, 57.90073908589909], [16.38518222869197, 57.90073914684127], [16.385182356724467, 57.900739145444966], [16.38686894651362, 57.900720740707584], [16.386868944166004, 57.900720679765456], [16.386834356522506, 57.89982278746396], [16.385147680736594, 57.89984119296034], [16.385182226347204, 57.90073908589909]]]]}}, {"type": "Feature", "properties": {"T": 0, "v": 0, "p": 0, "B": 3}, "geometry": {"type": "MultiPolygon", "coordinates": [[[[16.541823899205866, 57.775857563970334], [16.54350467403935, 57.77583710583532], [16.543504671977264, 57.77583705750597], [16.543466363774854, 57.7749391976165], [16.54178573157732, 57.77495965381654], [16.541785630618413, 57.77495965504471], [16.541823899205866, 57.775857563970334]]]]}}, {"type": "Feature", "properties": {"T": 0, "v": 0, "p": 0, "B": 3}, "geometry": {"type": "MultiPolygon", "coordinates": [[[[16.446905756244107, 57.71498947007732], [16.446941587208926, 57.715887425104256], [16.448619516163173, 57.71586823907612], [16.448583643632066, 57.71497028344164], [16.446905767004758, 57.71498946868399], [16.44690575619344, 57.71498946880753], [16.446905756244107, 57.71498947007732]]]]}}, {"type": "Feature", "properties": {"T": 0, "v": 0, "p": 0, "B": 16}, "geometry": {"type": "MultiPolygon", "coordinates": [[[[16.60412701124898, 57.777779464915305], [16.60416683115131, 57.7786773465958], [16.605847548087358, 57.77865606301279], [16.605807686508616, 57.77775818206766], [16.60412701124898, 57.777779464915305]]]]}}, {"type": "Feature", "properties": {"T": 0, "v": 0, "p": 0, "B": 14}, "geometry": {"type": "MultiPolygon", "coordinates": [[[[16.526068518051122, 57.721247123233645], [16.526068520704406, 57.721247186263106], [16.527746637436337, 57.721226950704406], [16.5277087980858, 57.72032902806864], [16.526030722878254, 57.72034926292883], [16.526068518051122, 57.721247123233645]]]]}}, {"type": "Feature", "properties": {"T": 0, "v": 0, "p": 0, "B": 10}, "geometry": {"type": "MultiPolygon", "coordinates": [[[[16.657456289876492, 57.76721090195836], [16.659136568341495, 57.76718891283545], [16.659095402586882, 57.76629105406688], [16.657415165765652, 57.76631304243025], [16.657456289876492, 57.76721090195836]]]]}}, {"type": "Feature", "properties": {"T": 0, "v": 0, "p": 0, "B": 16}, "geometry": {"type": "MultiPolygon", "coordinates": [[[[16.650080534684257, 57.75293272204804], [16.651760018409632, 57.752910835901815], [16.65176001681386, 57.752910800922876], [16.65171905822434, 57.752012971753715], [16.650039616100553, 57.75203485714409], [16.650080534684257, 57.75293272204804]]]]}}, {"type": "Feature", "properties": {"T": 0, "v": 0, "p": 0, "B": 3}, "geometry": {"type": "MultiPolygon", "coordinates": [[[[16.678189806231376, 57.706744560283965], [16.67818980705659, 57.7067445781193], [16.678189857474603, 57.70674457745091], [16.679867128199454, 57.706722330614255], [16.679867127373416, 57.70672231277894], [16.67982554543147, 57.70582447268943], [16.678148316177584, 57.70584671875836], [16.678148265760825, 57.70584671942673], [16.678189806231376, 57.706744560283965]]]]}}, {"type": "Feature", "properties": {"T": 0, "v": 0, "p": 0, "B": 17}, "geometry": {"type": "MultiPolygon", "coordinates": [[[[16.403665018653076, 57.8987395648245], [16.403665081325965, 57.898739564131866], [16.40535149048497, 57.89872091523389], [16.405316442325002, 57.8978229687687], [16.403630012518466, 57.89784161771362], [16.403665018653076, 57.8987395648245]]]]}}, {"type": "Feature", "properties": {"T": 0, "v": 0, "p": 0, "B": 3}, "geometry": {"type": "MultiPolygon", "coordinates": [[[[16.72077636693044, 57.8966354680291], [16.720776369842664, 57.896635528961625], [16.72077647868716, 57.89663552748674], [16.722462627282802, 57.896612668431516], [16.722462624367726, 57.89661260749904], [16.722419676331274, 57.895714857412024], [16.72073356973046, 57.895737715675935], [16.720733460888678, 57.89573771715076], [16.72077636693044, 57.8966354680291]]]]}}, {"type": "Feature", "properties": {"T": 0, "v": 0, "p": 0, "B": 13}, "geometry": {"type": "MultiPolygon", "coordinates": [[[[16.655776144133384, 57.767232793201615], [16.65577614751028, 57.76723286700175], [16.657456289876492, 57.76721090195836], [16.657415165765652, 57.76631304243025], [16.655735065039973, 57.76633500671493], [16.655776144133384, 57.767232793201615]]]]}}, {"type": "Feature", "properties": {"T": 0, "v": 0, "p": 0, "B": 3}, "geometry": {"type": "MultiPolygon", "coordinates": [[[[16.479372261010344, 57.72898826887743], [16.479372262543325, 57.72898830643253], [16.47937228683996, 57.72898830614869], [16.481050773560778, 57.72896868793048], [16.481050772026055, 57.72896865037542], [16.481014079551034, 57.72807074717051], [16.479335634378845, 57.728090364711434], [16.47933561008281, 57.72809036499524], [16.479372261010344, 57.72898826887743]]]]}}, {"type": "Feature", "properties": {"T": 0, "v": 0, "p": 0, "B": 11}, "geometry": {"type": "MultiPolygon", "coordinates": [[[[16.702060355464074, 57.75044816164304], [16.70206035740762, 57.75044820298935], [16.70373968128259, 57.75042562855921], [16.703739679337126, 57.75042558721296], [16.70369743653906, 57.74952778792751], [16.70201815425441, 57.7495503615781], [16.702060355464074, 57.75044816164304]]]]}}, {"type": "Feature", "properties": {"T": 0, "v": 0, "p": 0, "B": 107}, "geometry": {"type": "MultiPolygon", "coordinates": [[[[16.641235254797788, 57.74316518732408], [16.641235257969942, 57.743165257329565], [16.642914296345122, 57.743143490723185], [16.642873570819766, 57.742245621192616], [16.641194574020012, 57.74226738704741], [16.641235254797788, 57.74316518732408]]]]}}, {"type": "Feature", "properties": {"T": 0, "v": 0, "p": 0, "B": 8}, "geometry": {"type": "MultiPolygon", "coordinates": [[[[16.627091542191412, 57.76490916553528], [16.628771600842047, 57.76488758126196], [16.628731192022947, 57.76398971173252], [16.628731191877527, 57.76398970850124], [16.62705117486341, 57.76401129202899], [16.627091542191412, 57.76490916553528]]]]}}, {"type": "Feature", "properties": {"T": 0, "v": 0, "p": 0, "B": 11}, "geometry": {"type": "MultiPolygon", "coordinates": [[[[16.5277087980858, 57.72032902806864], [16.52938687104496, 57.720308770979464], [16.52934899242117, 57.71941084889889], [16.52767096098374, 57.71943110528883], [16.5277087980858, 57.72032902806864]]]]}}, {"type": "Feature", "properties": {"T": 0, "v": 0, "p": 0, "B": 15}, "geometry": {"type": "MultiPolygon", "coordinates": [[[[16.615571158138415, 57.77044699627073], [16.615611250688477, 57.77134487395395], [16.617291756200146, 57.77132343858762], [16.61725162199142, 57.77042556164492], [16.615571158138415, 57.77044699627073]]]]}}, {"type": "Feature", "properties": {"T": 0, "v": 0, "p": 0, "B": 81}, "geometry": {"type": "MultiPolygon", "coordinates": [[[[16.605568564274034, 57.772370835458844], [16.60556856684266, 57.772370893339556], [16.6072491282937, 57.77234959087445], [16.607209241652978, 57.77145170964613], [16.60552884980299, 57.77147300975444], [16.605528721864253, 57.771473011375306], [16.605568564274034, 57.772370835458844]]]]}}, {"type": "Feature", "properties": {"T": 0, "v": 0, "p": 0, "B": 25}, "geometry": {"type": "MultiPolygon", "coordinates": [[[[16.613970934633098, 57.772264163558795], [16.614010990294076, 57.77316204169011], [16.615691442945437, 57.77314062888293], [16.615651345624087, 57.77224275149135], [16.613970934633098, 57.772264163558795]]]]}}, {"type": "Feature", "properties": {"T": 0, "v": 0, "p": 0, "B": 7}, "geometry": {"type": "MultiPolygon", "coordinates": [[[[16.600117669474965, 57.801188159230854], [16.60011767150084, 57.80118820498578], [16.600117760206757, 57.801188203866296], [16.601799571483536, 57.80116696821445], [16.60179957695276, 57.80116696814536], [16.601799574924758, 57.80116692239046], [16.60175978122418, 57.80026908863319], [16.60007791751469, 57.8002903247396], [16.600117669474965, 57.801188159230854]]]]}}, {"type": "Feature", "properties": {"T": 0, "v": 0, "p": 0, "B": 3}, "geometry": {"type": "MultiPolygon", "coordinates": [[[[16.71298639042261, 57.91021669385967], [16.712986391049665, 57.91021670703224], [16.71298641584385, 57.91021670669787], [16.714673152460037, 57.910193948449255], [16.71467315183237, 57.910193935276695], [16.714630373196865, 57.90929613569849], [16.71294367861277, 57.90931889315912], [16.7129436538192, 57.90931889349347], [16.71298639042261, 57.91021669385967]]]]}}, {"type": "Feature", "properties": {"T": 0, "v": 0, "p": 0, "B": 15}, "geometry": {"type": "MultiPolygon", "coordinates": [[[[16.60240655776124, 57.77690284292628], [16.60244633361986, 57.77780072548687], [16.60412701124898, 57.777779464915305], [16.604087193716232, 57.77688158308927], [16.60240655776124, 57.77690284292628]]]]}}, {"type": "Feature", "properties": {"T": 0, "v": 0, "p": 0, "B": 3}, "geometry": {"type": "MultiPolygon", "coordinates": [[[[16.61500790069963, 57.72014397750554], [16.615007903507394, 57.72014404053233], [16.61500792699133, 57.7201440402328], [16.616685897666226, 57.72012262685292], [16.616645857735445, 57.71922474233549], [16.61496790509089, 57.71924615527579], [16.61500790069963, 57.72014397750554]]]]}}, {"type": "Feature", "properties": {"T": 0, "v": 0, "p": 0, "B": 3}, "geometry": {"type": "MultiPolygon", "coordinates": [[[[16.44694158738667, 57.71588742955855], [16.44697742035352, 57.71678538125855], [16.44865539082585, 57.71676619456814], [16.44861951634112, 57.71586824353041], [16.448619516163173, 57.71586823907612], [16.446941587208926, 57.715887425104256], [16.44694158738667, 57.71588742955855]]]]}}, {"type": "Feature", "properties": {"T": 0, "v": 0, "p": 0, "B": 5}, "geometry": {"type": "MultiPolygon", "coordinates": [[[[16.587713849685954, 57.78696995678949], [16.587713904198615, 57.78696995610672], [16.589394965424585, 57.78694888943283], [16.589355499494644, 57.78605100247558], [16.58767447996798, 57.78607206842149], [16.587674425456672, 57.786072069104236], [16.587713849685954, 57.78696995678949]]]]}}, {"type": "Feature", "properties": {"T": 0, "v": 0, "p": 0, "B": 4}, "geometry": {"type": "MultiPolygon", "coordinates": [[[[16.514229392560225, 57.79954784899944], [16.514229394877507, 57.79954790430937], [16.515911153972816, 57.79952780852601], [16.515911151652965, 57.799527753216125], [16.515873493964445, 57.798629892131785], [16.514191814460492, 57.798649986768545], [16.514191776610392, 57.798649987220564], [16.514229392560225, 57.79954784899944]]]]}}, {"type": "Feature", "properties": {"T": 0, "v": 0, "p": 0, "B": 3}, "geometry": {"type": "MultiPolygon", "coordinates": [[[[16.705165457966583, 57.74501592823855], [16.70516546081275, 57.74501598868941], [16.705165485493875, 57.745015988357146], [16.70684453015862, 57.744993374443844], [16.70684452730965, 57.74499331399306], [16.70680221732974, 57.74409553448628], [16.705123214239478, 57.744118147618735], [16.705123189558968, 57.74411814795098], [16.705165457966583, 57.74501592823855]]]]}}, {"type": "Feature", "properties": {"T": 0, "v": 0, "p": 0, "B": 10}, "geometry": {"type": "MultiPolygon", "coordinates": [[[[16.403490005377325, 57.894249738080454], [16.403525003153565, 57.89514768575645], [16.405211306894863, 57.895129038748536], [16.40517626710329, 57.8942310917181], [16.403490005377325, 57.894249738080454]]]]}}, {"type": "Feature", "properties": {"T": 0, "v": 0, "p": 0, "B": 21}, "geometry": {"type": "MultiPolygon", "coordinates": [[[[16.615771644746154, 57.77493638322868], [16.615771762371722, 57.774936381729034], [16.617452316917216, 57.77491494489998], [16.617452314756434, 57.774914896572334], [16.617412173155227, 57.77401706854066], [16.615731542652725, 57.7740385061287], [16.615771644746154, 57.77493638322868]]]]}}, {"type": "Feature", "properties": {"T": 0, "v": 0, "p": 0, "B": 3}, "geometry": {"type": "MultiPolygon", "coordinates": [[[[16.63597904846092, 57.775575535347784], [16.637659733469658, 57.77555382896512], [16.63761908730934, 57.774655961699324], [16.635938443969255, 57.77467766733208], [16.63597904846092, 57.775575535347784]]]]}}, {"type": "Feature", "properties": {"T": 0, "v": 0, "p": 0, "B": 3}, "geometry": {"type": "MultiPolygon", "coordinates": [[[[16.463974982782176, 57.7219802930652], [16.463975022539916, 57.721980292605565], [16.465653180980404, 57.72196088007186], [16.46561687819508, 57.72106293210148], [16.463938761284716, 57.72108234396508], [16.463938721527956, 57.721082344424694], [16.463974982782176, 57.7219802930652]]]]}}, {"type": "Feature", "properties": {"T": 0, "v": 0, "p": 0, "B": 28}, "geometry": {"type": "MultiPolygon", "coordinates": [[[[16.595921542013052, 57.782374972031164], [16.597602437507213, 57.78235379690851], [16.597562774875236, 57.78145591287583], [16.595881921068372, 57.78147708726684], [16.595921542013052, 57.782374972031164]]]]}}, {"type": "Feature", "properties": {"T": 0, "v": 0, "p": 0, "B": 38}, "geometry": {"type": "MultiPolygon", "coordinates": [[[[16.65651104980511, 57.74656000591842], [16.656511170506366, 57.74656000434001], [16.658190371084803, 57.74653803425602], [16.658149261603636, 57.745640172111564], [16.656469981910863, 57.74566214301526], [16.65651104980511, 57.74656000591842]]]]}}, {"type": "Feature", "properties": {"T": 0, "v": 0, "p": 0, "B": 3}, "geometry": {"type": "MultiPolygon", "coordinates": [[[[16.49460458218244, 57.81325617677798], [16.49460458249459, 57.813256184322384], [16.494604641032954, 57.813256183632525], [16.49628699475633, 57.8132363458325], [16.496286994443828, 57.81323633828812], [16.49624980245855, 57.812338423302464], [16.494567490514452, 57.81235826041663], [16.494567431977543, 57.81235826110648], [16.49460458218244, 57.81325617677798]]]]}}, {"type": "Feature", "properties": {"T": 0, "v": 0, "p": 0, "B": 29}, "geometry": {"type": "MultiPolygon", "coordinates": [[[[16.408759701247313, 57.89958149238417], [16.410446208821703, 57.89956277498776], [16.41044620630954, 57.899562710861794], [16.41041103248324, 57.89866483060581], [16.408724566936193, 57.89868354735417], [16.408759701247313, 57.89958149238417]]]]}}, {"type": "Feature", "properties": {"T": 0, "v": 0, "p": 0, "B": 58}, "geometry": {"type": "MultiPolygon", "coordinates": [[[[16.65135052309556, 57.743932121001365], [16.651350526142174, 57.743932187822274], [16.653029729985665, 57.74391028518004], [16.652988752568895, 57.743012420321904], [16.65130959030552, 57.74303432220784], [16.65135052309556, 57.743932121001365]]]]}}, {"type": "Feature", "properties": {"T": 0, "v": 0, "p": 0, "B": 20}, "geometry": {"type": "MultiPolygon", "coordinates": [[[[16.60633233163916, 57.751698196009066], [16.606372166115197, 57.75259608044122], [16.60805167070045, 57.75257477365794], [16.608011794620147, 57.75167688996161], [16.60633233163916, 57.751698196009066]]]]}}, {"type": "Feature", "properties": {"T": 0, "v": 0, "p": 0, "B": 20}, "geometry": {"type": "MultiPolygon", "coordinates": [[[[16.626849374238688, 57.7595219223066], [16.628529183107307, 57.7595003425061], [16.62848878856235, 57.758602468868744], [16.626809034504102, 57.75862404775458], [16.626809021315417, 57.758624047923924], [16.626849374238688, 57.7595219223066]]]]}}, {"type": "Feature", "properties": {"T": 0, "v": 0, "p": 0, "B": 11}, "geometry": {"type": "MultiPolygon", "coordinates": [[[[16.41055174830055, 57.90225655271262], [16.410551750438838, 57.90225660728516], [16.410551852569764, 57.90225660615098], [16.41223852109031, 57.90223786400971], [16.412238518949465, 57.90223780943721], [16.412203296412645, 57.90133992070096], [16.410516567799327, 57.90135866332743], [16.41055174830055, 57.90225655271262]]]]}}, {"type": "Feature", "properties": {"T": 0, "v": 0, "p": 0, "B": 3}, "geometry": {"type": "MultiPolygon", "coordinates": [[[[16.636766071105317, 57.75580060012941], [16.636766072254893, 57.755800625556], [16.63844570020298, 57.75577891519401], [16.63840506559365, 57.754881045459626], [16.636725479256164, 57.754902755071825], [16.636766071105317, 57.75580060012941]]]]}}, {"type": "Feature", "properties": {"T": 0, "v": 0, "p": 0, "B": 6}, "geometry": {"type": "MultiPolygon", "coordinates": [[[[16.460555697378112, 57.80377092373715], [16.46055569909881, 57.8037709663106], [16.460555699602846, 57.8037709663048], [16.462237695656242, 57.80375158140598], [16.46223769393356, 57.803751538832564], [16.462201362839977, 57.80285364373669], [16.460519408543593, 57.8028730279654], [16.460519408039566, 57.802873027971216], [16.460555697378112, 57.80377092373715]]]]}}, {"type": "Feature", "properties": {"T": 0, "v": 0, "p": 0, "B": 22}, "geometry": {"type": "MultiPolygon", "coordinates": [[[[16.401908618600444, 57.89696229637683], [16.40359500847366, 57.89694367046145], [16.403560006518475, 57.896045723068], [16.40187365866578, 57.89606434833852], [16.401908618600444, 57.89696229637683]]]]}}, {"type": "Feature", "properties": {"T": 0, "v": 0, "p": 0, "B": 6}, "geometry": {"type": "MultiPolygon", "coordinates": [[[[16.687305097861923, 57.90247493402297], [16.68730509982266, 57.90247497585217], [16.688991521015552, 57.90245256007558], [16.6889493949246, 57.901554734260344], [16.687263015745014, 57.90157714926089], [16.687305097861923, 57.90247493402297]]]]}}, {"type": "Feature", "properties": {"T": 0, "v": 0, "p": 0, "B": 3}, "geometry": {"type": "MultiPolygon", "coordinates": [[[[16.687178855126263, 57.899781495636645], [16.688865150286738, 57.899759082188105], [16.688865147876278, 57.89975903080676], [16.68882303173941, 57.8988612559311], [16.687136829271232, 57.89888366793035], [16.68713677858474, 57.89888366860371], [16.687178855126263, 57.899781495636645]]]]}}, {"type": "Feature", "properties": {"T": 0, "v": 0, "p": 0, "B": 5}, "geometry": {"type": "MultiPolygon", "coordinates": [[[[16.5157228733659, 57.79503815388654], [16.51572287635267, 57.795038225118326], [16.517404424525, 57.79501811051426], [16.517404421534923, 57.795018039282525], [16.517366733997903, 57.79412019409693], [16.515685309897183, 57.7941403070214], [16.51568522755423, 57.79414030800581], [16.5157228733659, 57.79503815388654]]]]}}, {"type": "Feature", "properties": {"T": 0, "v": 0, "p": 0, "B": 30}, "geometry": {"type": "MultiPolygon", "coordinates": [[[[16.613410401531546, 57.759693764644], [16.613410474654543, 57.759693763712875], [16.61509022953299, 57.75967236292924], [16.615050167977323, 57.75877448335049], [16.613370381599143, 57.75879588432607], [16.613410401531546, 57.759693764644]]]]}}, {"type": "Feature", "properties": {"T": 0, "v": 0, "p": 0, "B": 36}, "geometry": {"type": "MultiPolygon", "coordinates": [[[[16.613890830460743, 57.77046840685877], [16.615571158138415, 57.77044699627073], [16.615531067973702, 57.76954911844174], [16.61385078194898, 57.76957052829016], [16.613890830460743, 57.77046840685877]]]]}}, {"type": "Feature", "properties": {"T": 0, "v": 0, "p": 0, "B": 3}, "geometry": {"type": "MultiPolygon", "coordinates": [[[[16.541171905267266, 57.721064260916656], [16.54285000167281, 57.72104382528703], [16.54281178860089, 57.72014590897241], [16.541133740557104, 57.720166343813425], [16.541133733718056, 57.720166343896665], [16.541171905267266, 57.721064260916656]]]]}}, {"type": "Feature", "properties": {"T": 0, "v": 0, "p": 0, "B": 10}, "geometry": {"type": "MultiPolygon", "coordinates": [[[[16.618289452009442, 57.75603797768232], [16.618329589651864, 57.75693585621798], [16.620009285636474, 57.756914389945194], [16.619969106378793, 57.75601651215092], [16.618289452009442, 57.75603797768232]]]]}}, {"type": "Feature", "properties": {"T": 0, "v": 0, "p": 0, "B": 18}, "geometry": {"type": "MultiPolygon", "coordinates": [[[[16.393233151181697, 57.890769341747124], [16.394919257364055, 57.89075083224196], [16.39488448005518, 57.889852880643915], [16.39319841587666, 57.88987138950832], [16.393233151181697, 57.890769341747124]]]]}}, {"type": "Feature", "properties": {"T": 0, "v": 0, "p": 0, "B": 11}, "geometry": {"type": "MultiPolygon", "coordinates": [[[[16.6581081545667, 57.744742309820296], [16.659787251771387, 57.744720319239626], [16.659787248855043, 57.74472025560318], [16.65974610560014, 57.74382245756092], [16.658067049973805, 57.74384444738227], [16.6581081545667, 57.744742309820296]]]]}}, {"type": "Feature", "properties": {"T": 0, "v": 0, "p": 0, "B": 34}, "geometry": {"type": "MultiPolygon", "coordinates": [[[[16.65286583493513, 57.7403188248674], [16.652906805043827, 57.741216690165565], [16.65458574327206, 57.741194769353555], [16.65454473159428, 57.74029690481225], [16.65286583493513, 57.7403188248674]]]]}}, {"type": "Feature", "properties": {"T": 0, "v": 0, "p": 0, "B": 3}, "geometry": {"type": "MultiPolygon", "coordinates": [[[[16.70700041491626, 57.71264825488999], [16.707000528362144, 57.71264825336035], [16.708678122418373, 57.71262562242894], [16.70863581710604, 57.71172777997809], [16.708635817046215, 57.71172777870844], [16.706958264476555, 57.71175040885885], [16.706958151033472, 57.71175041038844], [16.70700041491626, 57.71264825488999]]]]}}, {"type": "Feature", "properties": {"T": 0, "v": 0, "p": 0, "B": 14}, "geometry": {"type": "MultiPolygon", "coordinates": [[[[16.61664989128003, 57.75695730023295], [16.616689989691867, 57.75785517936339], [16.618369729681625, 57.75783373460774], [16.618329589651864, 57.75693585621798], [16.61664989128003, 57.75695730023295]]]]}}, {"type": "Feature", "properties": {"T": 0, "v": 0, "p": 0, "B": 8}, "geometry": {"type": "MultiPolygon", "coordinates": [[[[16.66925904823724, 57.76795430118173], [16.669259051494834, 57.76795437179721], [16.66925906785872, 57.76795437158165], [16.67093921586056, 57.76793222786118], [16.67089775615601, 57.767034374577804], [16.66921763343167, 57.76705651774892], [16.66925904823724, 57.76795430118173]]]]}}, {"type": "Feature", "properties": {"T": 0, "v": 0, "p": 0, "B": 24}, "geometry": {"type": "MultiPolygon", "coordinates": [[[[16.64103185851335, 57.738675818528215], [16.64107253261518, 57.73957368555344], [16.642751404699315, 57.73955192195324], [16.642710688857868, 57.73865405183686], [16.641031858339282, 57.738675814685635], [16.64103185851335, 57.738675818528215]]]]}}, {"type": "Feature", "properties": {"T": 0, "v": 0, "p": 0, "B": 20}, "geometry": {"type": "MultiPolygon", "coordinates": [[[[16.5924409997055, 57.779723598065175], [16.594121774857893, 57.77970246969517], [16.594082202670073, 57.77880458376393], [16.59240151853519, 57.77882571078407], [16.592401469197927, 57.77882571140392], [16.5924409997055, 57.779723598065175]]]]}}, {"type": "Feature", "properties": {"T": 0, "v": 0, "p": 0, "B": 42}, "geometry": {"type": "MultiPolygon", "coordinates": [[[[16.60232701100396, 57.775107029040576], [16.602327013144553, 57.77510707736858], [16.60400756575872, 57.77508581900054], [16.60396775533356, 57.77418793673785], [16.602287283392197, 57.7742091938783], [16.602287244386094, 57.77420919437145], [16.60232701100396, 57.775107029040576]]]]}}, {"type": "Feature", "properties": {"T": 0, "v": 0, "p": 0, "B": 7}, "geometry": {"type": "MultiPolygon", "coordinates": [[[[16.401733836307315, 57.89247246517058], [16.40176878788822, 57.893370413599186], [16.40345500969019, 57.89335179026314], [16.403420016091992, 57.89245384230455], [16.40173385434128, 57.8924724647967], [16.401733836300515, 57.89247246499584], [16.401733836307315, 57.89247246517058]]]]}}, {"type": "Feature", "properties": {"T": 0, "v": 0, "p": 0, "B": 3}, "geometry": {"type": "MultiPolygon", "coordinates": [[[[16.577822733861048, 57.79158535441622], [16.577822798710642, 57.79158535360909], [16.57950407218907, 57.791564417153324], [16.57946484479914, 57.79066652656455], [16.577783548185337, 57.790687463103886], [16.577822733861048, 57.79158535441622]]]]}}, {"type": "Feature", "properties": {"T": 0, "v": 0, "p": 0, "B": 9}, "geometry": {"type": "MultiPolygon", "coordinates": [[[[16.688907271348395, 57.90065690829784], [16.69059374505885, 57.9006344698429], [16.69059374279538, 57.90063442164568], [16.690551581985634, 57.899736644509964], [16.688865245598674, 57.899759080920624], [16.688865150286738, 57.899759082188105], [16.688907271348395, 57.90065690829784]]]]}}, {"type": "Feature", "properties": {"T": 0, "v": 0, "p": 0, "B": 3}, "geometry": {"type": "MultiPolygon", "coordinates": [[[[16.605369362381392, 57.76788140826048], [16.605369365655594, 57.76788148206245], [16.607049718819816, 57.76786018327662], [16.607009844042977, 57.766962301320206], [16.605329660451577, 57.76698359774969], [16.605329532528696, 57.76698359937027], [16.605369362381392, 57.76788140826048]]]]}}, {"type": "Feature", "properties": {"T": 0, "v": 0, "p": 0, "B": 53}, "geometry": {"type": "MultiPolygon", "coordinates": [[[[16.601412926064285, 57.75445564184835], [16.60145264280841, 57.7553535280469], [16.603132279322697, 57.75533228582817], [16.6030925209663, 57.75443440036327], [16.601412926064285, 57.75445564184835]]]]}}, {"type": "Feature", "properties": {"T": 0, "v": 0, "p": 0, "B": 15}, "geometry": {"type": "MultiPolygon", "coordinates": [[[[16.60400756575872, 57.77508581900054], [16.604047378552877, 57.77598370111767], [16.605727970467132, 57.77596241974062], [16.605688116003993, 57.77506453835872], [16.60400756575872, 57.77508581900054]]]]}}, {"type": "Feature", "properties": {"T": 0, "v": 0, "p": 0, "B": 4}, "geometry": {"type": "MultiPolygon", "coordinates": [[[[16.698827937095803, 57.753186783180965], [16.698827938587648, 57.75318681497499], [16.69882806247911, 57.75318681331362], [16.700507530755164, 57.753164280853255], [16.70050752926185, 57.75316424905929], [16.70046536167027, 57.75226643910642], [16.69878581110432, 57.75228897244996], [16.698827937095803, 57.753186783180965]]]]}}, {"type": "Feature", "properties": {"T": 0, "v": 0, "p": 0, "B": 19}, "geometry": {"type": "MultiPolygon", "coordinates": [[[[16.607448597101694, 57.776838994831635], [16.607488497985543, 57.77773687518622], [16.609169168498596, 57.77771554778475], [16.609129225941206, 57.77681766816705], [16.607448597101694, 57.776838994831635]]]]}}, {"type": "Feature", "properties": {"T": 0, "v": 0, "p": 0, "B": 5}, "geometry": {"type": "MultiPolygon", "coordinates": [[[[16.599203923073514, 57.78053680353722], [16.599203924365614, 57.780536832759736], [16.600884870365206, 57.78051561279251], [16.600845129086423, 57.77961772993461], [16.60084512362045, 57.779617730003636], [16.59916431342533, 57.779638948050085], [16.59916422477222, 57.779638949168636], [16.599203923073514, 57.78053680353722]]]]}}, {"type": "Feature", "properties": {"T": 0, "v": 0, "p": 0, "B": 23}, "geometry": {"type": "MultiPolygon", "coordinates": [[[[16.652333717310338, 57.76548092817902], [16.652374714201716, 57.76637879331191], [16.652374717716963, 57.76637887029636], [16.654054961870475, 57.76635694873478], [16.654054958351658, 57.76635687175038], [16.654013919818226, 57.76545900737473], [16.654013919379477, 57.76545899777514], [16.65233384279756, 57.765480916937356], [16.65233371687203, 57.76548091857944], [16.652333717310338, 57.76548092817902]]]]}}, {"type": "Feature", "properties": {"T": 0, "v": 0, "p": 0, "B": 4}, "geometry": {"type": "MultiPolygon", "coordinates": [[[[16.70646380101538, 57.73691271973557], [16.70646387011411, 57.736912718804554], [16.708142493756274, 57.7368900902782], [16.708100162008094, 57.735992249770895], [16.7064215799169, 57.736014877516], [16.70642151081988, 57.73601487844699], [16.70646380101538, 57.73691271973557]]]]}}, {"type": "Feature", "properties": {"T": 0, "v": 0, "p": 0, "B": 14}, "geometry": {"type": "MultiPolygon", "coordinates": [[[[16.406897747597874, 57.89511036781794], [16.406932835010156, 57.89600840383732], [16.408619176587095, 57.895989711415865], [16.408584047153113, 57.895091676043734], [16.406897747597874, 57.89511036781794]]]]}}, {"type": "Feature", "properties": {"T": 0, "v": 0, "p": 0, "B": 29}, "geometry": {"type": "MultiPolygon", "coordinates": [[[[16.628650381159556, 57.76219396254151], [16.628690785316763, 57.76309183559442], [16.63037075829338, 57.763070230549395], [16.6303303125048, 57.762172358242715], [16.628650381159556, 57.76219396254151]]]]}}, {"type": "Feature", "properties": {"T": 0, "v": 0, "p": 0, "B": 24}, "geometry": {"type": "MultiPolygon", "coordinates": [[[[16.53106508012794, 57.72028848998822], [16.53110300253012, 57.72118641122463], [16.532781112508772, 57.72116610897507], [16.532743148582764, 57.72026818843944], [16.53106508012794, 57.72028848998822]]]]}}, {"type": "Feature", "properties": {"T": 0, "v": 0, "p": 0, "B": 10}, "geometry": {"type": "MultiPolygon", "coordinates": [[[[16.752385228966777, 57.818041791565015], [16.75238530139528, 57.8180417905642], [16.754067649238362, 57.81801853315603], [16.754067645903955, 57.81801846450569], [16.754024043233176, 57.81712072597998], [16.75234173716095, 57.817143982584156], [16.752341664734246, 57.81714398358491], [16.752385228966777, 57.818041791565015]]]]}}, {"type": "Feature", "properties": {"T": 0, "v": 0, "p": 0, "B": 28}, "geometry": {"type": "MultiPolygon", "coordinates": [[[[16.398256741216315, 57.889815794250474], [16.399942799160275, 57.88979721825055], [16.399907897920666, 57.8888992684383], [16.398221881977527, 57.888917843795156], [16.398256741216315, 57.889815794250474]]]]}}, {"type": "Feature", "properties": {"T": 0, "v": 0, "p": 0, "B": 20}, "geometry": {"type": "MultiPolygon", "coordinates": [[[[16.642090179860553, 57.76202049629688], [16.642090180002885, 57.76202049943401], [16.643770092032504, 57.76199871703583], [16.643729315615417, 57.76110085058062], [16.642049445213104, 57.76112263222644], [16.642090179860553, 57.76202049629688]]]]}}, {"type": "Feature", "properties": {"T": 0, "v": 0, "p": 0, "B": 3}, "geometry": {"type": "MultiPolygon", "coordinates": [[[[16.56080064030654, 57.825934442878484], [16.56080077043339, 57.82593444127731], [16.562483730004878, 57.825913721892405], [16.56248372786048, 57.825913672341194], [16.562444873651888, 57.82501582888134], [16.56076195589135, 57.82503654754981], [16.56076182576773, 57.82503654915092], [16.56080064030654, 57.825934442878484]]]]}}, {"type": "Feature", "properties": {"T": 0, "v": 0, "p": 0, "B": 49}, "geometry": {"type": "MultiPolygon", "coordinates": [[[[16.64385165229049, 57.76379445273823], [16.64389243583826, 57.76469231552289], [16.643892478005142, 57.76469231497584], [16.645572470338532, 57.76467050860364], [16.64553164500947, 57.76377264334097], [16.64385169430956, 57.76379444895995], [16.643851652143724, 57.763794449506975], [16.64385165229049, 57.76379445273823]]]]}}, {"type": "Feature", "properties": {"T": 0, "v": 0, "p": 0, "B": 7}, "geometry": {"type": "MultiPolygon", "coordinates": [[[[16.636019655368834, 57.77647340321725], [16.63606026469319, 57.77737127094046], [16.637741033046662, 57.777349563057854], [16.6377003820487, 57.77645169608463], [16.636019655368834, 57.77647340321725]]]]}}, {"type": "Feature", "properties": {"T": 0, "v": 0, "p": 0, "B": 3}, "geometry": {"type": "MultiPolygon", "coordinates": [[[[16.668455980120626, 57.71406050892205], [16.66849729480103, 57.7149583740655], [16.66849729843379, 57.71495845301154], [16.670175007720676, 57.71493633192051], [16.67013364755633, 57.71403838095652], [16.668456040504765, 57.714060500483605], [16.668455979769178, 57.714060501284024], [16.668455980120626, 57.71406050892205]]]]}}, {"type": "Feature", "properties": {"T": 0, "v": 0, "p": 0, "B": 4}, "geometry": {"type": "MultiPolygon", "coordinates": [[[[16.417729024724917, 57.78449320108172], [16.417729025620922, 57.78449322393765], [16.41941015728297, 57.78447441093138], [16.419410156385908, 57.784474388075495], [16.419374914666296, 57.78357645362198], [16.417693824711062, 57.78359526597814], [16.417729024724917, 57.78449320108172]]]]}}, {"type": "Feature", "properties": {"T": 0, "v": 0, "p": 0, "B": 11}, "geometry": {"type": "MultiPolygon", "coordinates": [[[[16.608011794620147, 57.75167688996161], [16.60969125522991, 57.75165556166055], [16.609651339919328, 57.750757678555104], [16.607971999175327, 57.750779005126226], [16.60797192091117, 57.750779006119615], [16.608011794620147, 57.75167688996161]]]]}}, {"type": "Feature", "properties": {"T": 0, "v": 0, "p": 0, "B": 3}, "geometry": {"type": "MultiPolygon", "coordinates": [[[[16.677311751305037, 57.90530246471667], [16.67731175280922, 57.90530249699389], [16.677311813866815, 57.90530249618756], [16.67899831509771, 57.905280213193485], [16.678998313592018, 57.9052801809163], [16.678956433596262, 57.9043823831745], [16.677269913329848, 57.904404666203355], [16.677311751305037, 57.90530246471667]]]]}}, {"type": "Feature", "properties": {"T": 0, "v": 0, "p": 0, "B": 109}, "geometry": {"type": "MultiPolygon", "coordinates": [[[[16.620210217492993, 57.76140377040624], [16.62021021777596, 57.76140377672762], [16.621890258008882, 57.76138228271256], [16.62185002516933, 57.76048440639031], [16.62017002656726, 57.76050589966299], [16.620210217492993, 57.76140377040624]]]]}}]}